historical_symbol,vendor_symbol,start_date,end_date,reason
A,A,2000-06-05,2025-05-17,standard
AABA,AABA,1999-12-08,2017-06-18,standard
AAL,AAL,1996-01-02,1997-01-14,identity_ambiguous_multi_tenure
AAL,AAL,2015-03-23,2024-09-21,identity_ambiguous_multi_tenure
AAMRQ,AAMRQ,1996-01-02,2003-03-13,legacy_suffix_needs_verification
AAP,AAP,2015-07-09,2023-08-28,standard
AAPL,AAPL,1996-01-02,2025-05-17,standard
ABBV,ABBV,2013-01-02,2025-05-17,standard
ABC,ABC,2001-08-30,2023-08-30,identity_ambiguous_multi_tenure
ABC,ABC,2023-09-01,2023-09-01,identity_ambiguous_multi_tenure
ABI,ABI,1996-01-02,2008-11-23,standard
ABKFQ,ABKFQ,2000-12-11,2008-06-10,legacy_suffix_needs_verification
ABMD,ABMD,2018-05-31,2022-12-21,standard
ABNB,ABNB,2023-09-18,2025-05-17,standard
ABS,ABS,1996-01-02,2006-06-01,standard
ABT,ABT,1996-01-02,2025-05-17,standard
ABX,ABX,1996-01-02,2002-07-21,standard
ACAS,ACAS,2007-07-09,2009-03-03,standard
ACGL,ACGL,2022-11-01,2025-05-17,standard
ACKH,ACKH,1996-01-02,2000-11-16,standard
ACN,ACN,2011-07-06,2025-05-17,standard
ACS,ACS,2004-04-02,2010-02-07,standard
ACV,ACV,1996-01-02,2006-11-16,standard
ADBE,ADBE,1997-05-06,2025-05-17,standard
ADCT,ADCT,1999-08-02,2007-07-01,standard
ADI,ADI,1999-10-12,2025-05-17,standard
ADM,ADM,1996-01-02,2025-05-17,standard
ADP,ADP,1996-01-02,2025-05-17,standard
ADS,ADS,2013-12-23,2020-06-21,standard
ADSK,ADSK,1996-01-02,2025-05-17,standard
ADT,ADT,2012-10-02,2016-05-01,standard
AEE,AEE,1996-01-02,2025-05-17,standard
AEP,AEP,1996-01-02,2025-05-17,standard
AES,AES,1998-10-02,2025-05-17,standard
AET,AET,1996-01-02,2018-11-28,standard
AFL,AFL,1999-05-28,2025-05-17,standard
AFS-A,AFS-A,1998-04-08,2000-11-30,standard
AGC,AGC,1996-01-02,2001-08-28,standard
AGN,AGN,1996-01-02,2020-05-11,standard
AHM,AHM,1996-01-02,1998-09-30,standard
AIG,AIG,1996-01-02,2025-05-17,standard
AIT,AIT,1996-01-02,1999-10-10,standard
AIV,AIV,2003-03-14,2020-12-20,standard
AIZ,AIZ,2007-04-10,2025-05-17,standard
AJG,AJG,2016-05-31,2025-05-17,standard
AKAM,AKAM,2007-07-12,2025-05-17,standard
AKS,AKS,2008-07-01,2011-12-18,standard
AL,AL,1996-01-02,2002-07-21,standard
ALB,ALB,2016-07-01,2025-05-17,standard
ALGN,ALGN,2017-06-19,2025-05-17,standard
ALK,ALK,2016-05-13,2023-12-16,standard
ALL,ALL,1996-01-02,2025-05-17,standard
ALLE,ALLE,2013-12-02,2025-05-17,standard
ALTR,ALTR,2000-04-18,2015-12-27,standard
ALXN,ALXN,2012-05-25,2021-07-20,standard
AM,AM,1996-01-02,2004-05-02,standard
AMAT,AMAT,1996-01-02,2025-05-17,standard
AMCC,AMCC,2001-01-02,2006-05-17,standard
AMCR,AMCR,2019-06-07,2025-05-17,standard
AMD,AMD,1996-01-02,2013-09-22,identity_ambiguous_multi_tenure
AMD,AMD,2017-03-20,2025-05-17,identity_ambiguous_multi_tenure
AME,AME,2013-09-23,2025-05-17,standard
AMG,AMG,2014-07-01,2019-12-22,standard
AMGN,AMGN,1996-01-02,2025-05-17,standard
AMH,AMH,1996-01-02,1997-09-14,standard
AMP,AMP,1996-01-02,1999-04-04,identity_ambiguous_multi_tenure
AMP,AMP,2005-10-03,2025-05-17,identity_ambiguous_multi_tenure
AMT,AMT,2007-11-19,2025-05-17,standard
AMTM,AMTM,2024-10-01,2024-12-25,standard
AMZN,AMZN,2005-11-21,2025-05-17,standard
AN,AN,1996-01-02,1999-01-03,identity_ambiguous_multi_tenure
AN,AN,2003-02-24,2017-08-07,identity_ambiguous_multi_tenure
ANDV,ANDV,2007-09-27,2018-09-30,standard
ANDW,ANDW,1996-01-02,2006-10-01,standard
ANET,ANET,2018-08-28,2025-05-17,standard
ANF,ANF,2007-03-29,2013-12-22,standard
ANRZQ,ANRZQ,2011-06-02,2012-10-01,legacy_suffix_needs_verification
ANSS,ANSS,2017-06-19,2025-05-17,standard
ANTM,ANTM,2002-07-25,2022-06-27,standard
ANV,ANV,1996-01-02,1999-04-11,standard
AON,AON,1996-04-23,2025-05-17,standard
AOS,AOS,2017-07-26,2025-05-17,standard
APA,APA,1997-07-28,2025-05-17,standard
APC,APC,1997-07-28,2019-08-08,standard
APCC,APCC,2000-06-01,2007-02-14,standard
APD,APD,1996-01-02,2025-05-17,standard
APH,APH,2008-09-30,2025-05-17,standard
APO,APO,2024-12-26,2025-05-17,standard
APOL,APOL,2002-05-15,2013-06-30,standard
APTV,APTV,2012-12-24,2025-05-17,standard
AR,AR,1996-01-02,1999-10-26,standard
ARC,ARC,1996-01-02,2000-04-17,standard
ARE,ARE,2017-03-20,2025-05-17,standard
ARG,ARG,2009-09-09,2016-05-22,standard
ARNC,ARNC,1996-01-02,2020-04-05,standard
AS,AS,1996-01-02,1998-11-23,standard
ASC,ASC,1996-01-02,1999-06-23,standard
ASH,ASH,1996-01-02,2008-11-13,standard
ASN,ASN,2004-12-20,2007-10-07,standard
ASND,ASND,1998-06-12,1999-06-24,standard
ASO,ASO,1999-03-10,2006-11-05,standard
AT,AT,1996-01-02,2007-11-18,standard
ATGE,ATGE,2009-06-09,2012-09-30,standard
ATI,ATI,1996-01-02,2015-07-01,standard
ATO,ATO,2019-02-15,2025-05-17,standard
ATVI,ATVI,2015-08-31,2023-10-13,standard
AV,AV,2000-10-02,2007-10-25,standard
AVB,AVB,2007-01-10,2025-05-17,standard
AVGO,AVGO,2014-05-08,2025-05-17,standard
AVP,AVP,1996-01-02,2015-03-22,standard
AVY,AVY,1996-01-02,2025-05-17,standard
AW,AW,1999-08-02,2008-12-04,standard
AWE,AWE,2001-07-09,2004-10-26,standard
AWK,AWK,2016-03-04,2025-05-17,standard
AXON,AXON,2023-05-07,2025-05-17,standard
AXP,AXP,1996-01-02,2025-05-17,standard
AYE,AYE,2000-12-11,2011-02-27,standard
AYI,AYI,2016-05-03,2018-06-17,standard
AZA-A,AZA-A,1996-01-02,2001-06-24,standard
AZO,AZO,1997-01-02,2025-05-17,standard
BA,BA,1996-01-02,2025-05-17,standard
BAC,BAC,1996-01-02,2025-05-17,standard
BALL,BALL,2022-05-10,2025-05-17,standard
BAX,BAX,1996-01-02,2025-05-17,standard
BAY,BAY,1996-02-12,1998-08-30,standard
BBBY,BBBY,1999-10-01,2017-07-25,standard
BBI,BBI,1996-01-02,1998-01-11,standard
BBT,BBT,1997-12-04,2019-12-08,standard
BBWI,BBWI,2021-08-03,2024-09-30,standard
BBY,BBY,1999-06-30,2025-05-17,standard
BC,BC,1996-01-02,2008-06-22,standard
BCO,BCO,1996-01-02,1996-01-21,standard
BCR,BCR,1996-01-02,2017-12-28,standard
BDK,BDK,1996-01-02,2010-03-14,standard
BDX,BDX,1996-01-02,2025-05-17,standard
BEAM,BEAM,1996-01-02,2014-04-30,standard
BEN,BEN,1998-04-29,2025-05-17,standard
BEV,BEV,1996-01-02,1997-12-03,standard
BF-B,BF-B,1996-01-02,2025-05-17,standard
BFI,BFI,1996-01-02,1999-08-01,standard
BFO,BFO,1996-01-02,2000-10-02,standard
BG,BG,2023-03-15,2025-05-17,standard
BGEN,BGEN,2000-01-31,2003-11-12,standard
BGG,BGG,1996-01-02,2001-04-02,standard
BHF,BHF,2017-08-07,2019-04-01,standard
BHGE,BHGE,1996-01-02,2019-10-17,standard
BHMSQ,BHMSQ,1996-01-02,2000-12-10,legacy_suffix_needs_verification
BIG,BIG,1998-01-20,2013-02-13,standard
BIIB,BIIB,2003-11-13,2025-05-17,standard
BIO,BIO,2020-06-22,2024-09-21,standard
BJS,BJS,2002-05-15,2010-04-28,standard
BK,BK,1996-01-02,2025-05-17,standard
BKB,BKB,1996-01-02,1999-09-30,standard
BKNG,BKNG,2009-11-06,2025-05-17,standard
BKR,BKR,2019-10-18,2025-05-17,standard
BLDR,BLDR,2023-12-17,2025-05-17,standard
BLK,BLK,2011-04-04,2025-05-17,standard
BLL,BLL,1996-01-02,2022-05-09,standard
BLS,BLS,1996-01-02,2007-01-02,standard
BLY,BLY,1996-01-02,1996-12-18,standard
BMC,BMC,1998-10-01,2013-09-10,standard
BMET,BMET,1996-01-02,2007-07-11,standard
BMGCA,BMGCA,1996-07-22,1999-08-08,standard
BMS,BMS,1996-01-02,2014-12-04,standard
BMY,BMY,1996-01-02,2025-05-17,standard
BNI,BNI,1996-01-02,2010-02-15,standard
BNL,BNL,1996-01-02,1998-06-30,standard
BOAT,BOAT,1996-01-02,1997-01-06,standard
BOL,BOL,1996-01-02,2007-10-28,standard
BR,BR,1996-01-02,2006-04-02,identity_ambiguous_multi_tenure
BR,BR,2018-06-18,2025-05-17,identity_ambiguous_multi_tenure
BRCM,BRCM,2000-07-03,2016-01-31,standard
BRK-B,BRK-B,2010-02-16,2025-05-17,standard
BRL,BRL,2006-02-27,2008-12-22,standard
BRO,BRO,2021-09-20,2025-05-17,standard
BSC,BSC,1998-07-01,2008-06-01,standard
BSX,BSX,1996-01-02,2025-05-17,standard
BT,BT,1996-01-02,1999-06-03,standard
BTUUQ,BTUUQ,2006-11-20,2014-09-21,legacy_suffix_needs_verification
BUD,BUD,1996-01-02,2008-11-17,standard
BVSN,BVSN,2000-11-06,2001-09-03,standard
BWA,BWA,2011-12-19,2025-03-24,standard
BX,BX,2023-09-18,2025-05-17,standard
BXLT,BXLT,2015-07-01,2016-06-02,standard
BXP,BXP,2006-04-03,2025-05-17,standard
C,C,1996-01-02,2025-05-17,standard
CA,CA,1996-01-02,2018-11-05,standard
CAG,CAG,1996-01-02,2025-05-17,standard
CAH,CAH,1997-05-27,2025-05-17,standard
CAL,CAL,1996-01-02,1996-07-21,standard
CAM,CAM,2008-01-29,2016-04-03,standard
CAR,CAR,1996-01-02,2006-07-31,standard
CARR,CARR,2020-04-03,2025-05-17,standard
CAT,CAT,1996-01-02,2025-05-17,standard
CB,CB,1996-01-02,2025-05-17,standard
CBB,CBB,1996-01-02,1998-01-27,standard
CBE,CBE,1996-01-02,2009-09-08,identity_ambiguous_multi_tenure
CBE,CBE,2011-11-23,2012-12-02,identity_ambiguous_multi_tenure
CBH,CBH,2006-06-06,2008-03-30,standard
CBOE,CBOE,2017-03-01,2025-05-17,standard
CBRE,CBRE,2006-11-10,2025-05-17,standard
CBS,CBS,1996-01-02,2019-12-04,standard
CBSS,CBSS,2004-12-20,2007-09-06,standard
CCB,CCB,1996-01-02,1996-02-11,standard
CCE,CCE,1998-10-08,2016-05-30,standard
CCEP,CCEP,2016-01-04,2016-05-30,standard
CCI,CCI,1996-01-02,1998-10-07,identity_ambiguous_multi_tenure
CCI,CCI,2012-03-13,2025-05-17,identity_ambiguous_multi_tenure
CCK,CCK,1996-01-02,2000-12-10,standard
CCL,CCL,1998-12-22,2025-05-17,standard
CCTYQ,CCTYQ,1996-01-02,2008-03-30,legacy_suffix_needs_verification
CCU,CCU,1997-09-02,2008-07-30,standard
CDAY,CDAY,2021-09-20,2024-02-01,standard
CDNS,CDNS,2017-09-18,2025-05-17,standard
CDW,CDW,2019-09-23,2025-05-17,standard
CE,CE,2001-04-02,2004-02-26,identity_ambiguous_multi_tenure
CE,CE,2018-12-24,2025-03-24,identity_ambiguous_multi_tenure
CEG,CEG,1996-01-02,2012-03-12,identity_ambiguous_multi_tenure
CEG,CEG,2022-02-02,2023-05-06,identity_ambiguous_multi_tenure
CEG,CEG,2023-05-17,2025-05-17,identity_ambiguous_multi_tenure
CELG,CELG,2006-11-06,2019-11-20,standard
CEN,CEN,1996-01-02,2001-04-01,standard
CEPH,CEPH,2008-11-17,2011-10-13,standard
CERN,CERN,2010-04-30,2022-06-07,standard
CF,CF,2000-06-19,2004-08-31,identity_ambiguous_multi_tenure
CF,CF,2008-08-27,2025-05-17,identity_ambiguous_multi_tenure
CFC,CFC,1997-06-18,2008-06-30,standard
CFG,CFG,2016-02-01,2025-05-17,standard
CFL,CFL,1996-01-02,1998-04-27,standard
CFN,CFN,2009-09-01,2015-03-16,standard
CG,CG,1996-01-02,2000-11-01,standard
CGP,CGP,1996-01-02,2001-01-29,standard
CHA,CHA,1996-01-02,2000-06-18,standard
CHD,CHD,2015-12-29,2025-05-17,standard
CHIR,CHIR,2000-11-24,2006-04-19,standard
CHK,CHK,2006-03-03,2018-03-18,standard
CHRS,CHRS,1996-01-02,1998-04-07,standard
CHRW,CHRW,2007-03-02,2025-05-17,standard
CHTR,CHTR,2016-09-08,2025-05-17,standard
CI,CI,1996-01-02,2025-05-17,standard
CIEN,CIEN,2001-08-30,2009-12-20,standard
CIN,CIN,1996-01-02,2006-04-02,standard
CINF,CINF,1997-12-18,2025-05-17,standard
CIT-A,CIT-A,2000-07-17,2001-06-03,standard
CITGQ,CITGQ,2004-10-27,2009-07-26,legacy_suffix_needs_verification
CL,CL,1996-01-02,2025-05-17,standard
CLF,CLF,2009-12-21,2014-04-01,standard
CLX,CLX,1996-01-02,2025-05-17,standard
CMA,CMA,1996-01-02,2024-06-22,standard
CMB,CMB,1996-01-02,1996-03-31,standard
CMCSA,CMCSA,1996-01-02,2025-05-17,standard
CMCSK,CMCSK,2015-09-21,2015-12-13,standard
CME,CME,2006-08-11,2025-05-17,standard
CMG,CMG,2011-04-28,2025-05-17,standard
CMI,CMI,1996-01-02,2025-05-17,standard
CMS,CMS,1999-05-03,2025-05-17,standard
CMVT,CMVT,1999-10-27,2007-01-31,standard
CMX,CMX,2004-03-25,2007-03-22,standard
CNC,CNC,1997-01-15,2002-07-24,identity_ambiguous_multi_tenure
CNC,CNC,2016-03-30,2025-05-17,identity_ambiguous_multi_tenure
CNG,CNG,1996-01-02,2000-01-30,standard
CNP,CNP,1996-01-02,2025-05-17,standard
CNW,CNW,1996-01-02,1996-12-02,standard
CNX,CNX,2006-06-28,2016-03-03,standard
CNXT,CNXT,2000-01-31,2002-06-25,standard
COC-B,COC-B,1999-08-09,2002-09-02,standard
COF,COF,1998-07-01,2025-05-17,standard
COG,COG,2008-06-23,2021-10-03,standard
COIN,COIN,2025-05-13,2025-05-13,identity_ambiguous_multi_tenure
COIN,COIN,2025-05-17,2025-05-17,identity_ambiguous_multi_tenure
COL,COL,2001-07-02,2018-11-26,standard
COMS,COMS,1996-01-02,2000-07-27,standard
COO,COO,2016-09-23,2025-05-17,standard
COP,COP,1996-01-02,2025-05-17,standard
COR,COR,2023-09-03,2025-05-17,standard
COST,COST,1996-01-02,2025-05-17,standard
COTY,COTY,2016-10-03,2020-09-20,standard
COV,COV,1996-01-02,1996-08-15,identity_ambiguous_multi_tenure
COV,COV,2007-07-02,2009-06-04,identity_ambiguous_multi_tenure
COV,COV,2011-03-01,2015-01-26,identity_ambiguous_multi_tenure
CPAY,CPAY,2024-03-27,2025-05-17,standard
CPB,CPB,1996-01-02,2025-05-17,standard
CPGX,CPGX,2015-07-02,2016-06-30,standard
CPNLQ,CPNLQ,2000-12-01,2005-12-01,legacy_suffix_needs_verification
CPQ,CPQ,1996-01-02,2002-05-05,legacy_suffix_needs_verification
CPRI,CPRI,2016-01-04,2020-05-11,standard
CPRT,CPRT,2018-07-02,2025-05-17,standard
CPT,CPT,2022-04-04,2025-05-17,standard
CPWR,CPWR,1999-01-04,2012-01-02,standard
CR,CR,1996-01-02,2004-12-19,standard
CRL,CRL,2021-05-14,2025-05-17,standard
CRM,CRM,2008-09-15,2025-05-17,standard
CRR,CRR,1996-01-02,1997-05-26,standard
CRWD,CRWD,2024-06-23,2025-05-17,standard
CSCO,CSCO,1996-01-02,2025-05-17,standard
CSE,CSE,1996-01-22,1999-11-14,standard
CSGP,CSGP,2022-09-19,2025-05-17,standard
CSR,CSR,1996-01-02,2000-06-15,standard
CSRA,CSRA,2015-11-30,2018-04-03,standard
CSX,CSX,1996-01-02,2025-05-17,standard
CTAS,CTAS,2001-03-01,2025-05-17,standard
CTB,CTB,1996-01-02,2006-07-17,standard
CTL,CTL,1999-03-25,2020-09-17,standard
CTLT,CTLT,2020-09-21,2024-12-18,standard
CTRA,CTRA,2021-10-04,2025-05-17,standard
CTSH,CTSH,2006-11-17,2025-05-17,standard
CTVA,CTVA,2019-06-03,2025-05-17,standard
CTX,CTX,1996-01-02,2009-08-18,standard
CTXS,CTXS,1999-12-01,2022-10-02,standard
CVC,CVC,2010-12-20,2016-06-20,standard
CVG,CVG,2000-06-13,2009-12-20,standard
CVH,CVH,2005-08-30,2013-05-06,standard
CVS,CVS,1996-01-02,2025-05-17,standard
CVX,CVX,1996-01-02,2025-05-17,standard
CXO,CXO,2016-02-22,2021-01-20,standard
CYM,CYM,1996-01-02,1999-10-17,standard
CYR,CYR,1996-01-02,1996-03-27,standard
CZR,CZR,2021-03-22,2025-05-17,standard
D,D,1996-01-02,2025-05-17,standard
DAL,DAL,2013-09-11,2025-05-17,standard
DALRQ,DALRQ,1996-01-02,2005-08-18,legacy_suffix_needs_verification
DASH,DASH,2025-03-25,2025-05-17,standard
DAY,DAY,2024-02-02,2025-05-17,standard
DCNAQ,DCNAQ,1996-01-02,2006-03-02,legacy_suffix_needs_verification
DD,DD,1996-01-02,2017-08-31,identity_ambiguous_multi_tenure
DD,DD,2019-06-03,2025-05-17,identity_ambiguous_multi_tenure
DDR,DDR,2007-03-23,2009-03-29,standard
DDS,DDS,1996-01-02,2008-10-21,standard
DE,DE,1996-01-02,2025-05-17,standard
DEC,DEC,1996-01-02,1998-06-11,standard
DECK,DECK,2024-03-18,2025-05-17,standard
DELL,DELL,1996-09-06,2013-10-28,identity_ambiguous_multi_tenure
DELL,DELL,2024-09-22,2025-05-17,identity_ambiguous_multi_tenure
DF,DF,2006-04-03,2013-05-23,standard
DFS,DFS,2007-07-02,2025-05-16,standard
DG,DG,1998-07-16,2007-07-08,identity_ambiguous_multi_tenure
DG,DG,2012-12-03,2025-05-17,identity_ambiguous_multi_tenure
DGN,DGN,1996-01-02,1999-10-12,standard
DGX,DGX,2002-12-12,2025-05-17,standard
DHI,DHI,2005-07-05,2025-05-17,standard
DHR,DHR,1998-11-18,2025-05-17,standard
DI,DI,1996-01-02,1998-09-29,standard
DIGI,DIGI,1996-01-02,1998-08-27,standard
DIS,DIS,1996-01-02,2025-05-17,standard
DISCA,DISCA,2010-03-01,2022-04-10,standard
DISCK,DISCK,2014-08-07,2022-04-10,standard
DISH,DISH,2017-03-13,2023-06-02,identity_ambiguous_multi_tenure
DISH,DISH,2023-06-04,2023-06-19,identity_ambiguous_multi_tenure
DJ,DJ,1996-01-02,2007-12-13,standard
DLR,DLR,2016-05-18,2025-05-17,standard
DLTR,DLTR,2011-12-19,2025-05-17,standard
DLX,DLX,1996-01-02,2004-12-19,standard
DNB,DNB,2008-12-02,2017-04-04,standard
DNR,DNR,2009-04-02,2015-03-22,standard
DO,DO,2009-02-26,2016-10-02,standard
DOC,DOC,2024-03-04,2025-05-17,standard
DOV,DOV,1996-01-02,2025-05-17,standard
DOW,DOW,1996-01-02,2017-08-31,identity_ambiguous_multi_tenure
DOW,DOW,2019-04-02,2023-05-06,identity_ambiguous_multi_tenure
DOW,DOW,2023-05-17,2025-05-17,identity_ambiguous_multi_tenure
DPHIQ,DPHIQ,1999-05-28,2005-10-10,legacy_suffix_needs_verification
DPZ,DPZ,2020-05-12,2025-05-17,standard
DRE,DRE,2017-07-26,2022-10-02,standard
DRI,DRI,1996-01-02,2025-05-17,standard
DTE,DTE,1996-01-02,2025-05-17,standard
DTV,DTV,2006-12-04,2015-07-26,standard
DUK,DUK,1996-01-02,2025-05-17,standard
DVA,DVA,2008-07-31,2025-05-17,standard
DVN,DVN,2000-08-30,2025-05-17,standard
DWD,DWD,1996-01-02,1997-06-01,standard
DWDP,DWDP,2017-09-01,2019-06-02,standard
DXC,DXC,1996-01-02,2015-11-30,identity_ambiguous_multi_tenure
DXC,DXC,2017-04-04,2023-10-05,identity_ambiguous_multi_tenure
DXCM,DXCM,2020-05-12,2025-05-17,standard
DYN,DYN,2000-10-03,2009-12-20,standard
EA,EA,2002-07-22,2025-05-17,standard
EBAY,EBAY,2002-07-22,2025-05-17,standard
EC,EC,1996-01-02,2006-06-05,standard
ECH,ECH,1996-01-02,1998-07-09,standard
ECL,ECL,1996-01-02,2025-05-17,standard
ECO,ECO,1996-01-02,1998-01-19,standard
ED,ED,1996-01-02,2025-05-17,standard
EDS,EDS,1998-08-11,2008-08-25,standard
EFU,EFU,1996-01-02,2000-11-01,standard
EFX,EFX,1997-06-19,2025-05-17,standard
EG,EG,2023-07-11,2025-05-17,standard
EHC,EHC,1997-01-08,2003-03-20,standard
EIX,EIX,1996-01-02,2025-05-17,standard
EKDKQ,EKDKQ,1996-01-02,2010-12-19,legacy_suffix_needs_verification
EL,EL,2006-01-05,2025-05-17,standard
ELV,ELV,2022-06-28,2025-05-17,standard
EMC,EMC,1996-03-28,2016-09-06,standard
EMN,EMN,1996-01-02,2025-05-17,standard
EMR,EMR,1996-01-02,2025-05-17,standard
ENDP,ENDP,2015-01-27,2017-03-01,standard
ENPH,ENPH,2021-01-07,2025-05-17,standard
ENRNQ,ENRNQ,1996-01-02,2001-11-29,legacy_suffix_needs_verification
ENS,ENS,1996-01-02,1997-08-05,standard
EOG,EOG,2000-11-02,2025-05-17,standard
EOP,EOP,2001-10-10,2007-02-11,standard
EP,EP,1999-10-26,2012-05-24,standard
EPAM,EPAM,2021-12-14,2025-05-17,standard
EQ,EQ,2006-05-18,2009-06-30,standard
EQIX,EQIX,2015-03-23,2025-05-17,standard
EQR,EQR,2001-12-03,2025-05-17,standard
EQT,EQT,2008-12-19,2018-11-12,identity_ambiguous_multi_tenure
EQT,EQT,2022-10-03,2025-05-17,identity_ambiguous_multi_tenure
ERIE,ERIE,2024-09-22,2025-05-17,standard
ES,ES,2009-03-17,2025-05-17,standard
ESRX,ESRX,2003-09-26,2018-12-20,standard
ESS,ESS,2014-04-02,2025-05-17,standard
ESV,ESV,2007-01-04,2009-12-22,identity_ambiguous_multi_tenure
ESV,ESV,2012-07-31,2016-03-29,identity_ambiguous_multi_tenure
ETFC,ETFC,2004-04-01,2020-10-06,standard
ETN,ETN,1996-01-02,2025-05-17,standard
ETR,ETR,1996-01-02,2025-05-17,standard
ETS,ETS,1996-01-02,2001-08-05,standard
ETSY,ETSY,2020-09-21,2024-09-21,standard
EVHC,EVHC,2016-12-02,2018-10-10,standard
EVRG,EVRG,2018-06-05,2025-05-17,standard
EW,EW,2011-04-01,2025-05-17,standard
EXC,EXC,1996-01-02,2025-05-17,standard
EXE,EXE,2025-03-25,2025-05-17,standard
EXPD,EXPD,2007-10-10,2025-05-17,standard
EXPE,EXPE,2007-10-02,2025-05-17,standard
EXR,EXR,2016-01-19,2025-05-17,standard
F,F,1996-01-02,2025-05-17,standard
FANG,FANG,2018-12-03,2025-05-17,standard
FAST,FAST,2008-09-15,2025-05-17,standard
FB,FB,2013-12-23,2022-06-08,standard
FBF,FBF,1996-01-02,2004-03-31,standard
FBHS,FBHS,2016-06-24,2022-12-18,standard
FBO,FBO,1996-01-02,1996-03-12,standard
FCN,FCN,1996-01-02,1998-10-01,standard
FCPT,FCPT,2015-11-10,2015-11-16,standard
FCX,FCX,1996-01-02,2025-05-17,standard
FDC,FDC,1996-01-02,2007-09-24,standard
FDO,FDO,2001-08-06,2015-07-06,standard
FDS,FDS,2021-12-20,2025-05-17,standard
FDX,FDX,1996-01-02,2025-05-17,standard
FE,FE,1996-01-02,2025-05-17,standard
FFIV,FFIV,2010-12-20,2025-05-17,standard
FG,FG,1996-01-02,1998-04-26,standard
FHN,FHN,2002-05-06,2013-06-23,standard
FI,FI,2023-06-08,2025-05-17,standard
FICO,FICO,2023-03-20,2025-05-17,standard
FII,FII,2003-04-16,2013-01-01,standard
FIS,FIS,2006-11-10,2025-05-17,standard
FISV,FISV,2001-04-02,2023-06-07,standard
FITB,FITB,1996-03-08,2025-05-17,standard
FJ,FJ,1996-01-02,2000-11-23,standard
FL,FL,1996-01-02,1999-01-03,identity_ambiguous_multi_tenure
FL,FL,2016-04-04,2019-08-08,identity_ambiguous_multi_tenure
FLIR,FLIR,2009-01-02,2021-05-13,standard
FLMIQ,FLMIQ,1996-01-02,1997-12-23,legacy_suffix_needs_verification
FLR,FLR,2000-12-22,2019-06-02,standard
FLS,FLS,2008-10-02,2021-03-21,standard
FLT,FLT,2018-06-20,2024-03-25,standard
FLTWQ,FLTWQ,1996-01-02,2000-01-30,legacy_suffix_needs_verification
FMC,FMC,1996-01-02,2002-01-01,identity_ambiguous_multi_tenure
FMC,FMC,2009-08-19,2025-03-24,identity_ambiguous_multi_tenure
FMCC,FMCC,1996-01-02,2008-09-10,standard
FMY,FMY,1998-07-10,1999-05-27,standard
FNMA,FNMA,1996-01-02,2008-09-10,standard
FOSL,FOSL,2012-04-04,2016-01-04,standard
FOX,FOX,2015-09-21,2023-05-06,identity_ambiguous_multi_tenure
FOX,FOX,2023-05-17,2025-05-17,identity_ambiguous_multi_tenure
FOXA,FOXA,2004-12-20,2023-05-06,identity_ambiguous_multi_tenure
FOXA,FOXA,2023-05-17,2025-05-17,identity_ambiguous_multi_tenure
FPC,FPC,1999-06-22,2000-11-30,standard
FRC,FRC,2019-01-02,2023-05-06,standard
FRO,FRO,1997-01-02,1999-09-28,standard
FRT,FRT,2016-02-01,2025-05-17,standard
FRX,FRX,2000-11-22,2014-06-30,standard
FSH,FSH,2004-08-03,2006-11-09,standard
FSL,FSL,2004-12-03,2006-12-03,standard
FSLR,FSLR,2009-10-16,2017-03-19,identity_ambiguous_multi_tenure
FSLR,FSLR,2022-12-19,2025-05-17,identity_ambiguous_multi_tenure
FTI,FTI,2009-06-05,2021-02-11,standard
FTL-A,FTL-A,1996-01-02,1999-09-30,standard
FTNT,FTNT,2018-10-11,2025-05-17,standard
FTR,FTR,2001-02-27,2017-03-19,standard
FTV,FTV,2016-07-05,2025-05-17,standard
FWLT,FWLT,1996-01-02,2000-01-30,standard
G,G,1996-01-02,2005-10-02,standard
GAPTQ,GAPTQ,1996-01-02,2000-08-29,legacy_suffix_needs_verification
GAS,GAS,1996-01-02,2011-12-11,identity_ambiguous_multi_tenure
GAS,GAS,2011-12-13,2016-06-30,identity_ambiguous_multi_tenure
GD,GD,1996-01-02,2025-05-17,standard
GDDY,GDDY,2024-06-23,2025-05-17,standard
GDT,GDT,1996-12-19,2006-04-23,standard
GDW,GDW,1996-01-02,2006-10-01,standard
GE,GE,1996-01-02,2025-05-17,standard
GEHC,GEHC,2023-01-04,2025-05-17,standard
GEN,GEN,2022-11-08,2025-05-17,standard
GENZ,GENZ,2001-12-14,2011-04-03,standard
GEV,GEV,2024-04-03,2025-05-17,standard
GFS-A,GFS-A,1996-01-02,1998-07-15,standard
GGP,GGP,2007-07-02,2008-11-12,identity_ambiguous_multi_tenure
GGP,GGP,2013-12-10,2018-08-27,identity_ambiguous_multi_tenure
GHC,GHC,2007-12-31,2014-09-21,standard
GIDL,GIDL,1996-01-02,1997-07-16,standard
GILD,GILD,2004-07-01,2025-05-17,standard
GIS,GIS,1996-01-02,2025-05-17,standard
GL,GL,2019-08-08,2025-05-17,standard
GLD,GLD,1996-01-02,1997-05-05,standard
GLK,GLK,1996-01-02,2005-07-04,standard
GLW,GLW,1996-01-02,2025-05-17,standard
GM,GM,2013-06-07,2025-05-17,standard
GMCR,GMCR,2014-03-24,2016-03-02,standard
GME,GME,2007-12-14,2016-04-24,standard
GNRC,GNRC,2021-03-22,2025-05-17,standard
GNT,GNT,1996-03-13,1998-06-30,standard
GNW,GNW,2005-12-02,2015-11-17,standard
GOOG,GOOG,2014-04-03,2025-05-17,standard
GOOGL,GOOGL,2006-04-03,2025-05-17,standard
GP,GP,1996-01-02,2005-12-19,standard
GPC,GPC,1996-01-02,2025-05-17,standard
GPN,GPN,2016-04-25,2025-05-17,standard
GPS,GPS,1996-01-02,2022-02-01,standard
GPU,GPU,1996-01-02,2001-11-06,standard
GR,GR,1996-01-02,2012-07-26,standard
GRA,GRA,1996-01-02,2000-12-10,standard
GRMN,GRMN,2012-12-12,2025-05-17,standard
GRN,GRN,1996-01-02,1998-12-21,standard
GS,GS,2002-07-22,2025-05-17,standard
GSX,GSX,1996-01-02,1998-10-06,standard
GT,GT,1996-01-02,2019-02-26,standard
GTE,GTE,1996-01-02,2000-07-02,standard
GTW,GTW,1998-04-27,2006-07-31,standard
GWF,GWF,1996-01-02,1997-07-01,standard
GWW,GWW,1996-01-02,2025-05-17,standard
GX,GX,1999-09-29,2001-10-09,standard
H,H,1996-01-02,2001-06-28,identity_ambiguous_multi_tenure
H,H,2006-08-01,2007-04-09,identity_ambiguous_multi_tenure
HAL,HAL,1996-01-02,2025-05-17,standard
HAR,HAR,2006-02-01,2017-03-12,standard
HAS,HAS,1996-01-02,2025-05-17,standard
HBAN,HBAN,1997-08-06,2025-05-17,standard
HBI,HBI,2015-03-23,2021-12-19,standard
HBOC,HBOC,1997-10-23,1999-01-12,standard
HCA,HCA,1996-01-02,2006-11-19,identity_ambiguous_multi_tenure
HCA,HCA,2015-01-27,2025-05-17,identity_ambiguous_multi_tenure
HCBK,HCBK,2007-02-15,2015-11-01,standard
HCP,HCP,2008-03-31,2019-11-04,standard
HCR,HCR,1998-09-28,2007-11-08,standard
HD,HD,1996-01-02,2025-05-17,standard
HDLM,HDLM,1996-01-02,1996-03-07,standard
HES,HES,1996-01-02,2025-05-17,standard
HET,HET,1996-01-02,2008-01-28,standard
HFC,HFC,2018-06-18,2021-06-03,standard
HFS,HFS,1996-08-16,1997-12-17,standard
HI,HI,1996-01-02,2003-03-30,standard
HIG,HIG,1996-01-02,2025-05-17,standard
HII,HII,2018-01-03,2025-05-17,standard
HLT,HLT,1996-01-02,2007-10-24,identity_ambiguous_multi_tenure
HLT,HLT,2017-06-19,2025-05-17,identity_ambiguous_multi_tenure
HM,HM,1996-01-02,2001-12-16,standard
HMA,HMA,2001-11-07,2007-03-01,standard
HNZ,HNZ,1996-01-02,2013-06-06,standard
HOG,HOG,2000-01-31,2020-06-21,standard
HOLX,HOLX,2016-03-30,2025-05-17,standard
HON,HON,1996-01-02,2025-05-17,standard
HOT,HOT,2000-11-17,2016-09-22,standard
HP,HP,1996-01-02,1999-12-30,identity_ambiguous_multi_tenure
HP,HP,2010-03-01,2020-05-21,identity_ambiguous_multi_tenure
HPC,HPC,1996-01-02,2008-11-13,standard
HPE,HPE,2015-11-02,2025-05-17,standard
HPH,HPH,1996-01-02,1999-06-08,standard
HPQ,HPQ,1996-01-02,2025-05-17,legacy_suffix_needs_verification
HRB,HRB,1996-01-02,2020-09-20,standard
HRL,HRL,2009-03-04,2025-05-17,standard
HRS,HRS,1996-01-02,1999-11-07,identity_ambiguous_multi_tenure
HRS,HRS,2008-09-22,2019-05-31,identity_ambiguous_multi_tenure
HSH,HSH,1996-01-02,2012-06-28,standard
HSIC,HSIC,2015-03-18,2025-05-17,standard
HSP,HSP,2004-05-03,2015-09-02,standard
HST,HST,2007-03-20,2025-05-17,standard
HSY,HSY,1996-01-02,2025-05-17,standard
HUBB,HUBB,2023-10-18,2025-05-17,standard
HUM,HUM,1996-01-02,2025-05-17,standard
HWM,HWM,2020-04-06,2025-05-17,standard
I,I,1996-01-02,1996-03-31,standard
IAC,IAC,2006-12-01,2008-08-20,standard
IBM,IBM,1996-01-02,2025-05-17,standard
ICE,ICE,2007-09-26,2025-05-17,standard
IDXX,IDXX,2017-01-05,2025-05-17,standard
IEX,IEX,2019-08-09,2025-05-17,standard
IFF,IFF,1996-01-02,2025-05-17,standard
IGT,IGT,2001-09-04,2014-06-19,standard
IKN,IKN,1996-01-02,2000-06-28,standard
ILMN,ILMN,2015-11-19,2024-06-22,standard
IMNX,IMNX,2001-09-21,2002-07-15,standard
INCLF,INCLF,1996-01-02,2002-07-21,standard
INCY,INCY,2017-02-28,2025-05-17,standard
INFO,INFO,2017-06-02,2022-03-01,standard
INGR,INGR,1996-01-02,1997-07-27,standard
INTC,INTC,1996-01-02,2025-05-17,standard
INTU,INTU,2000-12-11,2025-05-17,standard
INVH,INVH,2022-09-19,2025-05-17,standard
IP,IP,1996-01-02,2025-05-17,standard
IPG,IPG,1996-01-02,2025-05-17,standard
IPGP,IPGP,2018-03-07,2022-06-20,standard
IQV,IQV,2017-08-29,2025-05-17,standard
IR,IR,1996-01-02,2009-06-30,identity_ambiguous_multi_tenure
IR,IR,2010-11-17,2023-05-06,identity_ambiguous_multi_tenure
IR,IR,2023-05-17,2025-05-17,identity_ambiguous_multi_tenure
IRM,IRM,2009-01-06,2025-05-17,standard
ISRG,ISRG,2008-06-02,2025-05-17,standard
IT,IT,2017-04-05,2025-05-17,standard
ITT,ITT,1996-01-02,2011-10-31,standard
ITW,ITW,1996-01-02,2025-05-17,standard
IVZ,IVZ,2008-08-21,2025-05-17,standard
J,J,2019-12-10,2025-05-17,standard
JAVA,JAVA,1996-01-02,2010-01-26,standard
JBHT,JBHT,2015-07-01,2025-05-17,standard
JBL,JBL,2001-01-30,2014-11-04,identity_ambiguous_multi_tenure
JBL,JBL,2023-12-17,2025-05-17,identity_ambiguous_multi_tenure
JCI,JCI,1996-01-02,2025-05-17,standard
JCP,JCP,1996-01-02,2013-12-01,standard
JEC,JEC,2007-10-26,2019-12-09,standard
JEF,JEF,2007-08-27,2019-09-25,standard
JH,JH,1996-01-02,1998-03-31,standard
JHF,JHF,2001-06-29,2004-04-28,standard
JKHY,JKHY,2018-11-13,2025-05-17,standard
JNJ,JNJ,1996-01-02,2025-05-17,standard
JNPR,JNPR,2006-06-02,2025-05-17,standard
JNS,JNS,2000-07-13,2011-11-22,standard
JNY,JNY,2001-12-17,2009-03-03,standard
JOS,JOS,1996-01-02,2000-05-09,standard
JOY,JOY,2011-02-28,2015-10-07,standard
JP,JP,1996-01-02,2006-04-02,standard
JPM,JPM,1996-01-02,2025-05-17,standard
JWN,JWN,1996-01-02,2020-06-21,standard
K,K,1996-01-02,2025-05-17,standard
KATE,KATE,1996-01-02,2008-12-01,standard
KBH,KBH,1996-01-02,2009-12-20,standard
KDP,KDP,2008-10-07,2018-07-01,identity_ambiguous_multi_tenure
KDP,KDP,2022-06-21,2025-05-17,identity_ambiguous_multi_tenure
KEY,KEY,1996-01-02,2025-05-17,standard
KEYS,KEYS,2018-11-06,2025-05-17,standard
KG,KG,2000-10-03,2010-12-19,standard
KHC,KHC,2015-07-06,2025-05-17,standard
KIM,KIM,2006-04-03,2025-05-17,standard
KKR,KKR,2024-06-23,2025-05-17,standard
KLAC,KLAC,1997-09-15,2025-05-17,standard
KM,KM,1996-01-02,2002-01-16,standard
KMB,KMB,1996-01-02,2025-05-17,standard
KMG,KMG,1996-01-02,2006-08-10,standard
KMI,KMI,2000-12-12,2007-05-30,identity_ambiguous_multi_tenure
KMI,KMI,2012-05-25,2025-05-17,identity_ambiguous_multi_tenure
KMX,KMX,2010-06-28,2025-05-17,standard
KO,KO,1996-01-02,2025-05-17,standard
KORS,KORS,2013-11-13,2018-09-18,standard
KR,KR,1996-01-02,2025-05-17,standard
KRB,KRB,1996-01-02,2006-01-02,standard
KRFT,KRFT,2012-10-02,2015-07-05,standard
KRI,KRI,1996-01-02,2006-06-27,standard
KSE,KSE,2000-08-21,2007-08-26,standard
KSS,KSS,1998-08-14,2020-09-20,standard
KSU,KSU,1999-04-05,2000-07-12,identity_ambiguous_multi_tenure
KSU,KSU,2013-05-24,2021-12-13,identity_ambiguous_multi_tenure
KVUE,KVUE,2023-08-29,2025-05-17,standard
KWP,KWP,1996-01-02,1999-11-15,standard
L,L,1996-01-02,2025-05-17,standard
LB,LB,1996-01-02,2021-08-02,standard
LDG,LDG,1996-01-02,2001-07-01,standard
LDOS,LDOS,2009-12-21,2013-09-22,identity_ambiguous_multi_tenure
LDOS,LDOS,2019-08-09,2025-05-17,identity_ambiguous_multi_tenure
LDW-B,LDW-B,1996-01-02,1999-12-07,standard
LEG,LEG,1999-10-18,2021-12-19,standard
LEHMQ,LEHMQ,1998-01-12,2008-09-16,legacy_suffix_needs_verification
LEN,LEN,2005-10-04,2025-05-17,standard
LH,LH,2004-11-01,2025-05-17,standard
LHX,LHX,2019-06-01,2025-05-17,standard
LIFE,LIFE,2008-11-24,2014-01-23,standard
LII,LII,2024-12-24,2025-05-17,standard
LIN,LIN,2018-11-06,2025-05-17,standard
LKQ,LKQ,2016-05-23,2025-05-17,legacy_suffix_needs_verification
LLL,LLL,2004-12-01,2019-06-30,standard
LLTC,LLTC,2000-04-03,2017-03-12,standard
LLX,LLX,1996-01-02,1997-10-22,standard
LLY,LLY,1996-01-02,2025-05-17,standard
LM,LM,2006-04-24,2016-12-01,standard
LMT,LMT,1996-01-02,2025-05-17,standard
LNC,LNC,1996-01-02,2023-09-17,standard
LNT,LNT,2016-07-01,2025-05-17,standard
LO,LO,2008-06-11,2015-06-11,standard
LOR,LOR,1996-01-02,1996-04-22,standard
LOW,LOW,1996-01-02,2025-05-17,standard
LPX,LPX,1996-01-02,2006-11-09,standard
LRCX,LRCX,2012-06-05,2025-05-17,standard
LSI,LSI,1996-01-02,2014-05-06,standard
LU,LU,1996-10-01,2006-11-30,standard
LUB,LUB,1996-01-02,1997-01-01,standard
LULU,LULU,2023-10-18,2025-05-17,standard
LUMN,LUMN,2020-09-18,2023-03-19,standard
LUV,LUV,1996-01-02,2025-05-17,standard
LVLT,LVLT,2014-11-05,2017-10-12,standard
LVS,LVS,2019-10-03,2025-05-17,standard
LW,LW,2018-12-03,2025-05-17,standard
LXK,LXK,1999-08-13,2012-09-30,standard
LYB,LYB,2012-09-05,2025-05-17,standard
LYV,LYV,2019-12-23,2025-05-17,standard
M,M,1996-01-02,2020-04-05,standard
MA,MA,2008-07-18,2025-05-17,standard
MAA,MAA,2016-12-02,2025-05-17,standard
MAC,MAC,2013-05-09,2019-12-22,standard
MAR,MAR,1998-05-21,2025-05-17,standard
MAS,MAS,1996-01-02,2025-05-17,standard
MAT,MAT,1996-01-02,2019-06-06,standard
MAY,MAY,1996-01-02,2005-08-28,standard
MBI,MBI,1996-12-03,2009-12-20,standard
MCD,MCD,1996-01-02,2025-05-17,standard
MCHP,MCHP,2007-09-07,2025-05-17,standard
MCIC,MCIC,1996-01-02,1998-09-14,standard
MCK,MCK,1999-01-13,2025-05-17,standard
MCO,MCO,1996-01-02,2025-05-17,standard
MD,MD,1996-01-02,1997-07-31,standard
MDLZ,MDLZ,2007-04-02,2025-05-17,standard
MDP,MDP,1996-01-02,2011-01-03,standard
MDR,MDR,1996-01-02,2003-08-19,standard
MDT,MDT,1996-01-02,2025-05-17,standard
MEA,MEA,1996-01-02,2002-01-29,standard
MEDI,MEDI,2000-06-16,2007-05-31,standard
MEE,MEE,1996-01-02,2000-12-21,identity_ambiguous_multi_tenure
MEE,MEE,2008-06-23,2011-06-01,identity_ambiguous_multi_tenure
MEL,MEL,1996-01-02,2007-07-01,standard
MER,MER,1996-01-02,2009-01-01,standard
MERQ,MERQ,2000-06-29,2006-01-03,legacy_suffix_needs_verification
MET,MET,2000-12-11,2025-05-17,standard
META,META,2022-06-09,2025-05-17,standard
MFE,MFE,2008-12-23,2011-02-28,standard
MGM,MGM,2017-07-26,2025-05-17,standard
MHK,MHK,2013-12-23,2025-05-17,standard
MHS,MHS,2003-08-20,2012-04-01,standard
MI,MI,2002-02-11,2011-07-05,standard
MII,MII,1996-01-02,1999-06-21,standard
MIL,MIL,1996-01-02,2010-07-14,standard
MIR,MIR,1997-08-07,2000-05-31,identity_ambiguous_multi_tenure
MIR,MIR,2001-04-03,2003-07-16,identity_ambiguous_multi_tenure
MJN,MJN,2009-12-21,2017-06-14,standard
MKC,MKC,2003-03-21,2025-05-17,standard
MKG,MKG,1996-01-02,2000-10-17,standard
MKTX,MKTX,2019-07-01,2025-05-17,standard
MLM,MLM,2014-07-02,2025-05-17,standard
MMC,MMC,1996-01-02,2025-05-17,standard
MMI,MMI,2011-01-04,2012-05-21,standard
MMM,MMM,1996-01-02,2025-05-17,standard
MNK,MNK,2014-08-19,2017-07-25,standard
MNR,MNR,1996-01-02,1998-09-27,standard
MNST,MNST,2012-06-29,2025-05-17,standard
MO,MO,1996-01-02,2025-05-17,standard
MOB,MOB,1996-01-02,1999-11-30,standard
MOH,MOH,2022-03-02,2025-05-17,standard
MOLX,MOLX,1999-12-01,2013-12-08,standard
MON,MON,2002-08-14,2018-06-06,standard
MOS,MOS,2011-09-26,2025-05-17,standard
MPC,MPC,2011-07-01,2025-05-17,standard
MPWR,MPWR,2021-02-12,2025-05-17,standard
MRK,MRK,1996-01-02,2025-05-17,standard
MRNA,MRNA,2021-07-21,2025-05-17,standard
MRO,MRO,1996-01-02,2024-11-22,standard
MS,MS,1996-01-02,2025-05-17,standard
MSCI,MSCI,2018-04-04,2025-05-17,standard
MSFT,MSFT,1996-01-02,2025-05-17,standard
MSI,MSI,1996-01-02,2025-05-17,standard
MST,MST,1996-01-02,1998-08-13,standard
MTB,MTB,2004-02-27,2025-05-17,standard
MTCH,MTCH,2021-09-20,2025-05-17,standard
MTD,MTD,2016-09-06,2025-05-17,standard
MTG,MTG,1996-07-19,2008-10-30,standard
MTL,MTL,1998-02-23,1999-09-19,standard
MTLQQ,MTLQQ,1996-01-02,2009-06-02,legacy_suffix_needs_verification
MTW,MTW,2007-11-16,2009-08-31,standard
MU,MU,1996-01-02,2025-05-17,standard
MUR,MUR,2005-08-15,2017-07-25,standard
MWI,MWI,1996-01-02,1999-05-27,standard
MWV,MWV,1996-01-02,2015-07-01,standard
MWW,MWW,2001-06-04,2011-12-18,standard
MXIM,MXIM,2000-05-10,2007-09-26,identity_ambiguous_multi_tenure
MXIM,MXIM,2018-12-03,2021-08-29,identity_ambiguous_multi_tenure
MYG,MYG,1996-01-02,2006-04-02,standard
MYL,MYL,2004-04-23,2020-11-16,standard
MZIAQ,MZIAQ,1996-01-02,2000-06-28,legacy_suffix_needs_verification
NAE,NAE,1996-01-02,1997-08-06,standard
NAV,NAV,1996-01-02,2006-12-19,standard
NAVI,NAVI,2014-05-01,2018-06-04,standard
NBL,NBL,2007-10-08,2020-10-11,standard
NBR,NBR,2000-10-18,2015-03-22,standard
NC,NC,1996-01-02,2000-06-04,standard
NCC,NCC,1996-01-02,2009-01-01,standard
NCE,NCE,1998-11-03,2000-08-20,standard
NCLH,NCLH,2017-10-13,2025-05-17,standard
NCR,NCR,2000-01-04,2007-09-30,standard
NDAQ,NDAQ,2008-10-22,2025-05-17,legacy_suffix_needs_verification
NDSN,NDSN,2022-02-15,2025-05-17,standard
NE,NE,2001-01-16,2009-03-26,identity_ambiguous_multi_tenure
NE,NE,2011-01-18,2015-07-19,identity_ambiguous_multi_tenure
NEE,NEE,1996-01-02,2025-05-17,standard
NEM,NEM,1996-01-02,2025-05-17,standard
NFB,NFB,2002-07-17,2006-11-30,standard
NFLX,NFLX,2010-12-20,2025-05-17,standard
NFX,NFX,2010-12-20,2019-02-14,standard
NGH,NGH,1998-09-16,2000-12-11,standard
NI,NI,2000-11-02,2025-05-17,standard
NKE,NKE,1996-01-02,2025-05-17,standard
NKTR,NKTR,2018-03-19,2019-10-02,standard
NLC,NLC,1996-01-02,1999-08-01,standard
NLOK,NLOK,2019-11-05,2022-11-07,standard
NLSN,NLSN,2013-07-09,2022-10-11,standard
NLV,NLV,1996-04-01,2000-01-05,standard
NMK,NMK,1996-01-02,2002-01-31,standard
NOC,NOC,1996-01-02,2025-05-17,standard
NOV,NOV,2005-03-14,2021-09-19,standard
NOVL,NOVL,1996-01-02,2011-04-27,standard
NOW,NOW,2019-11-21,2025-05-17,standard
NRG,NRG,2010-01-29,2025-05-17,standard
NRTLQ,NRTLQ,1996-01-02,2002-07-21,legacy_suffix_needs_verification
NSC,NSC,1996-01-02,2025-05-17,standard
NSI,NSI,1996-01-02,2001-12-02,standard
NSM,NSM,1996-01-02,2011-09-25,standard
NTAP,NTAP,1999-06-25,2025-05-17,standard
NTRS,NTRS,1998-01-30,2025-05-17,standard
NUE,NUE,1996-01-02,2025-05-17,standard
NVDA,NVDA,2001-11-30,2025-05-17,standard
NVLS,NVLS,2000-06-19,2012-06-04,standard
NVR,NVR,2019-09-26,2025-05-17,standard
NWL,NWL,1996-01-02,2023-09-17,standard
NWS,NWS,2015-09-21,2025-05-17,standard
NWSA,NWSA,2013-07-01,2025-05-17,standard
NXPI,NXPI,2021-03-22,2025-05-17,standard
NXTL,NXTL,1998-04-01,2005-08-14,standard
NYN,NYN,1996-01-02,1997-08-14,standard
NYT,NYT,1996-01-02,2010-12-19,standard
NYX,NYX,2007-10-25,2013-11-12,standard
O,O,2015-04-07,2025-05-17,standard
OAT,OAT,1996-01-02,2001-08-02,standard
ODFL,ODFL,2019-12-09,2025-05-17,standard
ODP,ODP,1999-06-24,2010-12-19,standard
OGN,OGN,2021-06-04,2023-10-17,standard
OI,OI,1997-08-04,2000-12-10,identity_ambiguous_multi_tenure
OI,OI,2009-01-02,2016-12-01,identity_ambiguous_multi_tenure
OK,OK,1999-12-02,2001-04-01,standard
OKE,OKE,1996-01-02,2001-08-29,identity_ambiguous_multi_tenure
OKE,OKE,2010-03-15,2025-05-17,identity_ambiguous_multi_tenure
OM,OM,1996-01-02,1996-09-30,standard
OMC,OMC,1997-12-24,2025-05-17,standard
OMX,OMX,1996-01-02,2008-06-22,standard
ON,ON,2022-06-21,2025-05-17,standard
ONE,ONE,1996-01-02,2004-06-30,standard
ORCL,ORCL,1996-01-02,2025-05-17,standard
ORLY,ORLY,2009-03-27,2025-05-17,standard
ORX,ORX,1996-01-02,1999-02-28,standard
OTIS,OTIS,2020-04-03,2025-05-17,standard
OWENQ,OWENQ,1996-01-02,2000-10-01,legacy_suffix_needs_verification
OXY,OXY,1996-01-02,2025-05-17,standard
PAC,PAC,1996-01-02,1997-03-31,standard
PALM,PALM,2000-07-28,2002-08-13,standard
PANW,PANW,2023-06-03,2023-06-03,identity_ambiguous_multi_tenure
PANW,PANW,2023-06-20,2025-05-17,identity_ambiguous_multi_tenure
PARA,PARA,2022-02-17,2025-05-17,standard
PAS,PAS,1996-01-02,1998-01-29,standard
PAYC,PAYC,2020-01-28,2025-05-17,standard
PAYX,PAYX,1998-10-01,2025-05-17,standard
PBCT,PBCT,2008-11-13,2022-04-03,standard
PBG,PBG,2001-05-14,2010-02-28,standard
PBI,PBI,1996-01-02,2017-02-28,standard
PBY,PBY,1996-01-02,2000-04-02,standard
PCAR,PCAR,1996-01-02,2025-05-17,standard
PCG,PCG,1996-01-02,2019-01-17,identity_ambiguous_multi_tenure
PCG,PCG,2022-10-03,2025-05-17,identity_ambiguous_multi_tenure
PCH,PCH,1996-01-02,2001-07-08,standard
PCL,PCL,2002-01-17,2016-02-21,standard
PCP,PCP,2007-06-01,2016-01-31,standard
PCS,PCS,1998-11-24,2004-04-22,standard
PD,PD,1996-01-02,2007-03-19,standard
PDCO,PDCO,2005-10-11,2018-03-18,standard
PDG,PDG,1996-01-02,2002-07-21,standard
PEAK,PEAK,2019-11-05,2024-03-03,standard
PEG,PEG,1996-01-02,2025-05-17,standard
PEL,PEL,1996-01-02,1997-06-18,standard
PENN,PENN,2021-03-22,2022-09-18,standard
PEP,PEP,1996-01-02,2025-05-17,standard
PET,PET,1996-01-02,1998-06-28,standard
PETM,PETM,2012-10-05,2015-03-11,standard
PFE,PFE,1996-01-02,2025-05-17,standard
PFG,PFG,2002-07-22,2025-05-17,standard
PG,PG,1996-01-02,2025-05-17,standard
PGL,PGL,1996-01-02,2007-02-21,standard
PGN,PGN,1996-01-02,2012-07-01,standard
PGR,PGR,1997-08-04,2025-05-17,standard
PH,PH,1996-01-02,2025-05-17,standard
PHA,PHA,1996-01-02,2003-04-15,standard
PHB,PHB,1996-01-02,1999-10-03,standard
PHM,PHM,1996-01-02,2025-05-17,standard
PKG,PKG,2017-07-26,2025-05-17,standard
PKI,PKI,1996-01-02,2023-05-17,standard
PLD,PLD,2003-07-17,2025-05-17,standard
PLL,PLL,1996-01-02,2015-08-30,standard
PLTR,PLTR,2024-09-22,2025-05-17,standard
PM,PM,2008-03-31,2025-05-17,standard
PMCS,PMCS,2001-08-03,2007-07-01,standard
PMI,PMI,1996-01-02,1996-05-30,standard
PNC,PNC,1996-01-02,2025-05-17,standard
PNR,PNR,2012-10-01,2025-05-17,standard
PNU,PNU,1996-01-02,2000-04-02,standard
PNW,PNW,1999-10-04,2025-05-17,standard
PODD,PODD,2023-03-15,2025-05-17,standard
POM,POM,2007-11-09,2016-03-23,standard
POOL,POOL,2020-10-07,2025-05-17,standard
PPG,PPG,1996-01-02,2025-05-17,standard
PPL,PPL,1996-01-02,2025-05-17,standard
PPW,PPW,1996-01-02,1999-11-29,standard
PRD,PRD,1996-01-02,2000-12-11,standard
PRGO,PRGO,2011-12-19,2021-09-19,standard
PRU,PRU,2002-07-22,2025-05-17,standard
PSA,PSA,2005-08-19,2025-05-17,standard
PSFT,PSFT,1998-10-02,2004-12-28,standard
PSX,PSX,2012-05-01,2025-05-17,standard
PTC,PTC,1997-04-03,2007-01-02,identity_ambiguous_multi_tenure
PTC,PTC,2021-04-20,2025-05-17,identity_ambiguous_multi_tenure
PTV,PTV,1999-11-05,2010-11-16,standard
PVH,PVH,2013-02-14,2022-09-18,standard
PVN,PVN,1996-01-02,2005-10-02,standard
PVT,PVT,1998-08-31,1999-06-30,standard
PWER,PWER,2000-10-23,2005-03-13,standard
PWJ,PWJ,1999-06-04,2000-11-05,standard
PWR,PWR,2009-07-01,2025-05-17,standard
PX,PX,1996-01-02,2018-10-30,standard
PXD,PXD,2008-09-24,2024-05-03,standard
PYPL,PYPL,2015-07-20,2025-05-17,standard
PZE,PZE,1996-01-02,1998-12-30,standard
Q,Q,2000-07-06,2011-03-31,standard
QCOM,QCOM,1999-07-22,2025-05-17,standard
QEP,QEP,2010-07-01,2015-06-30,standard
QLGC,QLGC,2000-12-12,2011-01-17,standard
QRVO,QRVO,2015-06-12,2024-12-25,standard
QTRN,QTRN,1999-11-16,2003-09-25,standard
R,R,1996-01-02,2017-06-18,standard
RAD,RAD,1996-01-02,2000-07-26,standard
RAI,RAI,2002-09-04,2017-07-24,standard
RAL,RAL,1996-01-02,2001-12-12,standard
RATL,RATL,2002-02-01,2003-02-20,standard
RBD,RBD,1996-01-02,1999-03-24,standard
RBK,RBK,1996-01-02,2006-01-31,standard
RCL,RCL,2014-12-05,2025-05-17,standard
RDC,RDC,1996-01-02,2014-08-18,standard
RDS-A,RDS-A,1996-01-02,2002-07-21,standard
RE,RE,2017-06-19,2023-07-10,standard
REG,REG,2017-03-02,2025-05-17,standard
REGN,REGN,2013-05-01,2025-05-17,standard
RF,RF,1998-08-28,2025-05-17,standard
RHI,RHI,2000-12-05,2024-06-22,standard
RHT,RHT,2009-07-27,2019-07-14,standard
RIG,RIG,1999-12-31,2008-12-18,identity_ambiguous_multi_tenure
RIG,RIG,2013-10-29,2017-07-25,identity_ambiguous_multi_tenure
RJF,RJF,2017-03-20,2025-05-17,standard
RL,RL,2007-02-02,2025-05-17,standard
RLM,RLM,1996-01-02,2000-05-03,standard
RMD,RMD,2017-07-26,2025-05-17,standard
RML,RML,1996-01-02,2000-12-11,standard
RNB,RNB,1996-01-02,2000-01-02,standard
ROH,ROH,1996-01-02,2009-04-01,standard
ROK,ROK,1996-01-02,2025-05-17,standard
ROL,ROL,2018-10-01,2025-05-17,standard
ROP,ROP,2009-12-23,2025-05-17,standard
ROST,ROST,2009-12-21,2025-05-17,standard
RRC,RRC,2007-12-21,2018-06-17,standard
RRD,RRD,1996-01-02,2012-12-11,standard
RSG,RSG,2008-12-05,2025-05-17,standard
RSHCQ,RSHCQ,1996-01-02,2011-06-30,legacy_suffix_needs_verification
RTN,RTN,1996-01-02,2020-04-05,standard
RTX,RTX,2020-04-03,2025-05-17,standard
RVTY,RVTY,2023-05-18,2023-12-30,identity_ambiguous_multi_tenure
RVTY,RVTY,2024-01-01,2025-05-17,identity_ambiguous_multi_tenure
RVTY (PREVIOUSLY PKI),RVTY (PREVIOUSLY PKI),2023-12-31,2023-12-31,standard
RX,RX,1996-11-04,2010-02-25,standard
RYAN,RYAN,1996-01-02,1997-01-01,standard
RYC,RYC,1996-01-02,1999-08-12,standard
RYI,RYI,1996-01-02,1998-06-30,standard
S,S,1996-01-02,2013-07-08,standard
SAF,SAF,1996-01-02,2008-09-22,standard
SAI,SAI,1997-07-17,1999-01-03,standard
SANM,SANM,2000-06-21,2007-07-01,standard
SAPE,SAPE,2000-05-05,2002-05-12,standard
SB,SB,1996-01-02,1997-11-27,standard
SBAC,SBAC,2017-09-01,2025-05-17,standard
SBL,SBL,2000-12-11,2007-01-09,standard
SBNY,SBNY,2021-12-20,2023-03-14,standard
SBUX,SBUX,2000-06-08,2025-05-17,standard
SCG,SCG,2009-01-02,2019-01-01,standard
SCHW,SCHW,1997-06-02,2025-05-17,standard
SCI,SCI,1996-01-02,2000-03-15,standard
SDS,SDS,2002-07-22,2005-08-11,standard
SE,SE,2007-01-03,2017-02-26,standard
SEBL,SEBL,2000-05-05,2006-01-31,standard
SEDG,SEDG,2021-12-20,2023-12-16,standard
SEE,SEE,1998-04-01,2023-12-16,standard
SEG,SEG,1996-08-16,2000-11-21,standard
SFA,SFA,1996-01-02,2006-02-26,standard
SFS,SFS,1996-01-02,1997-07-27,standard
SGID,SGID,1996-01-02,2000-06-20,standard
SGP,SGP,1996-01-02,2009-11-03,standard
SHLD,SHLD,2005-03-28,2012-09-04,standard
SHN,SHN,1996-01-02,1997-01-01,standard
SHW,SHW,1996-01-02,2025-05-17,standard
SIAL,SIAL,1996-01-02,2015-11-17,standard
SIG,SIG,2015-07-29,2018-03-18,standard
SII,SII,2006-10-02,2010-08-26,standard
SIVB,SIVB,2018-03-19,2023-03-14,standard
SJM,SJM,2008-11-06,2025-05-17,standard
SK,SK,1996-01-02,1998-03-31,standard
SLB,SLB,1996-01-02,2025-05-17,standard
SLG,SLG,2015-03-23,2021-03-21,standard
SLM,SLM,1998-07-01,2014-04-30,standard
SLR,SLR,1998-12-31,2007-10-01,standard
SMCI,SMCI,2024-03-18,2025-05-17,standard
SMI,SMI,1996-01-02,2000-12-11,standard
SMS,SMS,1996-01-02,2000-06-07,standard
SNA,SNA,1996-01-02,2025-05-17,standard
SNDK,SNDK,2006-04-20,2016-05-11,standard
SNI,SNI,2008-07-01,2018-03-06,standard
SNPS,SNPS,2017-03-16,2025-05-17,standard
SNT,SNT,1996-01-02,1999-10-25,standard
SNV,SNV,1997-12-01,2008-01-01,standard
SO,SO,1996-01-02,2025-05-17,standard
SOLV,SOLV,2024-04-02,2025-05-17,standard
SOTR,SOTR,1999-03-01,2004-10-31,standard
SOV,SOV,2004-07-01,2009-01-29,standard
SPG,SPG,2002-06-26,2025-05-17,standard
SPGI,SPGI,1996-01-02,2025-05-17,standard
SPLS,SPLS,1998-10-07,2017-09-12,standard
SRCL,SRCL,2008-11-19,2018-12-02,standard
SRE,SRE,1998-06-29,2025-05-17,standard
SRR,SRR,1996-01-02,1997-10-06,standard
SSP,SSP,2005-12-20,2008-06-30,standard
STE,STE,2019-12-23,2025-05-17,standard
STI,STI,1996-01-02,2019-12-08,standard
STJ,STJ,1996-01-02,2017-01-04,standard
STLD,STLD,2022-12-22,2025-05-17,standard
STO,STO,1996-01-02,1998-11-17,standard
STR,STR,2006-12-01,2010-06-30,standard
STT,STT,1997-08-18,2025-05-17,standard
STX,STX,2012-07-02,2025-05-17,standard
STZ,STZ,2005-07-05,2025-05-17,standard
SUB,SUB,1998-01-28,2001-02-28,standard
SUN,SUN,1996-01-02,2012-10-04,standard
SUNEQ,SUNEQ,2007-05-31,2011-12-18,legacy_suffix_needs_verification
SVU,SVU,1996-01-02,2012-04-30,standard
SW,SW,2024-07-12,2025-05-17,standard
SWK,SWK,1996-01-02,2025-05-17,standard
SWKS,SWKS,2015-03-12,2025-05-17,standard
SWN,SWN,2008-06-06,2017-04-03,standard
SWY,SWY,1998-11-13,2015-01-26,standard
SXCL,SXCL,1999-10-01,2001-05-13,standard
SYF,SYF,2015-11-18,2025-05-17,standard
SYK,SYK,2000-12-12,2025-05-17,standard
SYMC,SYMC,2003-03-31,2019-11-04,standard
SYY,SYY,1996-01-02,2025-05-17,standard
T,T,1996-01-02,2025-05-17,standard
TA,TA,1996-01-02,1999-07-21,standard
TAP,TAP,1996-01-02,2025-05-17,standard
TCOMA,TCOMA,1996-01-02,1999-03-09,standard
TDC,TDC,2007-10-01,2017-06-18,standard
TDG,TDG,2016-06-03,2025-05-17,standard
TDM,TDM,1996-01-02,1997-09-01,standard
TDY,TDY,2020-06-22,2025-05-17,standard
TE,TE,2001-10-10,2016-06-30,standard
TECH,TECH,2021-08-30,2025-05-17,standard
TEG,TEG,2007-02-22,2015-06-29,standard
TEK,TEK,1996-01-02,2007-11-15,standard
TEL,TEL,2007-07-02,2009-06-25,identity_ambiguous_multi_tenure
TEL,TEL,2011-10-17,2025-05-17,identity_ambiguous_multi_tenure
TEN,TEN,1996-01-02,1999-11-04,standard
TER,TER,1999-11-15,2013-12-22,identity_ambiguous_multi_tenure
TER,TER,2020-09-21,2025-05-17,identity_ambiguous_multi_tenure
TEX,TEX,2006-12-20,2008-11-05,standard
TFC,TFC,2019-12-09,2025-05-17,standard
TFX,TFX,2019-01-18,2025-03-24,standard
TGNA,TGNA,1996-01-02,2017-06-01,standard
TGT,TGT,1996-01-02,2025-05-17,standard
THC,THC,1996-01-02,2016-04-17,standard
THY,THY,1996-01-02,1996-10-15,standard
TIE,TIE,2007-10-29,2012-12-23,standard
TIF,TIF,2000-06-21,2021-01-06,standard
TIN,TIN,1996-01-02,2007-12-30,standard
TJX,TJX,1996-01-02,2025-05-17,standard
TKO,TKO,2025-03-25,2025-05-17,standard
TKR,TKR,1996-01-02,2001-08-06,standard
TLAB,TLAB,1996-01-02,2011-12-20,standard
TMC,TMC,1996-01-02,2000-06-12,standard
TMC-A,TMC-A,1996-01-02,2000-06-12,standard
TMK,TMK,1996-01-02,2019-08-07,standard
TMO,TMO,1997-01-02,2025-05-17,standard
TMUS,TMUS,2009-06-30,2013-04-30,identity_ambiguous_multi_tenure
TMUS,TMUS,2019-07-15,2025-05-17,identity_ambiguous_multi_tenure
TNB,TNB,1996-01-02,2004-08-02,standard
TOS,TOS,1999-09-20,2001-09-16,standard
TOY,TOY,1996-01-02,2005-07-21,standard
TPL,TPL,2024-11-26,2025-05-17,standard
TPR,TPR,2004-09-01,2025-05-17,standard
TRB,TRB,1996-01-02,2007-12-20,standard
TRGP,TRGP,2022-10-12,2025-05-17,standard
TRIP,TRIP,2011-12-21,2019-12-22,standard
TRMB,TRMB,2021-01-21,2025-05-17,standard
TROW,TROW,1999-10-13,2025-05-17,standard
TRV,TRV,1996-01-02,2025-05-17,standard
TRW,TRW,1996-01-02,2002-12-11,standard
TSCO,TSCO,2014-01-24,2025-05-17,standard
TSG,TSG,2000-03-16,2007-04-01,standard
TSLA,TSLA,2020-12-21,2025-05-17,standard
TSN,TSN,2005-08-11,2025-05-17,standard
TSS,TSS,2008-01-02,2019-09-22,standard
TT,TT,2002-05-13,2008-06-05,identity_ambiguous_multi_tenure
TT,TT,2020-03-03,2025-05-17,identity_ambiguous_multi_tenure
TTWO,TTWO,2018-03-19,2025-05-17,standard
TUP,TUP,1996-05-31,2004-03-24,standard
TWC,TWC,2009-03-30,2016-05-17,standard
TWTR,TWTR,2018-06-07,2022-10-31,standard
TWX,TWX,1996-01-02,2018-06-14,standard
TX,TX,1996-01-02,2001-10-09,standard
TXN,TXN,1996-01-02,2025-05-17,standard
TXT,TXT,1996-01-02,2025-05-17,standard
TXU,TXU,1996-01-02,2007-10-09,standard
TYL,TYL,2020-06-22,2025-05-17,standard
UA,UA,2016-04-08,2022-06-20,standard
UAA,UAA,2014-05-01,2022-06-20,standard
UAL,UAL,2015-09-03,2025-05-17,standard
UAWGQ,UAWGQ,1996-01-02,2002-05-14,legacy_suffix_needs_verification
UBER,UBER,2023-12-17,2025-05-17,standard
UCC,UCC,1996-01-02,1999-05-02,standard
UCL,UCL,1996-01-02,2005-08-10,standard
UCM,UCM,1996-01-02,2000-10-22,standard
UDR,UDR,2016-03-07,2025-05-17,standard
UHS,UHS,2014-09-22,2025-05-17,standard
UIS,UIS,1996-01-02,2008-11-10,standard
UK,UK,1996-01-02,2001-02-06,standard
ULTA,ULTA,2016-04-18,2025-05-17,standard
UMG,UMG,1996-01-02,2000-06-14,standard
UN,UN,1996-01-02,2002-07-21,standard
UNH,UNH,1996-01-02,2025-05-17,standard
UNM,UNM,1996-01-02,2021-09-19,standard
UNP,UNP,1996-01-02,2025-05-17,standard
UPC,UPC,1998-10-01,2004-06-30,standard
UPR,UPR,1996-10-16,2000-07-16,standard
UPS,UPS,2002-07-22,2025-05-17,standard
URBN,URBN,2010-02-08,2017-03-19,standard
URI,URI,2014-09-22,2025-05-17,standard
USB,USB,1996-01-02,2025-05-17,standard
USBC,USBC,1996-01-02,1997-08-03,standard
USH,USH,1996-01-02,1997-06-17,standard
USHC,USHC,1996-01-02,1996-07-18,standard
USS,USS,1996-01-02,1998-10-01,standard
UST,UST,1996-01-02,2009-01-05,standard
USW,USW,1996-01-02,2000-07-02,standard
UTX,UTX,1996-01-02,2020-04-02,standard
UVN,UVN,2001-02-07,2007-03-28,standard
V,V,2009-12-21,2025-05-17,standard
VAR,VAR,2007-02-12,2021-04-19,standard
VAT,VAT,1996-01-02,1996-09-05,standard
VFC,VFC,1996-01-02,2024-04-03,standard
VIAB,VIAB,2006-01-03,2019-12-04,standard
VIAC,VIAC,2019-12-05,2022-02-16,standard
VIAV,VIAV,2000-07-27,2013-12-22,standard
VICI,VICI,2022-06-08,2025-05-17,standard
VLO,VLO,2004-04-29,2025-05-17,standard
VLTO,VLTO,2023-10-06,2025-05-17,standard
VMC,VMC,1999-07-01,2025-05-17,standard
VNO,VNO,2005-08-12,2023-01-03,standard
VNT,VNT,2020-10-12,2021-03-21,standard
VO,VO,1996-01-02,2000-12-10,standard
VRSK,VRSK,2015-10-08,2025-05-17,standard
VRSN,VRSN,2006-02-01,2025-05-17,standard
VRTS,VRTS,2000-04-03,2005-07-04,standard
VRTX,VRTX,2013-09-23,2025-05-17,standard
VST,VST,2024-05-08,2025-05-17,standard
VSTNQ,VSTNQ,2000-06-29,2006-01-02,legacy_suffix_needs_verification
VTR,VTR,2009-03-04,2025-05-17,standard
VTRS,VTRS,2020-11-17,2025-05-17,standard
VTSS,VTSS,2000-12-12,2002-08-20,standard
VZ,VZ,1996-01-02,2025-05-17,standard
WAB,WAB,2019-02-27,2025-05-17,standard
WAI,WAI,1996-01-02,1998-08-10,standard
WAMUQ,WAMUQ,1997-07-02,2008-09-29,legacy_suffix_needs_verification
WAT,WAT,2002-01-02,2025-05-17,standard
WB,WB,1996-01-02,2009-01-01,standard
WBA,WBA,1996-01-02,2025-05-17,standard
WBD,WBD,2022-04-11,2025-05-17,standard
WCG,WCG,2018-09-17,2020-01-27,standard
WCOEQ,WCOEQ,1996-04-01,2002-05-14,legacy_suffix_needs_verification
WDAY,WDAY,2024-12-26,2025-05-17,standard
WDC,WDC,2009-07-01,2025-05-17,standard
WEC,WEC,2008-10-31,2025-05-17,standard
WELL,WELL,2009-01-30,2025-05-17,standard
WEN,WEN,1996-01-02,2008-09-29,standard
WFC,WFC,1996-01-02,2025-05-17,standard
WFM,WFM,2006-01-03,2017-08-27,standard
WFT,WFT,2005-07-22,2009-02-25,standard
WHR,WHR,1996-01-02,2024-03-17,standard
WIN,WIN,2006-07-18,2015-04-06,standard
WLA,WLA,1996-01-02,2000-06-19,standard
WLL,WLL,1996-01-02,2002-02-10,standard
WLP,WLP,1999-06-09,2004-11-30,standard
WLTW,WLTW,2016-01-05,2022-01-19,standard
WM,WM,1998-07-17,2025-05-17,standard
WMB,WMB,1996-01-02,2025-05-17,standard
WMT,WMT,1996-01-02,2025-05-17,standard
WMX,WMX,1996-01-02,1998-07-16,standard
WNDXQ,WNDXQ,1996-01-02,2004-12-02,legacy_suffix_needs_verification
WOR,WOR,1996-01-02,2004-12-19,standard
WPX,WPX,2012-01-03,2014-03-23,standard
WRB,WRB,2019-12-05,2025-05-17,standard
WRK,WRK,2015-07-02,2024-07-08,standard
WSM,WSM,2025-03-25,2025-05-17,standard
WST,WST,2020-05-22,2025-05-17,standard
WTW,WTW,2022-01-20,2025-05-17,standard
WU,WU,2006-10-02,2021-12-19,standard
WWY,WWY,1996-01-02,2008-10-06,standard
WY,WY,1996-01-02,2025-05-17,standard
WYE,WYE,1996-01-02,2009-10-15,standard
WYND,WYND,2006-08-01,2018-05-30,standard
WYNN,WYNN,2008-11-14,2025-05-17,standard
X,X,1996-01-02,2014-07-01,standard
XEC,XEC,2014-06-20,2020-03-02,standard
XEL,XEL,1996-01-02,2025-05-17,standard
XL,XL,2001-09-04,2018-09-11,standard
XLNX,XLNX,1999-11-08,2022-02-14,standard
XOM,XOM,1996-01-02,2025-05-17,standard
XRAY,XRAY,2008-11-14,2024-04-03,standard
XRX,XRX,1996-01-02,2021-03-21,standard
XTO,XTO,2004-12-29,2010-06-27,standard
XYL,XYL,2011-11-01,2025-05-17,standard
YNR,YNR,2000-01-06,2000-10-02,standard
YRCW,YRCW,1996-01-02,1996-11-03,standard
YUM,YUM,1997-10-07,2025-05-17,standard
ZBH,ZBH,2001-08-07,2025-05-17,standard
ZBRA,ZBRA,2019-12-23,2025-05-17,standard
ZION,ZION,2001-06-25,2024-03-17,standard
ZTS,ZTS,2013-06-24,2025-05-17,standard
