strategy,rebalance_date,next_rebalance_date,group,symbol,next_period_return
Dual Momentum,2021-08-23,2021-09-01,new,JPM,0.03148136222976072
Dual Momentum,2021-08-23,2021-09-01,new,AXP,0.031693901427512605
Dual Momentum,2021-08-23,2021-09-01,new,CSCO,0.020224720829344456
Dual Momentum,2021-08-23,2021-09-01,new,GS,0.03303779552744657
Dual Momentum,2021-08-23,2021-09-01,new,MSFT,-0.0012528456041481784
Dual Momentum,2021-08-23,2021-09-01,universe_median,__UNIVERSE_MEDIAN__,0.002578613158768839
Dual Momentum,2021-09-01,2021-10-01,retained,JPM,0.023592987952839817
Dual Momentum,2021-09-01,2021-10-01,retained,CSCO,-0.07489008310836431
Dual Momentum,2021-09-01,2021-10-01,retained,GS,-0.08161472489660582
Dual Momentum,2021-09-01,2021-10-01,retained,MSFT,-0.06851150130095363
Dual Momentum,2021-09-01,2021-10-01,retained,AXP,0.012985742261128363
Dual Momentum,2021-09-01,2021-10-01,universe_median,__UNIVERSE_MEDIAN__,-0.05302557129856533
Dual Momentum,2021-10-01,2021-11-01,new,HD,0.1366756589734266
Dual Momentum,2021-10-01,2021-11-01,retained,MSFT,0.1745359338462984
Dual Momentum,2021-10-01,2021-11-01,retained,GS,0.0991723088135883
Dual Momentum,2021-10-01,2021-11-01,retained,JPM,0.055345418212627395
Dual Momentum,2021-10-01,2021-11-01,retained,AXP,0.03865864124141094
Dual Momentum,2021-10-01,2021-11-01,outgoing,CSCO,0.03017283770135637
Dual Momentum,2021-10-01,2021-11-01,universe_median,__UNIVERSE_MEDIAN__,0.03865864124141094
Dual Momentum,2021-11-01,2021-12-01,new,UNH,-0.01933656732419531
Dual Momentum,2021-11-01,2021-12-01,retained,HD,0.08242061078741214
Dual Momentum,2021-11-01,2021-12-01,retained,GS,-0.07486634777150791
Dual Momentum,2021-11-01,2021-12-01,retained,MSFT,0.013227639835240446
Dual Momentum,2021-11-01,2021-12-01,retained,AXP,-0.10585414096646961
Dual Momentum,2021-11-01,2021-12-01,outgoing,JPM,-0.0641713371679199
Dual Momentum,2021-11-01,2021-12-01,universe_median,__UNIVERSE_MEDIAN__,-0.029903393436745196
Dual Momentum,2021-12-01,2022-01-03,new,CRM,-0.05990576480014076
Dual Momentum,2021-12-01,2022-01-03,new,AAPL,0.06179840198585884
Dual Momentum,2021-12-01,2022-01-03,retained,HD,0.03603755734048586
Dual Momentum,2021-12-01,2022-01-03,retained,UNH,0.10762165711702809
Dual Momentum,2021-12-01,2022-01-03,retained,MSFT,0.0006566685148512441
Dual Momentum,2021-12-01,2022-01-03,outgoing,GS,0.013496064507240169
Dual Momentum,2021-12-01,2022-01-03,outgoing,AXP,0.05387597200326866
Dual Momentum,2021-12-01,2022-01-03,universe_median,__UNIVERSE_MEDIAN__,0.03631612395572015
Dual Momentum,2022-01-03,2022-02-01,new,NKE,-0.10762248575018685
Dual Momentum,2022-01-03,2022-02-01,retained,HD,-0.11306628264156415
Dual Momentum,2022-01-03,2022-02-01,retained,UNH,-0.0499999724297312
Dual Momentum,2022-01-03,2022-02-01,retained,MSFT,-0.07437034174653734
Dual Momentum,2022-01-03,2022-02-01,retained,AAPL,-0.021481041560488245
Dual Momentum,2022-01-03,2022-02-01,outgoing,CRM,-0.08878083568096884
Dual Momentum,2022-01-03,2022-02-01,universe_median,__UNIVERSE_MEDIAN__,-0.021481041560488245
Dual Momentum,2022-02-01,2022-03-01,new,PG,-0.04030148844099668
Dual Momentum,2022-02-01,2022-03-01,new,CVX,0.12002176931919073
Dual Momentum,2022-02-01,2022-03-01,retained,UNH,-0.008652612967056328
Dual Momentum,2022-02-01,2022-03-01,retained,MSFT,-0.04315935211401811
Dual Momentum,2022-02-01,2022-03-01,retained,AAPL,-0.05229690559952238
Dual Momentum,2022-02-01,2022-03-01,outgoing,HD,-0.14853700649512225
Dual Momentum,2022-02-01,2022-03-01,outgoing,NKE,-0.08548447607869714
Dual Momentum,2022-02-01,2022-03-01,universe_median,__UNIVERSE_MEDIAN__,-0.04315935211401811
Dual Momentum,2022-03-01,2022-04-01,new,AXP,-0.033235797376364506
Dual Momentum,2022-03-01,2022-04-01,retained,PG,-0.005119102198015035
Dual Momentum,2022-03-01,2022-04-01,retained,CVX,0.12254340759866822
Dual Momentum,2022-03-01,2022-04-01,retained,MSFT,0.04375835774986436
Dual Momentum,2022-03-01,2022-04-01,retained,AAPL,0.05664844721508788
Dual Momentum,2022-03-01,2022-04-01,outgoing,UNH,0.08770880951187543
Dual Momentum,2022-03-01,2022-04-01,universe_median,__UNIVERSE_MEDIAN__,0.04009693840497741
Dual Momentum,2022-04-01,2022-05-02,new,KO,0.047328683098724955
Dual Momentum,2022-04-01,2022-05-02,new,UNH,0.000254492230654213
Dual Momentum,2022-04-01,2022-05-02,new,TRV,-0.07016999616664032
Dual Momentum,2022-04-01,2022-05-02,retained,CVX,-0.03974683103673027
Dual Momentum,2022-04-01,2022-05-02,retained,AAPL,-0.09952288181726876
Dual Momentum,2022-04-01,2022-05-02,outgoing,PG,0.058537162461028025
Dual Momentum,2022-04-01,2022-05-02,outgoing,MSFT,-0.1023369956174901
Dual Momentum,2022-04-01,2022-05-02,outgoing,AXP,-0.06936377864681265
Dual Momentum,2022-04-01,2022-05-02,universe_median,__UNIVERSE_MEDIAN__,-0.05069927785664019
Dual Momentum,2022-05-02,2022-06-01,new,MRK,0.03325076734323429
Dual Momentum,2022-05-02,2022-06-01,retained,KO,-0.028492624359373386
Dual Momentum,2022-05-02,2022-06-01,retained,TRV,0.03825750380727433
Dual Momentum,2022-05-02,2022-06-01,retained,UNH,-0.02445120012439561
Dual Momentum,2022-05-02,2022-06-01,retained,CVX,0.13993908736153338
Dual Momentum,2022-05-02,2022-06-01,outgoing,AAPL,-0.042050985920415895
Dual Momentum,2022-05-02,2022-06-01,universe_median,__UNIVERSE_MEDIAN__,0.0054823047382996926
Dual Momentum,2022-06-01,2022-07-01,new,AMGN,-0.05673168931219308
Dual Momentum,2022-06-01,2022-07-01,retained,KO,0.0024603387085344597
Dual Momentum,2022-06-01,2022-07-01,retained,UNH,0.03176071339100783
Dual Momentum,2022-06-01,2022-07-01,retained,CVX,-0.17048597743412963
Dual Momentum,2022-06-01,2022-07-01,retained,MRK,0.004114726459919726
Dual Momentum,2022-06-01,2022-07-01,outgoing,TRV,-0.046694421235624395
Dual Momentum,2022-06-01,2022-07-01,universe_median,__UNIVERSE_MEDIAN__,-0.07196418019732931
Dual Momentum,2022-07-01,2022-08-01,retained,CVX,0.09945403281321674
Dual Momentum,2022-07-01,2022-08-01,retained,MRK,-0.02146764484218766
Dual Momentum,2022-07-01,2022-08-01,retained,KO,0.015367561147561881
Dual Momentum,2022-07-01,2022-08-01,retained,AMGN,0.016814126586909728
Dual Momentum,2022-07-01,2022-08-01,retained,UNH,0.0584594078267886
Dual Momentum,2022-07-01,2022-08-01,universe_median,__UNIVERSE_MEDIAN__,0.06927502748588754
Dual Momentum,2022-08-01,2022-09-01,new,IBM,-0.005600354339650115
Dual Momentum,2022-08-01,2022-09-01,retained,KO,-0.03916359381933221
Dual Momentum,2022-08-01,2022-09-01,retained,AMGN,-0.017619343949126343
Dual Momentum,2022-08-01,2022-09-01,retained,CVX,-0.02033855547274288
Dual Momentum,2022-08-01,2022-09-01,retained,UNH,-0.04230356923298373
Dual Momentum,2022-08-01,2022-09-01,outgoing,MRK,-0.041414808089672794
Dual Momentum,2022-08-01,2022-09-01,universe_median,__UNIVERSE_MEDIAN__,-0.034453977103002464
Dual Momentum,2022-09-01,2022-10-03,new,MRK,0.02077441679739067
Dual Momentum,2022-09-01,2022-10-03,retained,KO,-0.07809514193193279
Dual Momentum,2022-09-01,2022-10-03,retained,AMGN,-0.0532928890746317
Dual Momentum,2022-09-01,2022-10-03,retained,CVX,-0.04799309989721523
Dual Momentum,2022-09-01,2022-10-03,retained,UNH,-0.020524409598789428
Dual Momentum,2022-09-01,2022-10-03,outgoing,IBM,-0.06417447928491615
Dual Momentum,2022-09-01,2022-10-03,universe_median,__UNIVERSE_MEDIAN__,-0.07809514193193279
Dual Momentum,2022-10-03,2022-11-01,retained,CVX,0.23427492842506648
Dual Momentum,2022-10-03,2022-11-01,retained,MRK,0.16063180960863122
Dual Momentum,2022-10-03,2022-11-01,outgoing,KO,0.06511730178297737
Dual Momentum,2022-10-03,2022-11-01,outgoing,AMGN,0.1810576900863421
Dual Momentum,2022-10-03,2022-11-01,outgoing,UNH,0.09450200741635628
Dual Momentum,2022-10-03,2022-11-01,universe_median,__UNIVERSE_MEDIAN__,0.13501667971770392
Dual Momentum,2022-11-01,2022-12-01,new,AMGN,0.07560691903637884
Dual Momentum,2022-11-01,2022-12-01,new,UNH,-0.004756955990490641
Dual Momentum,2022-11-01,2022-12-01,new,TRV,0.033443308726617715
Dual Momentum,2022-11-01,2022-12-01,retained,CVX,0.009872833797810232
Dual Momentum,2022-11-01,2022-12-01,retained,MRK,0.09041233468225962
Dual Momentum,2022-11-01,2022-12-01,universe_median,__UNIVERSE_MEDIAN__,0.06715196740211127
Dual Momentum,2022-12-01,2023-01-03,new,CAT,0.01595595190200183
Dual Momentum,2022-12-01,2023-01-03,new,IBM,-0.059207926960299084
Dual Momentum,2022-12-01,2023-01-03,retained,AMGN,-0.09420133725404967
Dual Momentum,2022-12-01,2023-01-03,retained,CVX,-0.033756608847113845
Dual Momentum,2022-12-01,2023-01-03,retained,MRK,0.012679034325366212
Dual Momentum,2022-12-01,2023-01-03,outgoing,UNH,-0.04636672708103917
Dual Momentum,2022-12-01,2023-01-03,outgoing,TRV,-0.017447670417002237
Dual Momentum,2022-12-01,2023-01-03,universe_median,__UNIVERSE_MEDIAN__,-0.0352540081748266
Dual Momentum,2023-01-03,2023-02-01,new,HON,-0.038858846800082
Dual Momentum,2023-01-03,2023-02-01,retained,AMGN,-0.044888281358112514
Dual Momentum,2023-01-03,2023-02-01,retained,CVX,-0.03498865248614258
Dual Momentum,2023-01-03,2023-02-01,retained,MRK,-0.031156643654884797
Dual Momentum,2023-01-03,2023-02-01,retained,IBM,-0.04684621494537888
Dual Momentum,2023-01-03,2023-02-01,outgoing,CAT,0.050983171986885845
Dual Momentum,2023-01-03,2023-02-01,universe_median,__UNIVERSE_MEDIAN__,0.018323147736303946
Dual Momentum,2023-02-01,2023-03-01,new,CAT,-0.038689203243587156
Dual Momentum,2023-02-01,2023-03-01,new,GS,-0.020073113028501566
Dual Momentum,2023-02-01,2023-03-01,new,BA,-0.050162648432566015
Dual Momentum,2023-02-01,2023-03-01,new,JPM,0.0281456426179163
Dual Momentum,2023-02-01,2023-03-01,retained,MRK,-0.009441786452068945
Dual Momentum,2023-02-01,2023-03-01,outgoing,AMGN,-0.06725976643567888
Dual Momentum,2023-02-01,2023-03-01,outgoing,CVX,-0.05510727271651861
Dual Momentum,2023-02-01,2023-03-01,outgoing,HON,-0.07326202329381082
Dual Momentum,2023-02-01,2023-03-01,outgoing,IBM,-0.029791633602742507
Dual Momentum,2023-02-01,2023-03-01,universe_median,__UNIVERSE_MEDIAN__,-0.029791633602742507
Dual Momentum,2023-03-01,2023-04-03,new,WMT,0.05157744401047748
Dual Momentum,2023-03-01,2023-04-03,retained,CAT,-0.04958471240069895
Dual Momentum,2023-03-01,2023-04-03,retained,BA,0.05623666929273052
Dual Momentum,2023-03-01,2023-04-03,retained,JPM,-0.08578472615300448
Dual Momentum,2023-03-01,2023-04-03,retained,MRK,0.006857206513184
Dual Momentum,2023-03-01,2023-04-03,outgoing,GS,-0.06654479202767927
Dual Momentum,2023-03-01,2023-04-03,universe_median,__UNIVERSE_MEDIAN__,0.026291650509159714
Dual Momentum,2023-04-03,2023-05-01,new,CSCO,-0.08654339441033121
Dual Momentum,2023-04-03,2023-05-01,new,AAPL,0.030498463550068244
Dual Momentum,2023-04-03,2023-05-01,retained,BA,-0.030780089087520834
Dual Momentum,2023-04-03,2023-05-01,retained,CAT,-0.0412129825090658
Dual Momentum,2023-04-03,2023-05-01,retained,WMT,0.022405658457919975
Dual Momentum,2023-04-03,2023-05-01,outgoing,JPM,0.10366010719974583
Dual Momentum,2023-04-03,2023-05-01,outgoing,MRK,0.09296838703795207
Dual Momentum,2023-04-03,2023-05-01,universe_median,__UNIVERSE_MEDIAN__,0.021954025574769664
Dual Momentum,2023-05-01,2023-06-01,new,TRV,-0.05702539354903302
Dual Momentum,2023-05-01,2023-06-01,new,JPM,-0.04034873575877218
Dual Momentum,2023-05-01,2023-06-01,new,MRK,-0.04438677462888585
Dual Momentum,2023-05-01,2023-06-01,retained,BA,0.0010182143702650581
Dual Momentum,2023-05-01,2023-06-01,retained,CAT,-0.053159444555161195
Dual Momentum,2023-05-01,2023-06-01,outgoing,CSCO,0.05423722727333824
Dual Momentum,2023-05-01,2023-06-01,outgoing,AAPL,0.05119213276123791
Dual Momentum,2023-05-01,2023-06-01,outgoing,WMT,-0.028301041718600595
Dual Momentum,2023-05-01,2023-06-01,universe_median,__UNIVERSE_MEDIAN__,-0.04309701360194351
Dual Momentum,2023-06-01,2023-07-03,new,CRM,0.011286083742917619
Dual Momentum,2023-06-01,2023-07-03,new,MSFT,0.04068371128056114
Dual Momentum,2023-06-01,2023-07-03,retained,BA,0.01956792189652412
Dual Momentum,2023-06-01,2023-07-03,retained,JPM,0.07083215428674694
Dual Momentum,2023-06-01,2023-07-03,retained,MRK,0.04134103668724709
Dual Momentum,2023-06-01,2023-07-03,outgoing,CAT,0.1842738450327568
Dual Momentum,2023-06-01,2023-07-03,outgoing,TRV,0.019624591757519516
Dual Momentum,2023-06-01,2023-07-03,universe_median,__UNIVERSE_MEDIAN__,0.05071824680237991
Dual Momentum,2023-07-03,2023-08-01,new,CAT,0.11445702252524526
Dual Momentum,2023-07-03,2023-08-01,retained,CRM,0.06325678313861705
Dual Momentum,2023-07-03,2023-08-01,retained,BA,0.1285035774430301
Dual Momentum,2023-07-03,2023-08-01,retained,JPM,0.08428205963468649
Dual Momentum,2023-07-03,2023-08-01,retained,MSFT,-0.00993238179374345
Dual Momentum,2023-07-03,2023-08-01,outgoing,MRK,-0.04254386570190605
Dual Momentum,2023-07-03,2023-08-01,universe_median,__UNIVERSE_MEDIAN__,0.03139520866030332
Dual Momentum,2023-08-01,2023-09-01,new,INTC,0.002757182168205974
Dual Momentum,2023-08-01,2023-09-01,retained,CRM,-0.001741840907222958
Dual Momentum,2023-08-01,2023-09-01,retained,BA,-0.04862135509735721
Dual Momentum,2023-08-01,2023-09-01,retained,CAT,0.04417965145602287
Dual Momentum,2023-08-01,2023-09-01,retained,MSFT,-0.009482763222981916
Dual Momentum,2023-08-01,2023-09-01,outgoing,JPM,-0.07203230135272587
Dual Momentum,2023-08-01,2023-09-01,universe_median,__UNIVERSE_MEDIAN__,-0.009482763222981916
Dual Momentum,2023-09-01,2023-10-02,new,AAPL,-0.09641673720157162
Dual Momentum,2023-09-01,2023-10-02,retained,CRM,-0.10156610295057367
Dual Momentum,2023-09-01,2023-10-02,retained,BA,-0.15278760521812773
Dual Momentum,2023-09-01,2023-10-02,retained,MSFT,-0.04715943021686364
Dual Momentum,2023-09-01,2023-10-02,retained,INTC,-0.0050294636428385164
Dual Momentum,2023-09-01,2023-10-02,outgoing,CAT,-0.04269648435461948
Dual Momentum,2023-09-01,2023-10-02,universe_median,__UNIVERSE_MEDIAN__,-0.055804783711945194
Dual Momentum,2023-10-02,2023-11-01,new,CSCO,-0.026451586224747192
Dual Momentum,2023-10-02,2023-11-01,retained,CRM,0.0005977301653818934
Dual Momentum,2023-10-02,2023-11-01,retained,AAPL,-0.0012849567243802262
Dual Momentum,2023-10-02,2023-11-01,retained,MSFT,0.07433295452853028
Dual Momentum,2023-10-02,2023-11-01,retained,INTC,0.024993010688056483
Dual Momentum,2023-10-02,2023-11-01,outgoing,BA,-0.009296489099851812
Dual Momentum,2023-10-02,2023-11-01,universe_median,__UNIVERSE_MEDIAN__,0.0010325205902894652
Dual Momentum,2023-11-01,2023-12-01,new,WMT,-0.0537727105366157
Dual Momentum,2023-11-01,2023-12-01,retained,INTC,0.21933879030759518
Dual Momentum,2023-11-01,2023-12-01,retained,CRM,0.24427630189323435
Dual Momentum,2023-11-01,2023-12-01,retained,MSFT,0.11314470964604317
Dual Momentum,2023-11-01,2023-12-01,retained,AAPL,0.11450743377095418
Dual Momentum,2023-11-01,2023-12-01,outgoing,CSCO,-0.07225232745274046
Dual Momentum,2023-11-01,2023-12-01,universe_median,__UNIVERSE_MEDIAN__,0.08551945371012715
Dual Momentum,2023-12-01,2024-01-02,new,IBM,0.027902151606054915
Dual Momentum,2023-12-01,2024-01-02,retained,INTC,0.10910727478132021
Dual Momentum,2023-12-01,2024-01-02,retained,CRM,0.04215989529896058
Dual Momentum,2023-12-01,2024-01-02,retained,MSFT,-0.00769746389880599
Dual Momentum,2023-12-01,2024-01-02,retained,AAPL,-0.016707982906554397
Dual Momentum,2023-12-01,2024-01-02,outgoing,WMT,0.015793897221504816
Dual Momentum,2023-12-01,2024-01-02,universe_median,__UNIVERSE_MEDIAN__,0.045299261674597524
Dual Momentum,2024-01-02,2024-02-01,new,CAT,0.03821994929969552
Dual Momentum,2024-01-02,2024-02-01,new,JPM,0.03324113758379599
Dual Momentum,2024-01-02,2024-02-01,retained,CRM,0.08240601568740336
Dual Momentum,2024-01-02,2024-02-01,retained,MSFT,0.07481439856330585
Dual Momentum,2024-01-02,2024-02-01,retained,INTC,-0.12296747636891425
Dual Momentum,2024-01-02,2024-02-01,outgoing,IBM,0.1277407504344079
Dual Momentum,2024-01-02,2024-02-01,outgoing,AAPL,-0.0168847062316555
Dual Momentum,2024-01-02,2024-02-01,universe_median,__UNIVERSE_MEDIAN__,0.02669892665497442
Dual Momentum,2024-02-01,2024-03-01,new,AMGN,-0.1139538758717571
Dual Momentum,2024-02-01,2024-03-01,new,IBM,0.019338169722316056
Dual Momentum,2024-02-01,2024-03-01,retained,CRM,0.08861374801573985
Dual Momentum,2024-02-01,2024-03-01,retained,CAT,0.10143764655828691
Dual Momentum,2024-02-01,2024-03-01,retained,INTC,0.008974271474517126
Dual Momentum,2024-02-01,2024-03-01,outgoing,JPM,0.06945396580855845
Dual Momentum,2024-02-01,2024-03-01,outgoing,MSFT,0.025385191855771705
Dual Momentum,2024-02-01,2024-03-01,universe_median,__UNIVERSE_MEDIAN__,0.02297441619608076
Dual Momentum,2024-03-01,2024-04-01,new,AXP,0.03707077556514604
Dual Momentum,2024-03-01,2024-04-01,retained,IBM,0.024314046509141374
Dual Momentum,2024-03-01,2024-04-01,retained,CRM,-0.016012634617910138
Dual Momentum,2024-03-01,2024-04-01,retained,CAT,0.10023975624901671
Dual Momentum,2024-03-01,2024-04-01,retained,INTC,0.02027188351863396
Dual Momentum,2024-03-01,2024-04-01,outgoing,AMGN,0.020289209023750088
Dual Momentum,2024-03-01,2024-04-01,universe_median,__UNIVERSE_MEDIAN__,0.0288944352784819
Dual Momentum,2024-04-01,2024-05-01,new,TRV,-0.07680265172091794
Dual Momentum,2024-04-01,2024-05-01,new,JPM,-0.03299382546972962
Dual Momentum,2024-04-01,2024-05-01,retained,CRM,-0.10829007938373547
Dual Momentum,2024-04-01,2024-05-01,retained,CAT,-0.08948709998968718
Dual Momentum,2024-04-01,2024-05-01,retained,IBM,-0.12794715500949616
Dual Momentum,2024-04-01,2024-05-01,outgoing,AXP,0.02859041705832177
Dual Momentum,2024-04-01,2024-05-01,outgoing,INTC,-0.31880787301537483
Dual Momentum,2024-04-01,2024-05-01,universe_median,__UNIVERSE_MEDIAN__,-0.03595025211447522
Dual Momentum,2024-05-01,2024-06-03,new,AXP,0.02984308074897668
Dual Momentum,2024-05-01,2024-06-03,new,DIS,-0.06397696099535566
Dual Momentum,2024-05-01,2024-06-03,retained,CAT,0.022466642718343977
Dual Momentum,2024-05-01,2024-06-03,retained,TRV,0.011500751744359938
Dual Momentum,2024-05-01,2024-06-03,retained,JPM,0.052218079831295006
Dual Momentum,2024-05-01,2024-06-03,outgoing,CRM,-0.12787151392834317
Dual Momentum,2024-05-01,2024-06-03,outgoing,IBM,0.015107578393017684
Dual Momentum,2024-05-01,2024-06-03,universe_median,__UNIVERSE_MEDIAN__,0.022466642718343977
Dual Momentum,2024-06-03,2024-07-01,new,GS,-0.009501442282580208
Dual Momentum,2024-06-03,2024-07-01,new,MSFT,0.081762204822458
Dual Momentum,2024-06-03,2024-07-01,retained,TRV,-0.040047785238474964
Dual Momentum,2024-06-03,2024-07-01,retained,JPM,0.0026198507207917388
Dual Momentum,2024-06-03,2024-07-01,retained,AXP,-0.032683864484591485
Dual Momentum,2024-06-03,2024-07-01,outgoing,CAT,-0.01689777920143465
Dual Momentum,2024-06-03,2024-07-01,outgoing,DIS,-0.04579049193734408
Dual Momentum,2024-06-03,2024-07-01,universe_median,__UNIVERSE_MEDIAN__,0.0058281441437455506
Dual Momentum,2024-07-01,2024-08-01,new,MMM,0.23954901370931858
Dual Momentum,2024-07-01,2024-08-01,retained,MSFT,-0.06388064391595383
Dual Momentum,2024-07-01,2024-08-01,retained,GS,0.12208748471026909
Dual Momentum,2024-07-01,2024-08-01,retained,JPM,0.05689878982849028
Dual Momentum,2024-07-01,2024-08-01,retained,AXP,0.0958813534696974
Dual Momentum,2024-07-01,2024-08-01,outgoing,TRV,0.06453978285019324
Dual Momentum,2024-07-01,2024-08-01,universe_median,__UNIVERSE_MEDIAN__,0.03760041125932956
Dual Momentum,2024-08-01,2024-09-03,new,CAT,0.017066331481345953
Dual Momentum,2024-08-01,2024-09-03,retained,MMM,0.04883938714770286
Dual Momentum,2024-08-01,2024-09-03,retained,GS,0.0009257480944206975
Dual Momentum,2024-08-01,2024-09-03,retained,JPM,0.04268287300061058
Dual Momentum,2024-08-01,2024-09-03,retained,AXP,0.007563521640765458
Dual Momentum,2024-08-01,2024-09-03,outgoing,MSFT,-0.0050541213367137905
Dual Momentum,2024-08-01,2024-09-03,universe_median,__UNIVERSE_MEDIAN__,0.026541884619424527
Dual Momentum,2024-09-03,2024-10-01,new,WMT,0.043320639666845295
Dual Momentum,2024-09-03,2024-10-01,retained,GS,-0.0254005208729845
Dual Momentum,2024-09-03,2024-10-01,retained,AXP,0.06064040106357349
Dual Momentum,2024-09-03,2024-10-01,retained,JPM,-0.06027895227309732
Dual Momentum,2024-09-03,2024-10-01,retained,MMM,0.02247961441176849
Dual Momentum,2024-09-03,2024-10-01,outgoing,CAT,0.11089968400126549
Dual Momentum,2024-09-03,2024-10-01,universe_median,__UNIVERSE_MEDIAN__,0.027150800038795664
Dual Momentum,2024-10-01,2024-11-01,new,CAT,-0.03026473626851256
Dual Momentum,2024-10-01,2024-11-01,new,IBM,-0.0582876754249122
Dual Momentum,2024-10-01,2024-11-01,retained,AXP,0.006382806461038726
Dual Momentum,2024-10-01,2024-11-01,retained,MMM,-0.0553676433697573
Dual Momentum,2024-10-01,2024-11-01,retained,WMT,0.022930173019685363
Dual Momentum,2024-10-01,2024-11-01,outgoing,GS,0.05139723975830024
Dual Momentum,2024-10-01,2024-11-01,outgoing,JPM,0.07673525187639263
Dual Momentum,2024-10-01,2024-11-01,universe_median,__UNIVERSE_MEDIAN__,-0.019607804877414203
Dual Momentum,2024-11-01,2024-12-02,new,GS,0.17502301272042753
Dual Momentum,2024-11-01,2024-12-02,new,JPM,0.1162551437577315
Dual Momentum,2024-11-01,2024-12-02,retained,AXP,0.12453163835528214
Dual Momentum,2024-11-01,2024-12-02,retained,MMM,0.04491444525248656
Dual Momentum,2024-11-01,2024-12-02,retained,WMT,0.1246819017396601
Dual Momentum,2024-11-01,2024-12-02,outgoing,CAT,0.07773683187388936
Dual Momentum,2024-11-01,2024-12-02,outgoing,IBM,0.10359028405442894
Dual Momentum,2024-11-01,2024-12-02,universe_median,__UNIVERSE_MEDIAN__,0.08238946481383524
Dual Momentum,2024-12-02,2025-01-02,retained,JPM,-0.034582270739582754
Dual Momentum,2024-12-02,2025-01-02,retained,MMM,-0.02426413124972826
Dual Momentum,2024-12-02,2025-01-02,retained,WMT,-0.02844902741823785
Dual Momentum,2024-12-02,2025-01-02,retained,GS,-0.047187398119651225
Dual Momentum,2024-12-02,2025-01-02,retained,AXP,-0.02028000355163606
Dual Momentum,2024-12-02,2025-01-02,universe_median,__UNIVERSE_MEDIAN__,-0.02844902741823785
Dual Momentum,2025-01-02,2025-02-03,new,AAPL,-0.07608560980484891
Dual Momentum,2025-01-02,2025-02-03,retained,AXP,0.04307997134207131
Dual Momentum,2025-01-02,2025-02-03,retained,GS,0.0805959478070537
Dual Momentum,2025-01-02,2025-02-03,retained,MMM,0.14498398232654752
Dual Momentum,2025-01-02,2025-02-03,retained,WMT,0.07546119713082122
Dual Momentum,2025-01-02,2025-02-03,outgoing,JPM,0.09240512410805257
Dual Momentum,2025-01-02,2025-02-03,universe_median,__UNIVERSE_MEDIAN__,0.0016100291591740756
Dual Momentum,2025-02-03,2025-03-03,new,JPM,0.008287892131081387
Dual Momentum,2025-02-03,2025-03-03,new,IBM,0.015994886788178286
Dual Momentum,2025-02-03,2025-03-03,retained,GS,-0.0008208248936860674
Dual Momentum,2025-02-03,2025-03-03,retained,MMM,0.04750678564615729
Dual Momentum,2025-02-03,2025-03-03,retained,WMT,0.012503939599813219
Dual Momentum,2025-02-03,2025-03-03,outgoing,AXP,-0.03446619515975624
Dual Momentum,2025-02-03,2025-03-03,outgoing,AAPL,0.05246243948609419
Dual Momentum,2025-02-03,2025-03-03,universe_median,__UNIVERSE_MEDIAN__,0.031084686640632242
Dual Momentum,2025-03-03,2025-04-01,new,CSCO,-0.04674640960838261
Dual Momentum,2025-03-03,2025-04-01,retained,IBM,-0.02634052648756069
Dual Momentum,2025-03-03,2025-04-01,retained,GS,-0.12716883428691794
Dual Momentum,2025-03-03,2025-04-01,retained,MMM,-0.0630223735470129
Dual Momentum,2025-03-03,2025-04-01,retained,WMT,-0.10409891426498263
Dual Momentum,2025-03-03,2025-04-01,outgoing,JPM,-0.08098481636017896
Dual Momentum,2025-03-03,2025-04-01,universe_median,__UNIVERSE_MEDIAN__,-0.04674640960838261
Dual Momentum,2025-04-01,2025-05-01,new,V,-0.013868189202723702
Dual Momentum,2025-04-01,2025-05-01,retained,CSCO,-0.052366143734959625
Dual Momentum,2025-04-01,2025-05-01,retained,IBM,-0.0265694460325675
Dual Momentum,2025-04-01,2025-05-01,retained,MMM,-0.050926708540343535
Dual Momentum,2025-04-01,2025-05-01,retained,WMT,0.10829326747227408
Dual Momentum,2025-04-01,2025-05-01,outgoing,GS,0.008927472386488278
Dual Momentum,2025-04-01,2025-05-01,universe_median,__UNIVERSE_MEDIAN__,-0.0265694460325675
Dual Momentum,2025-05-01,2025-06-02,new,TRV,0.04454472323308711
Dual Momentum,2025-05-01,2025-06-02,new,MCD,-0.002100052251981288
Dual Momentum,2025-05-01,2025-06-02,retained,V,0.05148580141545267
Dual Momentum,2025-05-01,2025-06-02,retained,IBM,0.07507397326269905
Dual Momentum,2025-05-01,2025-06-02,retained,WMT,0.021222235270360157
Dual Momentum,2025-05-01,2025-06-02,outgoing,CSCO,0.08566983287154639
Dual Momentum,2025-05-01,2025-06-02,outgoing,MMM,0.07458936755873569
Dual Momentum,2025-05-01,2025-06-02,universe_median,__UNIVERSE_MEDIAN__,0.04454472323308711
Dual Momentum,2025-06-02,2025-07-01,new,CSCO,0.10600984708518069
Dual Momentum,2025-06-02,2025-07-01,new,DIS,0.1006980625197571
Dual Momentum,2025-06-02,2025-07-01,retained,V,-0.02467125291954808
Dual Momentum,2025-06-02,2025-07-01,retained,IBM,0.14233075760989422
Dual Momentum,2025-06-02,2025-07-01,retained,WMT,-0.01254556663686568
Dual Momentum,2025-06-02,2025-07-01,outgoing,TRV,-0.02209668389191255
Dual Momentum,2025-06-02,2025-07-01,outgoing,MCD,-0.058668434632261346
Dual Momentum,2025-06-02,2025-07-01,universe_median,__UNIVERSE_MEDIAN__,0.035020428822377214
Dual Momentum,2025-07-01,2025-08-01,new,GS,0.003545254785701779
Dual Momentum,2025-07-01,2025-08-01,new,BA,0.047494018846024666
Dual Momentum,2025-07-01,2025-08-01,new,JPM,0.003124983507574841
Dual Momentum,2025-07-01,2025-08-01,retained,CSCO,-0.021101549774522277
Dual Momentum,2025-07-01,2025-08-01,retained,IBM,-0.14646061714522618
Dual Momentum,2025-07-01,2025-08-01,outgoing,V,-0.027471633875182033
Dual Momentum,2025-07-01,2025-08-01,outgoing,WMT,0.0040984310103917565
Dual Momentum,2025-07-01,2025-08-01,outgoing,DIS,-0.04785427491681371
Dual Momentum,2025-07-01,2025-08-01,universe_median,__UNIVERSE_MEDIAN__,-0.011904828237844334
Dual Momentum,2025-08-01,2025-09-02,new,MSFT,-0.06300436914055763
Dual Momentum,2025-08-01,2025-09-02,new,DIS,-0.004847346092166638
Dual Momentum,2025-08-01,2025-09-02,retained,GS,0.04197268171191304
Dual Momentum,2025-08-01,2025-09-02,retained,BA,0.05390750510625364
Dual Momentum,2025-08-01,2025-09-02,retained,JPM,0.03395312504597037
Dual Momentum,2025-08-01,2025-09-02,outgoing,CSCO,0.008887514698268317
Dual Momentum,2025-08-01,2025-09-02,outgoing,IBM,-0.035325820407390296
Dual Momentum,2025-08-01,2025-09-02,universe_median,__UNIVERSE_MEDIAN__,0.03676370143534502
Dual Momentum,2025-09-02,2025-10-01,new,MMM,0.003247871306122363
Dual Momentum,2025-09-02,2025-10-01,retained,GS,0.07771691862591212
Dual Momentum,2025-09-02,2025-10-01,retained,BA,-0.07467141284854961
Dual Momentum,2025-09-02,2025-10-01,retained,JPM,0.0456605408345776
Dual Momentum,2025-09-02,2025-10-01,retained,MSFT,0.028633024952197106
Dual Momentum,2025-09-02,2025-10-01,outgoing,DIS,-0.02512386331357941
Dual Momentum,2025-09-02,2025-10-01,universe_median,__UNIVERSE_MEDIAN__,0.003247871306122363
Dual Momentum,2025-10-01,2025-11-03,new,INTC,0.20041758023720524
Dual Momentum,2025-10-01,2025-11-03,new,CAT,0.21850726972894519
Dual Momentum,2025-10-01,2025-11-03,new,JNJ,0.016129110624882204
Dual Momentum,2025-10-01,2025-11-03,retained,GS,-0.005103153186641229
Dual Momentum,2025-10-01,2025-11-03,retained,JPM,-0.0046437382777473335
Dual Momentum,2025-10-01,2025-11-03,outgoing,BA,-0.05593197293559471
Dual Momentum,2025-10-01,2025-11-03,outgoing,MSFT,0.009731914976569334
Dual Momentum,2025-10-01,2025-11-03,outgoing,MMM,0.07484621984799666
Dual Momentum,2025-10-01,2025-11-03,universe_median,__UNIVERSE_MEDIAN__,0.009731914976569334
Dual Momentum,2025-11-03,2025-12-01,new,MSFT,-0.058590151717371475
Dual Momentum,2025-11-03,2025-12-01,retained,INTC,-0.009689425829774834
Dual Momentum,2025-11-03,2025-12-01,retained,GS,0.0367542108595198
Dual Momentum,2025-11-03,2025-12-01,retained,CAT,-0.009584508026939664
Dual Momentum,2025-11-03,2025-12-01,retained,JNJ,0.09952967124880296
Dual Momentum,2025-11-03,2025-12-01,outgoing,JPM,0.006270007131292887
Dual Momentum,2025-11-03,2025-12-01,universe_median,__UNIVERSE_MEDIAN__,0.006270007131292887
Dual Momentum,2025-12-01,2026-01-02,retained,GS,0.08525929677328392
Dual Momentum,2025-12-01,2026-01-02,retained,CAT,0.012587558005771271
Dual Momentum,2025-12-01,2026-01-02,retained,MSFT,-0.008291725765819491
Dual Momentum,2025-12-01,2026-01-02,retained,JNJ,0.0015496602443296759
Dual Momentum,2025-12-01,2026-01-02,retained,INTC,-0.05243352033580051
Dual Momentum,2025-12-01,2026-01-02,universe_median,__UNIVERSE_MEDIAN__,0.0027677952762414915
Dual Momentum,2026-01-02,2026-02-02,new,AXP,-0.05182681757650287
Dual Momentum,2026-01-02,2026-02-02,retained,INTC,0.20810168162801612
Dual Momentum,2026-01-02,2026-02-02,retained,GS,0.05444568055378052
Dual Momentum,2026-01-02,2026-02-02,retained,CAT,0.1450401581965366
Dual Momentum,2026-01-02,2026-02-02,retained,JNJ,0.10395520631279398
Dual Momentum,2026-01-02,2026-02-02,outgoing,MSFT,-0.11179006704072625
Dual Momentum,2026-01-02,2026-02-02,universe_median,__UNIVERSE_MEDIAN__,0.04349478219421976
Dual Momentum,2026-02-02,2026-03-02,new,CSCO,0.008064424384270685
Dual Momentum,2026-02-02,2026-03-02,retained,INTC,-0.031339037293492855
Dual Momentum,2026-02-02,2026-03-02,retained,GS,-0.09409555756248555
Dual Momentum,2026-02-02,2026-03-02,retained,CAT,0.1116516705036692
Dual Momentum,2026-02-02,2026-03-02,retained,JNJ,0.09720874606315877
Dual Momentum,2026-02-02,2026-03-02,outgoing,AXP,-0.1345796600833974
Dual Momentum,2026-02-02,2026-03-02,universe_median,__UNIVERSE_MEDIAN__,0.010097060395595658
Dual Momentum,2026-03-02,2026-04-01,new,MRK,-0.0140447943889761
Dual Momentum,2026-03-02,2026-04-01,retained,INTC,0.018099529937821268
Dual Momentum,2026-03-02,2026-04-01,retained,GS,0.02375000606414135
Dual Momentum,2026-03-02,2026-04-01,retained,CAT,-0.015664828683689125
Dual Momentum,2026-03-02,2026-04-01,retained,JNJ,-0.014406655088718745
Dual Momentum,2026-03-02,2026-04-01,outgoing,CSCO,-0.009523760300096717
Dual Momentum,2026-03-02,2026-04-01,universe_median,__UNIVERSE_MEDIAN__,-0.03174412256600856
Dual Momentum,2026-04-01,2026-05-01,new,DOW,-0.0156287470726979
Dual Momentum,2026-04-01,2026-05-01,retained,INTC,1.071111043294271
Dual Momentum,2026-04-01,2026-05-01,retained,CAT,0.24452550072355894
Dual Momentum,2026-04-01,2026-05-01,retained,MRK,-0.07073126875436397
Dual Momentum,2026-04-01,2026-05-01,retained,JNJ,-0.06734533819100108
Dual Momentum,2026-04-01,2026-05-01,outgoing,GS,0.06564336830005946
Dual Momentum,2026-04-01,2026-05-01,universe_median,__UNIVERSE_MEDIAN__,0.04123440006099455
Dual Momentum,2026-05-01,2026-06-01,new,UNH,0.01115708661586412
Dual Momentum,2026-05-01,2026-06-01,retained,INTC,0.17414167262201508
Dual Momentum,2026-05-01,2026-06-01,retained,DOW,-0.15490300548311875
Dual Momentum,2026-05-01,2026-06-01,retained,CAT,-0.04089918330636311
Dual Momentum,2026-05-01,2026-06-01,retained,JNJ,-0.019978862062088654
Dual Momentum,2026-05-01,2026-06-01,outgoing,MRK,0.046470221396261335
Dual Momentum,2026-05-01,2026-06-01,universe_median,__UNIVERSE_MEDIAN__,-0.008954416056738745
Dual Momentum,2026-06-01,2026-07-01,new,CSCO,-0.027211996803068406
Dual Momentum,2026-06-01,2026-07-01,new,MRK,0.09681442325960399
Dual Momentum,2026-06-01,2026-07-01,retained,DOW,-0.21751827045078698
Dual Momentum,2026-06-01,2026-07-01,retained,CAT,0.2020090217941528
Dual Momentum,2026-06-01,2026-07-01,retained,INTC,0.23366535340871075
Dual Momentum,2026-06-01,2026-07-01,outgoing,UNH,0.11534471365724408
Dual Momentum,2026-06-01,2026-07-01,outgoing,JNJ,0.13463263200100362
Dual Momentum,2026-06-01,2026-07-01,universe_median,__UNIVERSE_MEDIAN__,-0.005249541528497992
Dual Momentum,2026-07-01,2026-08-03,new,JNJ,0.006791712618768431
Dual Momentum,2026-07-01,2026-08-03,retained,CSCO,-0.012967998206539488
Dual Momentum,2026-07-01,2026-08-03,retained,CAT,-0.21358950331344517
Dual Momentum,2026-07-01,2026-08-03,retained,MRK,0.014530120226293963
Dual Momentum,2026-07-01,2026-08-03,retained,INTC,-0.34518517388237846
Dual Momentum,2026-07-01,2026-08-03,outgoing,DOW,0.126492589309823
Dual Momentum,2026-07-01,2026-08-03,universe_median,__UNIVERSE_MEDIAN__,0.026968140332092494
