strategy,rebalance_date,next_rebalance_date,outgoing_symbol,incoming_symbol,outgoing_prior_rank,outgoing_exit_rank,outgoing_prior_score,outgoing_exit_score,incoming_rank,incoming_score,score_differential,outgoing_realized_return,outgoing_mfe,outgoing_mae,outgoing_state,removal_reason,rank_bucket,incoming_return,outgoing_counterfactual_return,replacement_advantage,large_winner,large_loser
Market-Residual Momentum,2021-09-01,2021-10-01,MSFT,VZ,5,6,-0.004251480338590907,-0.0043626402563750055,2,-0.003300249633539809,0.0010623906228351965,-0.0012528456041481784,0.0046166327996186585,-0.01371797774748773,near-flat,fell below top-N,just outside boundary,-0.017818145826597243,-0.06851150130095363,0.05069335547435638,False,False
Market-Residual Momentum,2021-09-01,2021-10-01,CSCO,WMT,3,7,-0.00392859135753143,-0.004413430403463425,5,-0.00401021308957672,0.0004032173138867057,0.020224720829344456,0.025929114790792518,0.0,winner,fell below top-N,just outside boundary,-0.0562486283892486,-0.07489008310836431,0.018641454719115713,False,False
Market-Residual Momentum,2021-10-01,2021-11-01,WMT,MSFT,5,6,-0.00401021308957672,-0.0034083311383668047,5,-0.003370548864954692,3.778227341211249e-05,-0.0562486283892486,0.011452741406829059,-0.0562486283892486,loser,fell below top-N,just outside boundary,0.1745359338462984,0.07697855138712728,0.09755738245917112,False,False
Market-Residual Momentum,2021-11-01,2021-12-01,MSFT,CSCO,5,6,-0.003370548864954692,-0.0034631812092449366,5,-0.003283493677507243,0.00017968753173769336,0.1745359338462984,0.1754573392261325,0.0,winner,fell below top-N,just outside boundary,-0.006085681715015667,0.013227639835240446,-0.019313321550256113,False,False
Market-Residual Momentum,2021-12-01,2022-01-03,CSCO,PG,5,12,-0.003283493677507243,-0.005873415223656142,5,-0.0032649192263389804,0.0026084959973171618,-0.006085681715015667,0.03400742136707269,-0.046894606087006574,loser,fell below top-N,moderate deterioration,0.11625829810722665,0.13272114371848165,-0.016462845611254995,False,False
Market-Residual Momentum,2022-02-01,2022-03-01,PG,HON,2,6,-0.0037095804243746366,-0.004699856203686736,5,-0.0044826908074764305,0.00021716539621030595,0.11603881307946318,0.13365589216265672,0.0,winner,fell below top-N,just outside boundary,-0.07969523210956131,-0.04030148844099668,-0.03939374366856463,False,False
Market-Residual Momentum,2022-03-01,2022-04-01,HON,PG,5,6,-0.0044826908074764305,-0.005796101363352735,3,-0.00485655107391425,0.0009395502894384844,-0.07969523210956131,0.017751218011798908,-0.12506932510481827,loser,fell below top-N,just outside boundary,-0.005119102198015035,0.04641827790786124,-0.051537380105876274,False,True
Market-Residual Momentum,2022-04-01,2022-05-02,VZ,HON,5,7,-0.005619984268620981,-0.007013045200712775,2,-0.006220665934673741,0.0007923792660390339,-0.05003783057387434,0.026115705196732675,-0.08434408364122836,loser,fell below top-N,just outside boundary,-0.0042188893485222145,-0.07729664690814508,0.07307775755962287,False,False
Market-Residual Momentum,2022-04-01,2022-05-02,PG,MSFT,3,8,-0.00485655107391425,-0.007767111232717561,4,-0.00660887207869898,0.001158239154018581,-0.005119102198015035,0.00745313034876105,-0.07186800147546568,loser,fell below top-N,just outside boundary,-0.1023369956174901,0.058537162461028025,-0.16087415807851813,False,False
Market-Residual Momentum,2022-06-01,2022-07-01,KO,AAPL,2,7,-0.006685737230347488,-0.00899027054046142,4,-0.007790895780059315,0.0011993747604021054,0.1449990773947829,0.1953704290248539,-0.06712521492111978,winner,fell below top-N,just outside boundary,-0.09246141624322257,0.0024603387085344597,-0.09492175495175703,False,False
Market-Residual Momentum,2022-09-01,2022-10-03,JNJ,AMGN,5,6,-0.007818126254690583,-0.007661704470644404,2,-0.006200219657991668,0.0014614848126527358,-0.0708633009160301,0.05628243949993261,-0.12017859617840398,loser,fell below top-N,just outside boundary,-0.0532928890746317,0.017338090872416334,-0.07063097994704803,False,False
Market-Residual Momentum,2022-10-03,2022-11-01,HON,KO,3,6,-0.006271869857344181,-0.00636789734184362,4,-0.006331141663610151,3.6755678233468814e-05,-0.12304218797814093,0.05362438584579077,-0.13902713571419545,loser,fell below top-N,just outside boundary,0.06511730178297737,0.2021522506359139,-0.13703494885293654,False,True
Market-Residual Momentum,2022-10-03,2022-11-01,AMGN,JNJ,2,7,-0.006200219657991668,-0.007246594956585195,5,-0.006360570935432297,0.000886024021152898,-0.0532928890746317,0.027248036259573727,-0.06909419187158872,loser,fell below top-N,just outside boundary,0.059468109916486434,0.1810576900863421,-0.12158958016985566,False,False
Market-Residual Momentum,2022-11-01,2022-12-01,KO,HON,4,6,-0.006331141663610151,-0.006649113240127402,4,-0.006174179477406949,0.00047493376272045307,0.06511730178297737,0.07806960461367085,-0.034953689988957204,winner,fell below top-N,just outside boundary,0.08595194138712015,0.06715196740211127,0.018799973985008878,False,False
Market-Residual Momentum,2022-12-01,2023-01-03,MSFT,KO,3,7,-0.005810037708728122,-0.007405557969451637,1,-0.004409862924465657,0.00299569504498598,-0.1734168622240393,0.018101052616851687,-0.3043772078891519,loser,fell below top-N,just outside boundary,-0.0007861067075355388,-0.0425018458110582,0.041715739103522664,False,True
Market-Residual Momentum,2022-12-01,2023-01-03,AAPL,CSCO,5,8,-0.006607377954004345,-0.00765499585778584,4,-0.006130110928728172,0.0015248849290576683,-0.008258122179674143,0.16606057370028227,-0.13235487343586705,loser,fell below top-N,just outside boundary,-0.04049745847024777,-0.1209771692685161,0.08047971079826832,False,False
Market-Residual Momentum,2023-02-01,2023-03-01,HON,IBM,3,6,-0.005225215778072556,-0.00596010552274806,3,-0.0053042269234321315,0.0006558785993159288,0.019445674191167495,0.08481812742343986,-0.016524859211008103,winner,fell below top-N,just outside boundary,-0.029791633602742507,-0.07326202329381082,0.04347038969106831,False,False
Market-Residual Momentum,2023-02-01,2023-03-01,MCD,AXP,5,7,-0.006110204008264675,-0.006261332609325598,5,-0.005748659667536682,0.0005126729417889164,0.15267218065990207,0.19506651310280754,-0.057449040162911524,winner,fell below top-N,just outside boundary,0.0007498435486554822,-0.011100848242666106,0.011850691791321588,False,False
Market-Residual Momentum,2023-03-01,2023-04-03,CSCO,PG,4,6,-0.005478760314025055,-0.006089689146158261,2,-0.004352822733076356,0.0017368664130819056,-0.021110213260302046,0.030420976128664012,-0.061122464939877164,loser,fell below top-N,just outside boundary,0.07518982232378613,0.07473161674923201,0.0004582055745541158,False,False
Market-Residual Momentum,2023-03-01,2023-04-03,IBM,V,3,9,-0.0053042269234321315,-0.00687358238237612,4,-0.0056633073452001526,0.0012102750371759674,-0.029791633602742507,0.0338101731985716,-0.029791633602742507,loser,fell below top-N,just outside boundary,0.026291650509159714,0.016058939461194965,0.010232711047964749,False,False
Market-Residual Momentum,2023-03-01,2023-04-03,AXP,HON,5,21,-0.005748659667536682,-0.011959660521084214,5,-0.005979736303305172,0.005979924217779042,0.0007498435486554822,0.04585303035702948,-0.0014421272541396135,near-flat,fell below top-N,severe/unranked,-0.003305536309906265,-0.05417559363716562,0.050870057327259355,False,False
Market-Residual Momentum,2023-04-03,2023-05-01,HON,CSCO,5,6,-0.005979736303305172,-0.006161966896419235,5,-0.00608283451349767,7.91323829215651e-05,-0.003305536309906265,0.030533141333443536,-0.03431969529837242,near-flat,fell below top-N,just outside boundary,-0.08654339441033121,0.049483327304645996,-0.1360267217149772,False,False
Market-Residual Momentum,2023-05-01,2023-06-01,CSCO,MCD,5,10,-0.00608283451349767,-0.00755185910881051,3,-0.005169169525768513,0.002382689583041997,-0.08654339441033121,0.004802151237135011,-0.09931629667018549,loser,fell below top-N,just outside boundary,-0.03652088108584295,0.05423722727333824,-0.09075810835918119,False,True
Market-Residual Momentum,2023-06-01,2023-07-03,JNJ,WMT,5,7,-0.005583148792032366,-0.004866224471706926,4,-0.004110003336590506,0.0007562211351164194,-0.03927114471987403,0.10422695349352296,-0.06799915514187316,loser,fell below top-N,just outside boundary,0.07249848197283737,0.06341428373555469,0.009084198237282681,False,False
Market-Residual Momentum,2023-07-03,2023-08-01,PG,AAPL,5,7,-0.0046562124090727686,-0.004958706008135749,5,-0.004710296546604487,0.00024840946153126264,0.10415329687838337,0.14125500447193184,-0.010720760322591283,winner,fell below top-N,just outside boundary,0.012694967460341378,0.03553054834712399,-0.022835580886782614,False,False
Market-Residual Momentum,2023-09-01,2023-10-02,AAPL,IBM,5,7,-0.0041071010301800825,-0.0044891568455697195,5,-0.004314365792988717,0.00017479105258100258,-0.020817841122018566,0.013778696289031833,-0.10086188471258828,loser,fell below top-N,just outside boundary,-0.049029127001703254,-0.09641673720157162,0.04738761019986837,False,False
Market-Residual Momentum,2023-10-02,2023-11-01,IBM,PG,5,6,-0.004314365792988717,-0.004431035787575532,5,-0.004072877968807398,0.00035815781876813446,-0.049029127001703254,0.017452222398457673,-0.049029127001703254,loser,fell below top-N,just outside boundary,0.04732026843649817,0.03541862396379236,0.011901644472705808,False,False
Market-Residual Momentum,2023-11-01,2023-12-01,KO,IBM,2,7,-0.0025838114153001746,-0.0046133349137049695,4,-0.0040109290118079954,0.0006024059018969741,-0.08616359507356852,0.01860100051580127,-0.15727541251548527,loser,fell below top-N,just outside boundary,0.10487276249137345,0.034049050129918434,0.07082371236145502,False,True
Market-Residual Momentum,2023-12-01,2024-01-02,IBM,JPM,4,7,-0.0040109290118079954,-0.0051252338052442115,4,-0.004347201166016168,0.0007780326392280434,0.10487276249137345,0.1059189563290932,0.0,winner,fell below top-N,just outside boundary,0.08516231188318368,0.027902151606054915,0.05726016027712877,False,False
Market-Residual Momentum,2023-12-01,2024-01-02,WMT,KO,1,10,-0.0032563127169218387,-0.006760095868795668,5,-0.004636534134863979,0.0021235617339316892,0.06649577214103419,0.16533443453718677,0.0,winner,fell below top-N,just outside boundary,0.00909557350390422,0.015793897221504816,-0.006698323717600596,False,False
Market-Residual Momentum,2024-01-02,2024-02-01,PG,IBM,3,6,-0.004050610099185836,-0.004839663543933614,5,-0.004766760886539045,7.290265739456903e-05,0.017293506588555108,0.06706008931223062,-0.012294687307005447,winner,fell below top-N,just outside boundary,0.1277407504344079,0.07789077509763986,0.04984997533676805,False,False
Market-Residual Momentum,2024-03-01,2024-04-01,KO,JNJ,4,6,-0.004439732270963281,-0.0047182217620592715,3,-0.004119344117746615,0.0005988776443126564,0.027973185357765606,0.0509695793299525,-0.011326579407681447,winner,fell below top-N,just outside boundary,-0.025397154459727678,0.02953868968762685,-0.05493584414735453,False,False
Market-Residual Momentum,2024-03-01,2024-04-01,MCD,HON,3,7,-0.004020511079655176,-0.004863931135702604,4,-0.004511807972286452,0.00035212316341615146,0.0075817105516835515,0.03330726131078654,-0.15857082607482842,winner,fell below top-N,just outside boundary,0.03947558873166912,-0.033940845995896085,0.0734164347275652,False,False
Market-Residual Momentum,2024-03-01,2024-04-01,IBM,HD,5,19,-0.0046500898022450166,-0.009227091562511669,5,-0.004665873268961285,0.004561218293550384,0.1495491924690806,0.16950211415538252,-0.02253867404121901,winner,fell below top-N,moderate deterioration,0.008916729773830623,0.024314046509141374,-0.015397316735310751,False,False
Market-Residual Momentum,2024-04-01,2024-05-01,HD,KO,5,6,-0.004665873268961285,-0.005012073772096559,5,-0.004804195504027775,0.00020787826806878407,0.008916729773830623,0.04523009356280294,-0.017399284976927,winner,fell below top-N,just outside boundary,0.010133922414413021,-0.12703494674680582,0.13716886916121884,False,False
Market-Residual Momentum,2024-05-01,2024-06-03,JPM,MCD,2,8,-0.003729060497709047,-0.005777292217449159,5,-0.004875718933587514,0.0009015732838616453,0.24877478481971105,0.2933842121718919,0.0,winner,fell below top-N,just outside boundary,-0.043390854928033296,0.052218079831295006,-0.0956089347593283,True,False
Market-Residual Momentum,2024-06-03,2024-07-01,HON,MSFT,4,6,-0.004755966910716891,-0.004953307038875865,3,-0.0038604175406949937,0.0010928894981808712,0.036991545042251994,0.05123720977193602,-0.03659097181107851,winner,fell below top-N,just outside boundary,0.081762204822458,0.045726663514856325,0.03603554130760167,False,False
Market-Residual Momentum,2024-06-03,2024-07-01,JNJ,PG,3,7,-0.004184678371166983,-0.005353691381400183,4,-0.004735830058067658,0.0006178613233325247,-0.08273934493766333,0.005623230391632594,-0.10739675955419603,loser,fell below top-N,just outside boundary,0.010126407908318757,-0.008013598019529278,0.018140005927848035,False,True
Market-Residual Momentum,2024-06-03,2024-07-01,MCD,CSCO,5,8,-0.004875718933587514,-0.005570384016123309,5,-0.004891355477727233,0.0006790285383960759,-0.043390854928033296,0.013339187937937869,-0.08110404450127773,loser,fell below top-N,just outside boundary,0.016267160384621393,-0.01201878144024715,0.028285941824868543,False,False
Market-Residual Momentum,2024-07-01,2024-08-01,CSCO,HON,5,7,-0.004891355477727233,-0.0056766112613708675,5,-0.004929125932645939,0.0007474853287249283,0.016267160384621393,0.016909171702375936,-0.025684856080940177,winner,fell below top-N,just outside boundary,-0.041334537325401155,0.03278303282887851,-0.07411757015427967,False,False
Market-Residual Momentum,2024-11-01,2024-12-02,V,JNJ,3,6,-0.005070820481993921,-0.007286502398499151,5,-0.006567251256022866,0.0007192511424762849,0.3299730080407779,0.34412597429698977,-0.022737640733710762,winner,fell below top-N,just outside boundary,-0.02857322598996337,0.10056652259588228,-0.12913974858584565,True,False
Market-Residual Momentum,2024-12-02,2025-01-02,HON,WMT,4,7,-0.006411429065975249,-0.007549758405181239,5,-0.007301899287121882,0.000247859118059357,0.1054713440138424,0.1054713440138424,-0.07699177198770324,winner,fell below top-N,just outside boundary,-0.02844902741823785,-0.02624467747789483,-0.00220434994034302,False,False
Market-Residual Momentum,2025-01-02,2025-02-03,PG,CSCO,4,6,-0.006829744614626265,-0.007140049348662747,4,-0.006430880701904007,0.0007091686467587399,0.03760879732999611,0.10927649569014086,-0.013439340298112445,winner,fell below top-N,just outside boundary,0.022442216627922118,-0.009584277294568566,0.032026493922490684,False,False
Market-Residual Momentum,2025-01-02,2025-02-03,WMT,AAPL,5,7,-0.007301899287121882,-0.007731030613143508,5,-0.006809362401263508,0.0009216682118800001,-0.02844902741823785,0.031027880801759444,-0.02844902741823785,loser,fell below top-N,just outside boundary,-0.07608560980484891,0.07546119713082122,-0.15154680693567013,False,False
Market-Residual Momentum,2025-02-03,2025-03-03,AAPL,V,5,7,-0.006809362401263508,-0.007503047742695501,5,-0.006820495192982778,0.0006825525497127227,-0.07608560980484891,0.0,-0.1056120424218393,loser,fell below top-N,just outside boundary,0.06944345894756632,0.05246243948609419,0.016981019461472124,False,False
Market-Residual Momentum,2025-03-03,2025-04-01,MSFT,MCD,3,6,-0.005145492051596645,-0.007031498820328275,3,-0.006524918274078084,0.0005065805462501904,-0.03462727068916871,0.1273317379602068,-0.049045827952120646,loser,fell below top-N,just outside boundary,0.016130627647664042,-0.060603910340834344,0.07673453798849839,False,False
Market-Residual Momentum,2025-04-01,2025-05-01,MCD,MSFT,3,7,-0.006524918274078084,-0.00843060891922176,5,-0.007431862460316574,0.0009987464589051864,0.016130627647664042,0.04277692759295704,-0.03443578181361573,winner,fell below top-N,just outside boundary,0.15070069252944007,0.00022356591725958275,0.1504771266121805,False,False
Market-Residual Momentum,2025-05-01,2025-06-02,JNJ,AXP,2,9,-0.006137595424937303,-0.011500917664963861,3,-0.007969256219021337,0.0035316614459425244,-0.01921549319175364,0.061145492287214775,-0.10823353171732097,loser,fell below top-N,just outside boundary,0.09085833111189179,0.0051892727432159,0.08566905836867589,False,False
Market-Residual Momentum,2025-06-02,2025-07-01,MSFT,JPM,4,6,-0.008278031920990303,-0.009082399495344284,4,-0.006998982727073666,0.0020834167682706184,0.22472028262164945,0.23334687633942508,-0.0536233810434229,winner,fell below top-N,just outside boundary,0.10596157873006962,0.08399419373058548,0.02196738499948414,True,False
Market-Residual Momentum,2025-06-02,2025-07-01,KO,GS,5,9,-0.009362091697665886,-0.009600953354747754,5,-0.007096714188700171,0.002504239166047584,0.21255822562815352,0.24403777471858512,-0.050997083951598965,winner,fell below top-N,just outside boundary,0.1827598823644061,-0.0074311020299389074,0.190190984394345,False,False
Market-Residual Momentum,2025-09-02,2025-10-01,V,MSFT,5,7,-0.007678601071084756,-0.007349478285518352,5,-0.006768638688258277,0.0005808395972600744,0.03263391048836328,0.10164462782634232,-0.09179801676195387,winner,fell below top-N,just outside boundary,0.028633024952197106,-0.02576511196969411,0.054398136921891216,False,False
Market-Residual Momentum,2025-10-01,2025-11-03,MSFT,KO,5,6,-0.006768638688258277,-0.006863997001996691,5,-0.006817421882502228,4.6575119494463024e-05,0.028633024952197106,0.0368354429086597,-0.010929614429211143,winner,fell below top-N,just outside boundary,0.03443097786554139,0.009731914976569334,0.024699062888972056,False,False
Market-Residual Momentum,2025-11-03,2025-12-01,CSCO,MCD,3,7,-0.006243674910541119,-0.006306864671900558,2,-0.005345481782032313,0.0009613828898682453,0.2912779007562665,0.2912779007562665,-0.09043383115358361,winner,fell below top-N,just outside boundary,0.045913696525081704,0.02761019529768216,0.018303501227399543,True,False
Market-Residual Momentum,2025-11-03,2025-12-01,AXP,PG,4,16,-0.006533051977371085,-0.00893645108099439,3,-0.005398682270783106,0.0035377688102112836,0.35383753078478697,0.35635004016045957,0.0,winner,fell below top-N,moderate deterioration,-0.013324411519796686,0.00792233880140758,-0.021246750321204266,True,False
Market-Residual Momentum,2025-12-01,2026-01-02,GS,MSFT,5,7,-0.005999310976768202,-0.007428601680343316,1,-0.004770791344575476,0.0026578103357678406,0.3748282362512001,0.4090565570848985,0.0,winner,fell below top-N,just outside boundary,-0.008291725765819491,0.08525929677328392,-0.09355102253910341,True,False
Market-Residual Momentum,2026-01-02,2026-02-02,JPM,JNJ,2,7,-0.0049346247300476875,-0.007095095755431324,5,-0.006973043889594854,0.00012205186583646999,0.23803952077248725,0.2636449092836821,-0.004068008624307673,winner,fell below top-N,just outside boundary,0.10395520631279398,-0.051679617948446555,0.15563482426124053,True,False
Market-Residual Momentum,2026-02-02,2026-03-02,MSFT,TRV,2,6,-0.006153649098864178,-0.0075897550524343105,5,-0.007548860826639636,4.089422579467428e-05,-0.11915486022730148,0.0073294114327557836,-0.11915486022730148,loser,fell below top-N,just outside boundary,0.07572316045926519,-0.0847976999573199,0.1605208604165851,False,True
Market-Residual Momentum,2026-04-01,2026-05-01,PG,AAPL,4,6,-0.006751976240284896,-0.008690051851643066,5,-0.007837502145962016,0.0008525497056810494,-0.03436482229239046,0.12183281792033651,-0.0803465143943094,loser,fell below top-N,just outside boundary,0.09752829417302289,0.035182374128667426,0.06234592004435546,False,False
