date,n,observations,max_risk_contribution,top2_risk_contribution,risk_hhi,average_pairwise_correlation,maximum_pairwise_correlation,ex_ante_volatility
2021-08-23 00:00:00-04:00,5,60,0.29336351933404586,0.562298499746505,0.23961891042754255,0.37530532346764095,0.8919303124943005,0.14661254240917068
2021-09-01 00:00:00-04:00,5,60,0.2906508148936368,0.5704303665681147,0.24408543101719077,0.3745812820080595,0.8934938010952247,0.14955438632412466
2021-10-01 00:00:00-04:00,5,60,0.26640923421650925,0.5297654044811662,0.22497676733477856,0.46437541797767423,0.8852737372204275,0.1658013573497563
2021-11-01 00:00:00-04:00,5,60,0.25830038447050424,0.4951757793322358,0.20829862788705594,0.31153625072428043,0.5686338604572939,0.14693809886590573
2021-12-01 00:00:00-05:00,5,60,0.22457282297205475,0.43880221080829696,0.201539961867863,0.38895925061133,0.499942099365627,0.15896612132095503
2022-01-03 00:00:00-05:00,5,60,0.22374742899463063,0.4462528751016239,0.20307386701416863,0.385024853044175,0.5795579473386854,0.16074061667943224
2022-02-01 00:00:00-05:00,5,60,0.3060404753734119,0.5999877264725106,0.24257407194780553,0.2298967302155587,0.7054221367520274,0.14670444256064813
2022-03-01 00:00:00-05:00,5,60,0.28415864426408577,0.5585224083757332,0.2421704148255562,0.18162471059563107,0.75639098354308,0.1685459285546669
2022-04-01 00:00:00-04:00,5,60,0.2774205271147469,0.5521091130698874,0.23009190433248816,0.15006946437791582,0.5210156478190492,0.13855090439347467
2022-05-02 00:00:00-04:00,5,60,0.25058006758390233,0.4590858041716761,0.20544440139736206,0.34959867192037086,0.5940991924252036,0.163940839875719
2022-06-01 00:00:00-04:00,5,60,0.264815588158527,0.5201588856540191,0.22215581103033558,0.31791524109454855,0.6817671250144756,0.16249434556115053
2022-07-01 00:00:00-04:00,5,60,0.28426558980882344,0.5395743953784169,0.22101323504110995,0.40729864362903817,0.6430963549459667,0.1927384441615557
2022-08-01 00:00:00-04:00,5,60,0.3068898629953905,0.5433009032382482,0.22720269702058865,0.3656978104141201,0.6124520768938425,0.1931365306869383
2022-09-01 00:00:00-04:00,5,60,0.28496587909738774,0.5580437331773023,0.22277025923171376,0.398999238441928,0.6360007338584166,0.16374595671528336
2022-10-03 00:00:00-04:00,2,60,0.7511910753726798,1.0,0.6261939126937666,0.07119913649402698,0.07119913649402698,0.20099502436781383
2022-11-01 00:00:00-04:00,5,60,0.23973410309240045,0.46939388798370396,0.2046869388770817,0.4420224394904794,0.5941339011807312,0.1803476086797116
2022-12-01 00:00:00-05:00,5,60,0.282115542665718,0.5213996014684796,0.21551931220543394,0.41633902182739224,0.6932311343689271,0.21217760069565222
2023-01-03 00:00:00-05:00,5,60,0.22652846350206854,0.4517946170332874,0.2045474747250108,0.4104390427161232,0.6082493508259481,0.1740000375598712
2023-02-01 00:00:00-05:00,5,60,0.30731371452869094,0.5184386332673387,0.22464481588951327,0.3882839409099642,0.6789434057201835,0.17882771622310875
2023-03-01 00:00:00-05:00,5,60,0.31677990307092574,0.5360386858242089,0.2203364742512789,0.4067164047955565,0.6038997241085519,0.15942515642010396
2023-04-03 00:00:00-04:00,5,60,0.2652023220318409,0.5187263918521308,0.21767129791416756,0.3618712762404661,0.5619420808397273,0.1695911119825009
2023-05-01 00:00:00-04:00,5,60,0.22567739651400037,0.4506451914984174,0.20870155317536782,0.32653620270649647,0.501466134820607,0.19123200343511018
2023-06-01 00:00:00-04:00,5,60,0.2745596389516908,0.5134207265660606,0.22846562195297954,0.18944748737509529,0.4974996107358859,0.1553163987429954
2023-07-03 00:00:00-04:00,5,60,0.247051046588462,0.4522504048222181,0.2036785201325009,0.1775537566233367,0.4859683312809426,0.15275970899022243
2023-08-01 00:00:00-04:00,5,60,0.37142560572173694,0.5532229380144258,0.2377350625929157,0.12583432037293746,0.29679942698601436,0.17108581366485423
2023-09-01 00:00:00-04:00,5,60,0.34003264569494895,0.5150032607221282,0.2250405783075463,0.28708549220356777,0.47776186921121105,0.18346420040150288
2023-10-02 00:00:00-04:00,5,60,0.33839198176500035,0.5439260263518543,0.23017205825623163,0.3194829809458761,0.4937984331267063,0.16636587927292001
2023-11-01 00:00:00-04:00,5,60,0.3627098138371354,0.5808413411561559,0.24675069559693025,0.35123459941081964,0.5798344396007927,0.16334342390581721
2023-12-01 00:00:00-05:00,5,60,0.32543466945026345,0.5788946739136931,0.23372257370472638,0.29662940594941684,0.6491143174054415,0.16466218265600244
2024-01-02 00:00:00-05:00,5,60,0.32317591417219493,0.5740021583160984,0.23798333932346868,0.21554517269088763,0.41829148700327623,0.16286005792690003
2024-02-01 00:00:00-05:00,5,60,0.35630076008028927,0.5716723450693493,0.240652828280734,0.22351037600626805,0.3465804795385578,0.1717592176933537
2024-03-01 00:00:00-05:00,5,60,0.2945865006021523,0.5076430290813951,0.21926763789264556,0.24333744513249767,0.36861525566804054,0.1689596833107641
2024-04-01 00:00:00-04:00,5,60,0.2891226085538034,0.5224092581251499,0.22123336683571382,0.32436994666692126,0.5425924040987715,0.14375009104441472
2024-05-01 00:00:00-04:00,5,60,0.23991174359695638,0.47925007704684863,0.20720897153673817,0.23365303435204776,0.4137648677211784,0.14504957731912171
2024-06-03 00:00:00-04:00,5,60,0.24762814648556913,0.487656083819507,0.2106143879067426,0.26724134049855114,0.5616954825953522,0.13918383825834293
2024-07-01 00:00:00-04:00,5,60,0.28213015543506076,0.5229736950001189,0.22384239747751025,0.19410235927851754,0.49878345741565744,0.12712028072501558
2024-08-01 00:00:00-04:00,5,60,0.40754329251213905,0.558347698836126,0.2538756629267829,0.3725982589629827,0.6316805353172865,0.1815203750903151
2024-09-03 00:00:00-04:00,5,60,0.3395895670993027,0.5536146755777018,0.23621933576194312,0.353114723238684,0.7867110990469717,0.19146299066910938
2024-10-01 00:00:00-04:00,5,60,0.38109627901484144,0.6161623654914348,0.2607278424179276,0.23871994635921912,0.5915519239419783,0.18753117398672375
2024-11-01 00:00:00-04:00,5,60,0.26854316799815864,0.5249866010115838,0.22561086510473782,0.315126451428139,0.7743386097595074,0.14809492599804466
2024-12-02 00:00:00-05:00,5,60,0.31584912985673186,0.6064080201457844,0.2590584888853875,0.37170146258500325,0.8939564247100537,0.20745281803378962
2025-01-02 00:00:00-05:00,5,60,0.3587118935350324,0.6288302141852522,0.26080472217359757,0.29310991383069684,0.7964229117892234,0.16673078300058503
2025-02-03 00:00:00-05:00,5,60,0.30862745116143675,0.5601907442596681,0.2366276143889622,0.3656826068142488,0.8977726942466381,0.2053867480807482
2025-03-03 00:00:00-05:00,5,60,0.28475316531140377,0.5207141422284803,0.2147976966159844,0.29656587170998894,0.5160077510763801,0.16050251785070624
2025-04-01 00:00:00-04:00,5,60,0.27681194254020314,0.4907687508756545,0.21015854978760135,0.3618685379106862,0.5320196368238311,0.17660287490059684
2025-05-01 00:00:00-04:00,5,60,0.2377411986819187,0.46404973399271504,0.2063043509159914,0.526972616754841,0.7230368437265194,0.25152637977526304
2025-06-02 00:00:00-04:00,5,60,0.2731301520503091,0.46844743674857914,0.20706910539467982,0.6748375917427605,0.8032569497674399,0.31381089817718116
2025-07-01 00:00:00-04:00,5,60,0.2694740295886816,0.5058830421047571,0.21076988241352881,0.7381738837228029,0.9115198689490077,0.3485761950287059
2025-08-01 00:00:00-04:00,5,60,0.2774737072776973,0.5086244917963195,0.21914862741215907,0.3209618868114549,0.8162229628536828,0.14737817941392622
2025-09-02 00:00:00-04:00,5,60,0.24424566381063148,0.4803225467892476,0.21158807338809899,0.3226505777445327,0.7682369619976922,0.1421911142166412
2025-10-01 00:00:00-04:00,5,60,0.6211095711605911,0.7631619021234488,0.43032362037518934,0.1905613305688944,0.7476226553404961,0.18542208624336198
2025-11-03 00:00:00-05:00,5,60,0.6418690764220304,0.8370402028642243,0.4236707223991176,0.022106658068192682,0.2975141548590311,0.1790830351871223
2025-12-01 00:00:00-05:00,5,60,0.6007737388848987,0.8027609548647507,0.39747596338788327,0.07563803811732998,0.3000324953120839,0.19521066352159464
2026-01-02 00:00:00-05:00,5,60,0.3901255913556005,0.6467198351357218,0.2734988462841207,0.18634649835556316,0.41406444650068724,0.19768933212222467
2026-02-02 00:00:00-05:00,5,60,0.5568004448560656,0.751593828719253,0.3769589202624502,0.19955236348206834,0.6369493521522661,0.23545802952022613
2026-03-02 00:00:00-05:00,5,60,0.5283390763269047,0.7518702335244642,0.35759923544983246,0.1568959596781039,0.5762595794064063,0.23733659160356715
2026-04-01 00:00:00-04:00,5,60,0.46230084799320537,0.6624257273948791,0.3047805960392415,0.24022119375543288,0.4465450531989687,0.27296329081950466
2026-05-01 00:00:00-04:00,5,60,0.5044081686966841,0.7102163588249382,0.33499794966507795,0.05922654238319989,0.33850730196689777,0.25318480315239006
2026-06-01 00:00:00-04:00,5,60,0.5433802999917248,0.7415318291089796,0.36028532599022217,0.054115689305697545,0.3579809069621886,0.26075444337192955
2026-07-01 00:00:00-04:00,5,60,0.546377297954826,0.774945919563407,0.37940772573141485,0.09775883169644146,0.641412819623679,0.2777785235402058
2026-08-03 00:00:00-04:00,5,60,0.513894463229455,0.7919179136059145,0.36399782244443263,0.0652384293039457,0.6229605439927075,0.27971895183324147
