ticker,action,cohort,announce_date,effective_date,return_pct
HOG,add,pre-2005,2000-01-26,2000-01-31,-6.2604449693378195
SCI,delete,pre-2005,2000-03-13,2000-03-16,-15.254276786996856
A,add,pre-2005,2000-05-31,2000-06-05,7.300490007134397
NC,delete,pre-2005,2000-05-31,2000-06-05,-1.8211820094870101
SBUX,add,pre-2005,2000-06-05,2000-06-08,-0.8771523017554905
CVG,add,pre-2005,2000-06-08,2000-06-13,2.564080068760899
CSR,delete,pre-2005,2000-06-13,2000-06-16,1.6906121971530519
SANM,add,pre-2005,2000-06-16,2000-06-21,4.236610711430866
VIAV,add,pre-2005,2000-07-24,2000-07-27,-2.2792087531365857
DVN,add,pre-2005,2000-08-25,2000-08-30,2.0942165629159515
NBR,add,pre-2005,2000-10-13,2000-10-18,-0.5190214656829784
EOG,add,pre-2005,2000-10-30,2000-11-02,6.310679647704798
NI,add,pre-2005,2000-10-30,2000-11-02,3.394254468989555
RHI,add,pre-2005,2000-11-30,2000-12-05,6.903736850591979
INTU,add,pre-2005,2000-12-06,2000-12-11,7.958926145895706
MET,add,pre-2005,2000-12-06,2000-12-11,6.214621086909022
CCK,delete,pre-2005,2000-12-06,2000-12-11,-17.460323281580592
OI,delete,pre-2005,2000-12-06,2000-12-11,-15.254243773280251
SYK,add,pre-2005,2000-12-07,2000-12-12,0.9608132583668771
FLR,add,pre-2005,2000-12-19,2000-12-22,7.851226709576764
JBL,add,pre-2005,2001-01-25,2001-01-30,8.800023187542848
CTAS,add,pre-2005,2001-02-26,2001-03-01,-19.18368985595249
FISV,add,pre-2005,2001-03-28,2001-04-02,-3.3248044113902364
ZION,add,pre-2005,2001-06-20,2001-06-25,-1.5703001875932765
ZBH,add,pre-2005,2001-08-02,2001-08-07,4.5026507538849625
TKR,delete,pre-2005,2001-08-02,2001-08-07,-0.1327639670040126
CIEN,add,pre-2005,2001-08-27,2001-08-30,-4.9322457748570585
OKE,delete,pre-2005,2001-08-27,2001-08-30,-4.6334598210227345
NVDA,add,pre-2005,2001-11-27,2001-11-30,1.0167426286195491
EQR,add,pre-2005,2001-11-28,2001-12-03,0.3848962811062506
WAT,add,pre-2005,2001-12-27,2002-01-02,-1.147961107605111
FMC,delete,pre-2005,2001-12-27,2002-01-02,6.823315004289032
FHN,add,pre-2005,2002-05-01,2002-05-06,-0.4126942513256071
TT,add,pre-2005,2002-05-08,2002-05-13,1.026765321430223
SPG,add,pre-2005,2002-06-21,2002-06-26,0.9776033074294199
EA,add,pre-2005,2002-07-17,2002-07-22,-15.174582610316268
EBAY,add,pre-2005,2002-07-17,2002-07-22,-9.039270920462084
GS,add,pre-2005,2002-07-17,2002-07-22,-3.3298114799687695
PFG,add,pre-2005,2002-07-17,2002-07-22,-4.9773898783370125
PRU,add,pre-2005,2002-07-17,2002-07-22,0.732087873120868
UPS,add,pre-2005,2002-07-17,2002-07-22,3.7992826139084057
CNC,delete,pre-2005,2002-07-22,2002-07-25,9.505208794143982
DGX,add,pre-2005,2002-12-09,2002-12-12,-1.6033812383445256
AN,add,pre-2005,2003-02-19,2003-02-24,5.075339894905229
AIV,add,pre-2005,2003-03-11,2003-03-14,2.418261869702487
MKC,add,pre-2005,2003-03-18,2003-03-21,5.415322347990004
EHC,delete,pre-2005,2003-03-18,2003-03-21,0.0
PLD,add,pre-2005,2003-07-14,2003-07-17,0.0
ESRX,add,pre-2005,2003-09-23,2003-09-26,-1.7476749548722248
BIIB,add,pre-2005,2003-11-10,2003-11-13,6.592078395201728
MTB,add,pre-2005,2004-02-24,2004-02-27,1.2224771943088575
VLO,add,pre-2005,2004-04-26,2004-04-29,2.3140386967317683
GILD,add,pre-2005,2004-06-28,2004-07-01,4.707509450216252
TPR,add,pre-2005,2004-08-27,2004-09-01,0.2376792361066249
LH,add,pre-2005,2004-10-27,2004-11-01,2.254456826430018
DLX,delete,pre-2005,2004-12-15,2004-12-20,-2.0512537211793025
WOR,delete,pre-2005,2004-12-15,2004-12-20,-3.129767523387239
HCA,add,post-2015,2015-01-22,2015-01-27,2.869281638359422
SWKS,add,post-2015,2015-03-09,2015-03-12,0.8032796879641646
HSIC,add,post-2015,2015-03-13,2015-03-18,2.0532347056327005
AAL,add,post-2015,2015-03-18,2015-03-23,0.4987984493966202
EQIX,add,post-2015,2015-03-18,2015-03-23,0.9048207663782337
SLG,add,post-2015,2015-03-18,2015-03-23,2.1592762723138925
NBR,delete,post-2015,2015-03-18,2015-03-23,1.7774387804883496
O,add,post-2015,2015-04-01,2015-04-07,-1.6122740620395093
QRVO,add,post-2015,2015-06-09,2015-06-12,4.322297254923946
JBHT,add,post-2015,2015-06-26,2015-07-01,-1.1333721965459453
ATI,delete,post-2015,2015-06-29,2015-07-02,-4.585069716464185
AAP,add,post-2015,2015-07-06,2015-07-09,-0.8261572532747841
PYPL,add,post-2015,2015-07-15,2015-07-20,7.891230263564153
SIG,add,post-2015,2015-07-24,2015-07-29,0.6113698102640397
UAL,add,post-2015,2015-08-31,2015-09-03,0.4914845941676349
NWS,add,post-2015,2015-09-16,2015-09-21,-0.7692218390242256
VRSK,add,post-2015,2015-10-05,2015-10-08,0.15995050923320875
HPE,add,post-2015,2015-10-28,2015-11-02,-10.995100967487769
FCPT,delete,post-2015,2015-11-12,2015-11-17,-3.3122244211058027
SYF,add,post-2015,2015-11-13,2015-11-18,3.505888452254946
GNW,delete,post-2015,2015-11-13,2015-11-18,0.8547000709448138
ILMN,add,post-2015,2015-11-16,2015-11-19,2.151553047494814
CSRA,add,post-2015,2015-11-24,2015-11-30,-1.4696611138074411
DXC,delete,post-2015,2015-11-25,2015-12-01,7.061703872545189
CHD,add,post-2015,2015-12-23,2015-12-29,-0.6105987936685042
CCEP,add,post-2015,2015-12-29,2016-01-04,-2.5635793777073146
CPRI,add,post-2015,2015-12-29,2016-01-04,-1.5605935524079073
FOSL,delete,post-2015,2015-12-30,2016-01-05,-10.099649588268523
EXR,add,post-2015,2016-01-13,2016-01-19,-1.1725304678574355
CFG,add,post-2015,2016-01-27,2016-02-01,-2.027356802864677
FRT,add,post-2015,2016-01-27,2016-02-01,2.626799710133554
AWK,add,post-2015,2016-03-01,2016-03-04,3.935686831841134
CNX,delete,post-2015,2016-03-01,2016-03-04,16.906071577290426
UDR,add,post-2015,2016-03-02,2016-03-07,-0.9123598470629712
CNC,add,post-2015,2016-03-24,2016-03-30,-2.038894716566375
UA,add,post-2015,2016-04-05,2016-04-08,7.130683889980727
ULTA,add,post-2015,2016-04-13,2016-04-18,-0.24587528268154024
THC,delete,post-2015,2016-04-13,2016-04-18,0.44122691149337534
GPN,add,post-2015,2016-04-20,2016-04-25,-3.5657954811998738
GME,delete,post-2015,2016-04-20,2016-04-25,-0.2736371317408337
AYI,add,post-2015,2016-04-28,2016-05-03,-1.6120561558845115
ALK,add,post-2015,2016-05-10,2016-05-13,-4.428092403600226
DLR,add,post-2015,2016-05-13,2016-05-18,-0.8898620433026916
LKQ,add,post-2015,2016-05-18,2016-05-23,-0.28131889844855706
AJG,add,post-2015,2016-05-25,2016-05-31,0.39468406702152237
CCEP,delete,post-2015,2016-05-25,2016-05-31,5.281339799309448
TDG,add,post-2015,2016-05-31,2016-06-03,0.31875048697347363
ALB,add,post-2015,2016-06-28,2016-07-01,3.8701929716855377
LNT,add,post-2015,2016-06-28,2016-07-01,1.4568949985241275
MTD,add,post-2015,2016-08-31,2016-09-06,0.43168437312564034
CHTR,add,post-2015,2016-09-02,2016-09-08,-1.1516261762415603
COO,add,post-2015,2016-09-20,2016-09-23,-2.9183108705167937
HOT,delete,post-2015,2016-09-20,2016-09-23,0.1950604979226611
COTY,add,post-2015,2016-09-28,2016-10-03,-0.12594690340345105
EVHC,add,post-2015,2016-11-29,2016-12-02,3.754833054053086
MAA,add,post-2015,2016-11-29,2016-12-02,-4.77560182740937
OI,delete,post-2015,2016-11-29,2016-12-02,0.16574128232036411
IDXX,add,post-2015,2016-12-30,2017-01-05,-1.1170781922856032
INCY,add,post-2015,2017-02-23,2017-02-28,9.143099167116597
CBOE,add,post-2015,2017-02-24,2017-03-01,-0.1821263679286811
PBI,delete,post-2015,2017-02-24,2017-03-01,-1.9189521278467958
REG,add,post-2015,2017-02-27,2017-03-02,-3.5843364405177547
SNPS,add,post-2015,2017-03-13,2017-03-16,-1.844908127649758
AMD,add,post-2015,2017-03-15,2017-03-20,3.004292489603033
ARE,add,post-2015,2017-03-15,2017-03-20,-0.39854591872944267
RJF,add,post-2015,2017-03-15,2017-03-20,0.569885570244022
FSLR,delete,post-2015,2017-03-15,2017-03-20,-8.060605598218517
URBN,delete,post-2015,2017-03-15,2017-03-20,-3.777500380440435
DXC,add,post-2015,2017-03-30,2017-04-04,-2.459588270173596
IT,add,post-2015,2017-03-31,2017-04-05,1.1482595774548798
ALGN,add,post-2015,2017-06-14,2017-06-19,3.7421994333205255
HLT,add,post-2015,2017-06-14,2017-06-19,0.8905991360660837
R,delete,post-2015,2017-06-14,2017-06-19,0.9928428420926227
TDC,delete,post-2015,2017-06-14,2017-06-19,0.7381338447843389
AOS,add,post-2015,2017-07-21,2017-07-26,-3.12836781127932
MGM,add,post-2015,2017-07-21,2017-07-26,-0.47017529726477436
PKG,add,post-2015,2017-07-21,2017-07-26,-0.602980582819912
RMD,add,post-2015,2017-07-21,2017-07-26,0.8571362116409853
BBBY,delete,post-2015,2017-07-21,2017-07-26,4.012343135299545
MUR,delete,post-2015,2017-07-21,2017-07-26,0.8280954538012031
RIG,delete,post-2015,2017-07-21,2017-07-26,0.35252329217778655
BHF,add,post-2015,2017-08-02,2017-08-07,-4.88518754625078
AN,delete,post-2015,2017-08-03,2017-08-08,3.3057818671050843
IQV,add,post-2015,2017-08-24,2017-08-29,0.9357579475733679
SBAC,add,post-2015,2017-08-29,2017-09-01,-0.7236872813162987
DD,delete,post-2015,2017-08-29,2017-09-01,4.60914718747758
CDNS,add,post-2015,2017-09-13,2017-09-18,3.551396500033155
NCLH,add,post-2015,2017-10-10,2017-10-13,-0.7099360548150635
HII,add,post-2015,2017-12-28,2018-01-03,-4.201264620839041
IPGP,add,post-2015,2018-03-02,2018-03-07,-0.833336813517338
NKTR,add,post-2015,2018-03-14,2018-03-19,0.4784231099542291
TTWO,add,post-2015,2018-03-14,2018-03-19,-4.330315125485484
SIG,delete,post-2015,2018-03-14,2018-03-19,3.244383631576908
MSCI,add,post-2015,2018-03-29,2018-04-04,-1.8532460078621527
CSRA,delete,post-2015,2018-03-28,2018-04-03,0.0
EVRG,add,post-2015,2018-05-31,2018-06-05,-4.320993372647708
NAVI,delete,post-2015,2018-05-31,2018-06-05,7.096284140013243
TWX,delete,post-2015,2018-06-12,2018-06-15,2.6501718873545466
BR,add,post-2015,2018-06-13,2018-06-18,0.940398312548063
AYI,delete,post-2015,2018-06-13,2018-06-18,-0.40451131300491827
RRC,delete,post-2015,2018-06-13,2018-06-18,-1.3855428985842355
CPRT,add,post-2015,2018-06-27,2018-07-02,3.0270111275490397
KDP,delete,post-2015,2018-06-27,2018-07-02,3.5845606212919767
ANET,add,post-2015,2018-08-23,2018-08-28,7.639513100929918
ROL,add,post-2015,2018-09-26,2018-10-01,-2.1551890852157807
ANDV,delete,post-2015,2018-09-26,2018-10-01,-2.2915378508282958
FTNT,add,post-2015,2018-10-08,2018-10-11,-7.861409813229092
EVHC,delete,post-2015,2018-10-05,2018-10-10,0.06527979676196338
KEYS,add,post-2015,2018-11-01,2018-11-06,1.9805409354583858
JKHY,add,post-2015,2018-11-08,2018-11-13,-3.0677908879902405
EQT,delete,post-2015,2018-11-08,2018-11-13,-2.02665632734923
COL,delete,post-2015,2018-11-21,2018-11-27,0.0
AET,delete,post-2015,2018-11-26,2018-11-29,1.237501556018783
FANG,add,post-2015,2018-11-28,2018-12-03,2.158501485558517
LW,add,post-2015,2018-11-28,2018-12-03,-1.9714470737353662
ESRX,delete,post-2015,2018-12-18,2018-12-21,-2.841204864700475
CE,add,post-2015,2018-12-19,2018-12-24,-0.36569273064118724
TFX,add,post-2015,2019-01-15,2019-01-18,0.7067621823973802
PCG,delete,post-2015,2019-01-15,2019-01-18,4.63097163125199
ATO,add,post-2015,2019-02-12,2019-02-15,1.2519360732883067
WAB,add,post-2015,2019-02-22,2019-02-27,2.6444569381374405
GT,delete,post-2015,2019-02-22,2019-02-27,2.2739138847469142
DOW,add,post-2015,2019-03-28,2019-04-02,10.61945981915211
BHF,delete,post-2015,2019-03-28,2019-04-02,4.246339322886961
LHX,add,post-2015,2019-05-28,2019-05-31,0.3807633592644466
CTVA,add,post-2015,2019-05-29,2019-06-03,-12.947359271242975
DD,add,post-2015,2019-05-29,2019-06-03,15.655346646512648
FLR,delete,post-2015,2019-05-29,2019-06-03,-1.2259130387947015
AMCR,add,post-2015,2019-06-04,2019-06-07,0.0
MAT,delete,post-2015,2019-06-04,2019-06-07,0.8348808424607057
MKTX,add,post-2015,2019-06-26,2019-07-01,3.169484119991406
TMUS,add,post-2015,2019-07-10,2019-07-15,0.8648048971214628
GL,add,post-2015,2019-08-05,2019-08-08,4.001882118696765
IEX,add,post-2015,2019-08-06,2019-08-09,1.5352770508993752
LDOS,add,post-2015,2019-08-06,2019-08-09,3.7730892830437623
CDW,add,post-2015,2019-09-18,2019-09-23,-0.8639517778930905
NVR,add,post-2015,2019-09-23,2019-09-26,3.1096272596924157
JEF,delete,post-2015,2019-09-23,2019-09-26,-1.8099470832746323
LVS,add,post-2015,2019-09-30,2019-10-03,-3.1336473373805074
NKTR,delete,post-2015,2019-09-30,2019-10-03,-0.1097650224543778
BKR,add,post-2015,2019-10-15,2019-10-18,-0.9865634494705899
NOW,add,post-2015,2019-11-18,2019-11-21,4.810184042559129
WRB,add,post-2015,2019-12-02,2019-12-05,1.9748680002243724
ODFL,add,post-2015,2019-12-04,2019-12-09,2.794600315258622
TFC,add,post-2015,2019-12-04,2019-12-09,2.644888453170391
BBT,delete,post-2015,2019-12-04,2019-12-09,0.8874909246828988
J,add,post-2015,2019-12-05,2019-12-10,1.739865890835035
STE,add,post-2015,2019-12-18,2019-12-23,1.4873873597494924
ZBRA,add,post-2015,2019-12-18,2019-12-23,0.5089528825211298
LYV,add,post-2015,2019-12-18,2019-12-23,10.148556061046854
MAC,delete,post-2015,2019-12-18,2019-12-23,-2.1060296463049077
TRIP,delete,post-2015,2019-12-18,2019-12-23,0.0
AMG,delete,post-2015,2019-12-18,2019-12-23,-0.9359471088413174
