formation_date,entry_date,exit_date,n_holdings,gross_return,net_return,turnover,cost,median_marketcap,median_adv_proxy
2002-02-19,2002-02-20,2002-03-20,232,0.0871053422015931,0.0861053422015931,1.0,0.001,928.55,
2002-03-19,2002-03-20,2002-04-18,237,0.0037706936983705544,0.003505987816017613,0.2647058823529412,0.00026470588235294115,1069.1,
2002-04-17,2002-04-18,2002-05-16,237,-0.038049740751082854,-0.03830807408441619,0.25833333333333336,0.00025833333333333334,955.3,
2002-05-15,2002-05-16,2002-06-14,240,-0.16720315863519883,-0.16743344909163035,0.23029045643153526,0.00023029045643153525,914.6,
2002-06-13,2002-06-14,2002-07-15,243,-0.10205738126311985,-0.10232898620139146,0.2716049382716049,0.0002716049382716049,883.6,
2002-07-12,2002-07-15,2002-08-12,244,-0.08017823330807132,-0.08041798740643198,0.23975409836065573,0.00023975409836065573,888.9,
2002-08-09,2002-08-12,2002-09-10,244,0.04266175376230678,0.04241175376230678,0.25,0.00025,963.0,
2002-09-09,2002-09-10,2002-10-08,240,-0.14117652820431656,-0.14146751181087394,0.29098360655737704,0.00029098360655737705,950.15,
2002-10-07,2002-10-08,2002-11-05,235,0.2260277986363485,0.22581498871899314,0.2128099173553719,0.00021280991735537192,921.9,
2002-11-04,2002-11-05,2002-12-04,231,0.029523385328926146,0.02922125766935168,0.3021276595744681,0.00030212765957446803,1068.0,
2002-12-03,2002-12-04,2003-01-03,231,-0.02353357105777139,-0.023858246382446716,0.3246753246753247,0.0003246753246753247,1118.8,
2003-01-02,2003-01-03,2003-02-03,231,-0.04966907284401977,-0.04992122801643357,0.2521551724137931,0.0002521551724137931,1010.4,
2003-01-31,2003-02-03,2003-03-04,235,-0.024205172702633202,-0.024445598234548095,0.2404255319148936,0.00024042553191489362,1055.1,
2003-03-03,2003-03-04,2003-04-01,236,0.022462271658261843,0.022192229464169017,0.270042194092827,0.000270042194092827,990.25,
2003-03-31,2003-04-01,2003-04-30,238,0.08398651467433772,0.08370710290963183,0.27941176470588236,0.00027941176470588236,981.1,
2003-04-29,2003-04-30,2003-05-29,235,0.07464970254319576,0.07442701346756551,0.22268907563025211,0.0002226890756302521,971.0,
2003-05-28,2003-05-29,2003-06-26,237,0.026106848562106696,0.025850546041098293,0.25630252100840334,0.00025630252100840333,1244.35,
2003-06-25,2003-06-26,2003-07-25,239,0.055001353799516234,0.0547430204661829,0.25833333333333336,0.00025833333333333334,1069.6999999999998,
2003-07-24,2003-07-25,2003-08-22,237,0.07505644612902074,0.07478371885629347,0.2727272727272727,0.0002727272727272727,1131.7,
2003-08-21,2003-08-22,2003-09-22,240,0.04809764931974676,0.04781872369991205,0.27892561983471076,0.00027892561983471076,1250.15,
2003-09-19,2003-09-22,2003-10-20,239,0.022084042073310942,0.02182055659613252,0.26348547717842324,0.00026348547717842323,1157.5500000000002,
2003-10-17,2003-10-20,2003-11-17,238,0.012035812393826544,0.011817062393826544,0.21875,0.00021875,1191.9,
2003-11-14,2003-11-17,2003-12-16,239,-0.019527676890123934,-0.019783926890123933,0.25625,0.00025625,1236.4,
2003-12-15,2003-12-16,2004-01-15,241,0.12940159928496694,0.12915471131816197,0.24688796680497926,0.0002468879668049793,1194.6,
2004-01-14,2004-01-15,2004-02-13,245,0.013109443265026771,0.01289602863088043,0.21341463414634146,0.00021341463414634146,1324.1999999999998,
2004-02-12,2004-02-13,2004-03-15,246,-0.04187813753783964,-0.042075718183000925,0.1975806451612903,0.0001975806451612903,1105.6,
2004-03-12,2004-03-15,2004-04-13,249,0.06900822670567508,0.06883222670567508,0.176,0.00017599999999999997,1037.35,
2004-04-12,2004-04-13,2004-05-11,251,-0.15084689603212814,-0.15106004344248672,0.21314741035856574,0.00021314741035856572,1040.7,
2004-05-10,2004-05-11,2004-06-09,253,0.08142588349583658,0.08126249766906493,0.16338582677165353,0.00016338582677165352,844.3,
2004-06-08,2004-06-09,2004-07-09,258,-0.028004644006797672,-0.028265261767415433,0.2606177606177606,0.0002606177606177606,1034.9,
2004-07-08,2004-07-09,2004-08-06,270,-0.09313953216843056,-0.09335249513139351,0.21296296296296297,0.00021296296296296298,986.2,
2004-08-05,2004-08-06,2004-09-03,281,0.04315384198408299,0.042912707232309937,0.24113475177304963,0.00024113475177304963,903.4,
2004-09-02,2004-09-03,2004-10-04,286,0.08795092611838318,0.08765022681768388,0.3006993006993007,0.00030069930069930067,1000.0,
2004-10-01,2004-10-04,2004-11-01,282,-0.0022441064785864565,-0.002455644940124918,0.21153846153846154,0.00021153846153846155,1093.1,
2004-10-29,2004-11-01,2004-11-30,282,0.09949444651969483,0.09928041143197554,0.21403508771929824,0.00021403508771929825,1057.1,
2004-11-29,2004-11-30,2004-12-29,284,0.025398724224854754,0.025119210335965866,0.2795138888888889,0.0002795138888888889,1256.1999999999998,
2004-12-28,2004-12-29,2005-01-27,291,-0.0579099906772471,-0.05816944084906841,0.25945017182130586,0.00025945017182130587,1319.05,
2005-01-26,2005-01-27,2005-02-25,294,0.040148388953446,0.039958558444971426,0.18983050847457628,0.00018983050847457626,1196.55,
2005-02-24,2005-02-25,2005-03-28,297,-0.016376380986594916,-0.016609602463104983,0.2332214765100671,0.00023322147651006712,1334.7,
2005-03-24,2005-03-28,2005-04-25,299,-0.04391861215420093,-0.04413194548753427,0.21333333333333335,0.00021333333333333333,1383.3,
2005-04-22,2005-04-25,2005-05-23,298,0.023905734259011567,0.023685734259011566,0.22,0.00022,1245.8,
2005-05-20,2005-05-23,2005-06-21,298,0.06743509303419401,0.06724175970086067,0.19333333333333333,0.00019333333333333333,1252.5,
2005-06-20,2005-06-21,2005-07-20,298,0.04521020956041038,0.04500854289374371,0.20166666666666666,0.00020166666666666667,1401.5,
2005-07-19,2005-07-20,2005-08-17,293,-0.011028318708227066,-0.011217281918929407,0.18896321070234115,0.00018896321070234115,1365.8000000000002,
2005-08-16,2005-08-17,2005-09-15,295,0.03388433933622378,0.033667896383203645,0.21644295302013422,0.0002164429530201342,1265.9,
2005-09-14,2005-09-15,2005-10-13,295,-0.0774639214090263,-0.07773328167838657,0.26936026936026936,0.0002693602693602694,1260.7,
2005-10-12,2005-10-13,2005-11-10,294,0.06264515774235252,0.06243640353359831,0.20875420875420875,0.00020875420875420873,1166.5,
2005-11-09,2005-11-10,2005-12-09,294,0.05737434687703908,0.05717569367838588,0.19865319865319866,0.00019865319865319865,1263.7,
2005-12-08,2005-12-09,2006-01-10,296,0.039988619250339336,0.03976788346438616,0.22073578595317725,0.00022073578595317725,1118.5,
2006-01-09,2006-01-10,2006-02-08,301,0.02435950074602884,0.024166058123078017,0.19344262295081968,0.0001934426229508197,1276.4,
2006-02-07,2006-02-08,2006-03-09,304,-0.008656446792349034,-0.00884108731522485,0.184640522875817,0.000184640522875817,1301.1,
2006-03-08,2006-03-09,2006-04-06,302,0.09035706625344925,0.09013157605737082,0.22549019607843138,0.00022549019607843136,1325.85,
2006-04-05,2006-04-06,2006-05-05,304,0.0311099423985094,0.030883558033688554,0.2263843648208469,0.00022638436482084686,1325.5,
2006-05-04,2006-05-05,2006-06-05,305,-0.08035081492614395,-0.08055793466724427,0.20711974110032363,0.00020711974110032365,1337.3,
2006-06-02,2006-06-05,2006-07-03,307,-0.03485542228631961,-0.03507548701123871,0.22006472491909385,0.00022006472491909387,1209.5,
2006-06-30,2006-07-03,2006-08-01,307,-0.07644543746966409,-0.07662666724312688,0.18122977346278318,0.0001812297734627832,1168.4,
2006-07-31,2006-08-01,2006-08-29,308,0.0029635440824963646,0.0027748344050770096,0.18870967741935485,0.00018870967741935484,1138.35,
2006-08-28,2006-08-29,2006-09-27,309,0.012340979389007752,0.012106155107857591,0.23482428115015974,0.00023482428115015975,1151.6,
2006-09-26,2006-09-27,2006-10-25,310,0.056771881455439266,0.056538654618378564,0.23322683706070288,0.00023322683706070288,1185.9,
2006-10-24,2006-10-25,2006-11-22,308,0.03161829990878221,0.03136829990878221,0.25,0.00025,1198.9,
2006-11-21,2006-11-22,2006-12-21,310,-0.004494210571583649,-0.004698032227634604,0.20382165605095542,0.00020382165605095542,1343.4499999999998,
2006-12-20,2006-12-21,2007-01-24,310,0.005356958177411266,0.005122780962221392,0.23417721518987342,0.00023417721518987343,1265.75,
2007-01-23,2007-01-24,2007-02-22,309,0.0682898754411609,0.06806660500090933,0.22327044025157233,0.00022327044025157233,1154.75,
2007-02-21,2007-02-22,2007-03-22,317,-0.013104522618286,-0.01331521444218537,0.21069182389937108,0.00021069182389937108,1481.75,
2007-03-21,2007-03-22,2007-04-20,318,0.031203852039312814,0.030968649547100977,0.235202492211838,0.000235202492211838,1491.9,
2007-04-19,2007-04-20,2007-05-18,314,-0.009852654967827081,-0.010125240637609013,0.27258566978193144,0.00027258566978193146,1363.6,
2007-05-17,2007-05-18,2007-06-18,313,0.040140937451011396,0.039909687451011394,0.23125,0.00023125,1539.75,
2007-06-15,2007-06-18,2007-07-17,316,0.0297305996965545,0.0294305996965545,0.3,0.0003,1705.15,
2007-07-16,2007-07-17,2007-08-14,319,-0.09617371941400507,-0.09639871941400507,0.225,0.000225,1716.15,
2007-08-13,2007-08-14,2007-09-12,319,0.00832190598998338,0.00813246499619456,0.18944099378881987,0.00018944099378881987,1367.3000000000002,
2007-09-11,2007-09-12,2007-10-10,316,0.11874024526305842,0.11847627010777892,0.2639751552795031,0.00026397515527950313,1460.6,
2007-10-09,2007-10-10,2007-11-07,313,-0.04055034798526456,-0.04072270823371176,0.17236024844720496,0.00017236024844720496,1646.5,
2007-11-06,2007-11-07,2007-12-06,314,-0.05860887517765664,-0.0587724265795258,0.16355140186915887,0.00016355140186915886,1542.15,
2007-12-05,2007-12-06,2008-01-07,312,-0.03762050197505468,-0.03780956447505468,0.1890625,0.0001890625,1531.7,
2008-01-04,2008-01-07,2008-02-05,315,-0.06646279885157245,-0.06663521264467591,0.1724137931034483,0.0001724137931034483,1483.1,
2008-02-04,2008-02-05,2008-03-05,316,-0.013711138637447518,-0.013897659013623066,0.1865203761755486,0.0001865203761755486,1569.85,
2008-03-04,2008-03-05,2008-04-03,316,0.023665047747477654,0.023457500577666334,0.20754716981132076,0.00020754716981132075,1336.2,
2008-04-02,2008-04-03,2008-05-01,317,0.02541424988370169,0.02518384236019072,0.2304075235109718,0.00023040752351097181,1399.2,
2008-04-30,2008-05-01,2008-05-30,315,0.057495330583575394,0.057330753781067556,0.164576802507837,0.000164576802507837,1869.65,
2008-05-29,2008-05-30,2008-06-27,317,-0.04034949178308269,-0.04053817102836571,0.18867924528301888,0.00018867924528301886,1856.15,
2008-06-26,2008-06-27,2008-07-28,316,-0.0365369181783381,-0.03671930811544502,0.18238993710691823,0.00018238993710691822,1894.45,
2008-07-25,2008-07-28,2008-08-25,313,0.0024079517926873005,0.0022308358052264853,0.17711598746081506,0.00017711598746081506,1688.6,
2008-08-22,2008-08-25,2008-09-23,313,-0.0815937994348509,-0.08180696557905152,0.21316614420062696,0.00021316614420062696,1367.3,
2008-09-22,2008-09-23,2008-10-21,312,-0.28811928386009755,-0.288352722345902,0.2334384858044164,0.00023343848580441637,1268.8,
2008-10-20,2008-10-21,2008-11-18,304,-0.19851323056411482,-0.19875450040538467,0.24126984126984127,0.00024126984126984126,752.6,
2008-11-17,2008-11-18,2008-12-17,301,0.04115981910432755,0.04089454579243044,0.2652733118971061,0.0002652733118971061,760.6,
2008-12-16,2008-12-17,2009-01-16,291,-0.012839046070085278,-0.01310229110319786,0.2632450331125828,0.00026324503311258283,868.1,
2009-01-15,2009-01-16,2009-02-17,288,-0.06506259987737795,-0.06531344733500506,0.25084745762711863,0.00025084745762711866,760.0,
2009-02-13,2009-02-17,2009-03-17,281,-0.08707099362841521,-0.08729071681180621,0.21972318339100347,0.00021972318339100348,838.6,
2009-03-16,2009-03-17,2009-04-15,273,0.15013469552800707,0.14987405723013472,0.26063829787234044,0.00026063829787234045,724.2,
2009-04-14,2009-04-15,2009-05-13,271,0.049082812244989886,0.04883917588135352,0.24363636363636362,0.0002436363636363636,885.7,
2009-05-12,2009-05-13,2009-06-11,271,0.08217182649456818,0.08194673424364567,0.22509225092250923,0.00022509225092250923,791.0,
2009-06-10,2009-06-11,2009-07-10,269,-0.09081213146155227,-0.09110917943203198,0.29704797047970477,0.0002970479704797047,735.2,
2009-07-09,2009-07-10,2009-08-07,269,0.18198537830938044,0.18172154067100404,0.26383763837638374,0.00026383763837638377,721.4,
2009-08-06,2009-08-07,2009-09-04,271,-0.014912570463163235,-0.015148732824786851,0.23616236162361623,0.00023616236162361624,838.7,
2009-09-03,2009-09-04,2009-10-05,271,0.03551874157730667,0.03524035329891839,0.2783882783882784,0.0002783882783882784,877.7,
2009-10-02,2009-10-05,2009-11-02,271,-0.03070604627276493,-0.03093414846254595,0.2281021897810219,0.0002281021897810219,915.9,
2009-10-30,2009-11-02,2009-12-01,268,0.049929648035009,0.049626728326979806,0.3029197080291971,0.00030291970802919714,1069.7,
2009-11-30,2009-12-01,2009-12-30,270,0.08179651186871971,0.08148401186871972,0.3125,0.0003125,1081.1999999999998,
2009-12-29,2009-12-30,2010-01-29,270,-0.040280563854393464,-0.04054613161996123,0.26556776556776557,0.00026556776556776557,1170.3,
2010-01-28,2010-01-29,2010-03-01,273,0.03985168649516623,0.039627233940421704,0.22445255474452555,0.00022445255474452556,1119.65,
2010-02-26,2010-03-01,2010-03-29,272,0.0871795036139325,0.08694957660663323,0.22992700729927007,0.00022992700729927007,1101.4,
2010-03-26,2010-03-29,2010-04-27,272,0.11546878969602181,0.11522061451354006,0.24817518248175183,0.0002481751824817518,1305.65,
2010-04-26,2010-04-27,2010-05-25,278,-0.19970511519247391,-0.19990295691909263,0.19784172661870503,0.00019784172661870502,1324.9,
2010-05-24,2010-05-25,2010-06-23,281,0.06352740803650735,0.06332634042084899,0.20106761565836298,0.00020106761565836297,1121.8,
2010-06-22,2010-06-23,2010-07-22,287,-0.024504842614154428,-0.024770467614154426,0.265625,0.000265625,1166.0,
2010-07-21,2010-07-22,2010-08-19,287,0.01188161038010498,0.011671712769183478,0.2098976109215017,0.0002098976109215017,1195.8,
2010-08-18,2010-08-19,2010-09-17,290,0.05197920364780922,0.051787026777060916,0.1921768707482993,0.00019217687074829932,1185.75,
2010-09-16,2010-09-17,2010-10-15,290,0.09385600520137892,0.09358899839865784,0.26700680272108845,0.00026700680272108846,1306.8,
2010-10-14,2010-10-15,2010-11-12,292,0.03378861465885911,0.03359539431987606,0.19322033898305085,0.00019322033898305085,1579.15,
2010-11-11,2010-11-12,2010-12-13,293,0.09737750222639986,0.09714854599744363,0.22895622895622897,0.00022895622895622897,1422.1,
2010-12-10,2010-12-13,2011-01-11,292,0.018767752080077835,0.018500075312401068,0.2676767676767677,0.0002676767676767677,1369.8,
2011-01-10,2011-01-11,2011-02-09,296,0.0349688588669127,0.03475744947093955,0.21140939597315436,0.00021140939597315435,1210.9,
2011-02-08,2011-02-09,2011-03-10,294,-0.01002720605303164,-0.010225192630212848,0.19798657718120805,0.00019798657718120806,1313.8,
2011-03-09,2011-03-10,2011-04-07,298,0.06687035155926,0.06665558645858885,0.21476510067114093,0.00021476510067114095,1385.2,
2011-04-06,2011-04-07,2011-05-06,297,-0.027108299091759096,-0.027320673673698895,0.21237458193979933,0.00021237458193979934,1615.05,
2011-05-05,2011-05-06,2011-06-06,295,-0.0272568150312104,-0.027435744797096685,0.17892976588628762,0.0001789297658862876,1558.3000000000002,
2011-06-03,2011-06-06,2011-07-05,294,0.052874142789361624,0.05264259916520055,0.23154362416107382,0.0002315436241610738,1732.15,
2011-07-01,2011-07-05,2011-08-02,296,-0.056986050137026886,-0.05720176920057204,0.2157190635451505,0.00021571906354515052,1685.3,
2011-08-01,2011-08-02,2011-08-30,293,-0.10909944637513215,-0.10925496476978099,0.15551839464882944,0.00015551839464882943,1644.9,
2011-08-29,2011-08-30,2011-09-28,291,-0.0625765901893489,-0.0628265901893489,0.25,0.00025,1466.3,
2011-09-27,2011-09-28,2011-10-26,288,0.07173909486277814,0.07151460506685978,0.22448979591836735,0.00022448979591836732,1205.7,
2011-10-25,2011-10-26,2011-11-23,286,-0.053459098488448334,-0.053678276570640115,0.2191780821917808,0.0002191780821917808,1438.6,
2011-11-22,2011-11-23,2011-12-22,287,0.05091386345031253,0.05073001465306167,0.18384879725085912,0.00018384879725085913,1363.6,
2011-12-21,2011-12-22,2012-01-24,290,0.045320206940897445,0.045076220686601914,0.24398625429553264,0.00024398625429553262,1342.4,
2012-01-23,2012-01-24,2012-02-22,286,0.06960258483980375,0.06939881771651608,0.20376712328767124,0.00020376712328767127,1390.1,
2012-02-21,2012-02-22,2012-03-21,289,0.024742332011846013,0.02452315392965423,0.2191780821917808,0.0002191780821917808,1466.4,
2012-03-20,2012-03-21,2012-04-19,290,-0.015120089163697921,-0.015335842588355455,0.21575342465753425,0.00021575342465753424,1538.9,
2012-04-18,2012-04-19,2012-05-17,289,-0.052974321203545505,-0.05319007462820304,0.21575342465753425,0.00021575342465753424,1616.8000000000002,
2012-05-16,2012-05-17,2012-06-15,288,-0.03781080933802832,-0.03798204221474065,0.17123287671232876,0.00017123287671232877,1641.85,
2012-06-14,2012-06-15,2012-07-16,286,0.04460042635811582,0.044336727727978836,0.2636986301369863,0.0002636986301369863,1548.1,
2012-07-13,2012-07-16,2012-08-13,285,0.02356369457217486,0.023346228818750203,0.21746575342465754,0.00021746575342465753,1522.0,
2012-08-10,2012-08-13,2012-09-11,288,0.04137844358442265,0.0411688215912955,0.20962199312714777,0.00020962199312714777,1600.3,
2012-09-10,2012-09-11,2012-10-09,282,-0.002680240386360087,-0.0029743580334189107,0.29411764705882354,0.00029411764705882356,1534.7,
2012-10-08,2012-10-09,2012-11-08,282,-0.020622169119397557,-0.020831228352847033,0.20905923344947736,0.00020905923344947738,1440.4,
2012-11-07,2012-11-08,2012-12-07,282,0.01704373582805154,0.016824437582437506,0.21929824561403508,0.00021929824561403506,1344.25,
2012-12-06,2012-12-07,2013-01-08,279,0.053829241703862794,0.05357396001372195,0.25528169014084506,0.0002552816901408451,1716.4,
2013-01-07,2013-01-08,2013-02-06,280,0.05154219673533551,0.051319581894346114,0.2226148409893993,0.0002226148409893993,1654.5,
2013-02-05,2013-02-06,2013-03-07,279,0.026037432626520196,0.025818571416555785,0.2188612099644128,0.00021886120996441282,1741.5,
2013-03-06,2013-03-07,2013-04-05,279,-0.029506443146685782,-0.029726086003828638,0.21964285714285714,0.0002196428571428571,1893.7,
2013-04-04,2013-04-05,2013-05-03,278,0.045764409098244085,0.045545771105412546,0.21863799283154123,0.00021863799283154122,1572.8,
2013-05-02,2013-05-03,2013-06-03,278,0.03842118213679451,0.03823121797908842,0.18996415770609318,0.00018996415770609318,1859.3,
2013-05-31,2013-06-03,2013-07-01,276,-0.00829076109296418,-0.008521118235821324,0.23035714285714284,0.00023035714285714283,1693.1,
2013-06-28,2013-07-01,2013-07-30,278,0.055380474025305895,0.05515190259673447,0.22857142857142856,0.00022857142857142857,1490.75,
2013-07-29,2013-07-30,2013-08-27,280,-0.006491140790697185,-0.006707452847434773,0.21631205673758866,0.00021631205673758864,1677.85,
2013-08-26,2013-08-27,2013-09-25,280,0.06175118023301872,0.06153309512663574,0.21808510638297873,0.00021808510638297873,1484.1,
2013-09-24,2013-09-25,2013-10-23,277,0.041490626893888764,0.041264648246201935,0.22597864768683273,0.0002259786476868327,1632.4499999999998,
2013-10-22,2013-10-23,2013-11-20,278,-0.014746425119504553,-0.01494106797664741,0.19464285714285715,0.00019464285714285715,1788.3,
2013-11-19,2013-11-20,2013-12-19,277,0.022648274857779996,0.022454726470683223,0.1935483870967742,0.0001935483870967742,1521.3,
2013-12-18,2013-12-19,2014-01-21,279,0.03293005529906851,0.0326782695847828,0.2517857142857143,0.00025178571428571426,1557.15,
2014-01-17,2014-01-21,2014-02-19,280,0.008555002598147881,0.008370605435027314,0.18439716312056736,0.00018439716312056736,1687.8000000000002,
2014-02-18,2014-02-19,2014-03-19,281,0.0559159637227818,0.05572338421748144,0.19257950530035337,0.00019257950530035336,1691.5,
2014-03-18,2014-03-19,2014-04-16,286,-0.05544956389220436,-0.05570043497234373,0.2508710801393728,0.0002508710801393728,1984.0,
2014-04-15,2014-04-16,2014-05-15,288,-0.02617360863875716,-0.026427904171403206,0.2542955326460481,0.0002542955326460481,1752.8,
2014-05-14,2014-05-15,2014-06-13,290,0.06580387197022318,0.06559325553186701,0.2106164383561644,0.0002106164383561644,1590.4,
2014-06-12,2014-06-13,2014-07-14,292,0.019443582573815475,0.019208888696264456,0.23469387755102042,0.00023469387755102041,2026.8,
2014-07-11,2014-07-14,2014-08-11,293,-0.030207019732299764,-0.030383890480599085,0.17687074829931973,0.00017687074829931973,2150.95,
2014-08-08,2014-08-11,2014-09-09,292,0.0485759051171281,0.04839454918492471,0.18135593220338983,0.00018135593220338983,2384.2,
2014-09-08,2014-09-09,2014-10-07,295,-0.08894085688892565,-0.08917903256460133,0.23817567567567569,0.0002381756756756757,2171.6,
2014-10-06,2014-10-07,2014-11-04,296,0.028961865086564523,0.028770589918779288,0.1912751677852349,0.0001912751677852349,2112.2,
2014-11-03,2014-11-04,2014-12-03,297,-0.004946946696856183,-0.005172699205217387,0.225752508361204,0.000225752508361204,2414.9,
2014-12-02,2014-12-03,2015-01-02,293,0.010846421256390697,0.010588896172778656,0.25752508361204013,0.00025752508361204013,2274.7,
2014-12-31,2015-01-02,2015-02-02,293,-0.016262743967641977,-0.016480135271989802,0.21739130434782608,0.00021739130434782607,2867.6,
2015-01-30,2015-02-02,2015-03-03,291,0.06478685583507869,0.06456295011117297,0.2239057239057239,0.00022390572390572393,2533.3,
2015-03-02,2015-03-03,2015-03-31,293,0.002522713817003417,0.0022760921953817953,0.24662162162162163,0.0002466216216216216,2611.5,
2015-03-30,2015-03-31,2015-04-29,295,0.00204169125339961,0.0018085831452915018,0.23310810810810811,0.00023310810810810812,2578.35,
2015-04-28,2015-04-29,2015-05-28,297,-0.0013145037267157295,-0.0014912714034834064,0.17676767676767677,0.00017676767676767677,2701.0,
2015-05-27,2015-05-28,2015-06-25,294,0.01757424062852651,0.017399156453442335,0.1750841750841751,0.0001750841750841751,2475.8,
2015-06-24,2015-06-25,2015-07-24,290,-0.03404408466686489,-0.03427459314144116,0.2305084745762712,0.0002305084745762712,2717.6,
2015-07-23,2015-07-24,2015-08-21,291,-0.05252306507608054,-0.0527213701608263,0.19830508474576272,0.00019830508474576273,2260.7,
2015-08-20,2015-08-21,2015-09-21,289,0.006023286423036293,0.005848628888789717,0.17465753424657535,0.00017465753424657536,2349.65,
2015-09-18,2015-09-21,2015-10-19,290,0.015825792893665428,0.015620313441610634,0.2054794520547945,0.0002054794520547945,2390.55,
2015-10-16,2015-10-19,2015-11-16,288,-0.027728252928378733,-0.0279097597776938,0.1815068493150685,0.00018150684931506848,2119.85,
2015-11-13,2015-11-16,2015-12-15,286,-0.02006036267500383,-0.020271702881189395,0.211340206185567,0.000211340206185567,2350.7,
2015-12-14,2015-12-15,2016-01-14,289,-0.10399162475173826,-0.10425018639557387,0.2585616438356164,0.0002585616438356164,1922.5500000000002,
2016-01-13,2016-01-14,2016-02-12,286,-0.04749848131699205,-0.047671426522471506,0.17294520547945205,0.00017294520547945204,1620.1,
2016-02-11,2016-02-12,2016-03-14,287,0.13056881441539936,0.1303574742092138,0.211340206185567,0.000211340206185567,1778.15,
2016-03-11,2016-03-14,2016-04-12,287,0.014887893457106137,0.014648310123772804,0.23958333333333334,0.00023958333333333335,2046.7,
2016-04-11,2016-04-12,2016-05-10,283,0.014967660608651002,0.014712452275317669,0.2552083333333333,0.0002552083333333333,1901.1,
2016-05-09,2016-05-10,2016-06-08,286,0.044941613551227756,0.04473746130209281,0.2041522491349481,0.00020415224913494808,1829.3,
2016-06-07,2016-06-08,2016-07-07,287,0.00011699131435210386,-0.00016847581367557783,0.28546712802768165,0.0002854671280276817,1944.4,
2016-07-06,2016-07-07,2016-08-04,285,0.02062083385458978,0.020398611632367558,0.2222222222222222,0.00022222222222222223,2116.05,
2016-08-03,2016-08-04,2016-09-01,284,0.015817939893537865,0.01562935857865897,0.18858131487889274,0.00018858131487889274,1982.7,
2016-08-31,2016-09-01,2016-09-30,285,0.030731674436544832,0.030444477204710923,0.28719723183391005,0.00028719723183391003,1627.0,
2016-09-29,2016-09-30,2016-10-28,284,-0.04722028000237086,-0.04744173328956809,0.22145328719723184,0.00022145328719723185,1561.9,
2016-10-27,2016-10-28,2016-11-28,282,0.11679557140497951,0.11659206263304968,0.20350877192982456,0.00020350877192982456,1428.6,
2016-11-25,2016-11-28,2016-12-27,280,0.01195290561475878,0.011712554737565798,0.24035087719298245,0.00024035087719298244,1714.0500000000002,
2016-12-23,2016-12-27,2017-01-26,278,0.01828546713766604,0.01802490375738435,0.2605633802816901,0.0002605633802816901,1508.9,
2017-01-25,2017-01-26,2017-02-24,278,-0.028457868652356173,-0.028683045957320713,0.225177304964539,0.00022517730496453902,1415.5,
2017-02-23,2017-02-24,2017-03-24,276,-0.022163064058480585,-0.022412174378765283,0.2491103202846975,0.0002491103202846975,1557.0,
2017-03-23,2017-03-24,2017-04-24,276,0.029391465873469066,0.029158369788059815,0.23309608540925267,0.00023309608540925266,1594.1999999999998,
2017-04-21,2017-04-24,2017-05-22,273,0.006313541536724476,0.006117112965295905,0.19642857142857142,0.0001964285714285714,1469.4,
2017-05-19,2017-05-22,2017-06-20,276,-0.0015749766621647135,-0.0017566313384237064,0.18165467625899281,0.00018165467625899282,1549.3,
2017-06-19,2017-06-20,2017-07-19,276,0.024022003195858965,0.02373962909513954,0.2823741007194245,0.0002823741007194245,1732.35,
2017-07-18,2017-07-19,2017-08-16,278,-0.0232822003993509,-0.02350621473626846,0.22401433691756273,0.00022401433691756272,2016.1,
2017-08-15,2017-08-16,2017-09-14,280,0.032512048381545484,0.03233411243848499,0.17793594306049823,0.00017793594306049823,2110.0,
2017-09-13,2017-09-14,2017-10-12,279,0.06551640968759123,0.06528509296161258,0.2313167259786477,0.0002313167259786477,1971.2,
2017-10-11,2017-10-12,2017-11-09,278,0.0054405907408576724,0.0052608754383665695,0.1797153024911032,0.0001797153024911032,2071.0,
2017-11-08,2017-11-09,2017-12-08,279,0.02769931768803508,0.027517174830892225,0.18214285714285713,0.00018214285714285714,1929.85,
2017-12-07,2017-12-08,2018-01-09,279,0.04856146779475477,0.04832218208046906,0.2392857142857143,0.00023928571428571429,2127.5,
2018-01-08,2018-01-09,2018-02-07,277,-0.040987428210423414,-0.04120528535328056,0.21785714285714286,0.00021785714285714287,2648.6,
2018-02-06,2018-02-07,2018-03-08,278,0.046591268006370624,0.04641155270387952,0.1797153024911032,0.0001797153024911032,2703.6,
2018-03-07,2018-03-08,2018-04-06,275,-0.023853055616167577,-0.02404344707524231,0.1903914590747331,0.0001903914590747331,3011.0,
2018-04-05,2018-04-06,2018-05-04,277,0.017758672040988684,0.017521172040988683,0.2375,0.0002375,2603.6,
2018-05-03,2018-05-04,2018-06-04,276,0.08782789003344758,0.08765405490799956,0.17383512544802868,0.00017383512544802868,2619.95,
2018-06-01,2018-06-04,2018-07-02,276,-0.012855106525213942,-0.013056545374134806,0.2014388489208633,0.0002014388489208633,2632.25,
2018-06-29,2018-07-02,2018-07-31,279,0.00852893987289859,0.008347936288669198,0.18100358422939067,0.00018100358422939067,2427.8,
2018-07-30,2018-07-31,2018-08-28,276,0.06640226179274186,0.06621946609381713,0.1827956989247312,0.0001827956989247312,2385.6,
2018-08-27,2018-08-28,2018-09-26,277,-0.008468439452151744,-0.008670605517133693,0.20216606498194944,0.00020216606498194944,2712.3,
2018-09-25,2018-09-26,2018-10-24,270,-0.11805637947964627,-0.11828201124859934,0.22563176895306858,0.0002256317689530686,2221.6,
2018-10-23,2018-10-24,2018-11-21,272,-0.08186174606464719,-0.08207342489676397,0.2116788321167883,0.00021167883211678832,2106.05,
2018-11-20,2018-11-21,2018-12-21,271,-0.09753183673455011,-0.09774820037091375,0.21636363636363637,0.00021636363636363636,1982.3,
2018-12-20,2018-12-21,2019-01-23,271,0.10467924613797419,0.10437197341070147,0.30727272727272725,0.0003072727272727272,1906.4,
