library,signal,horizon,dimension,level,spread_ann,tstat,n,thin_sample,full_sample_spread_ann,full_sample_tstat,full_sample_n,artifact_flag
daily,S1_pullback_ema21,1,regime,BULL,0.01916361111622389,0.579216325317907,4143,False,0.15904342356707435,3.4621771295353856,6036,
daily,S1_pullback_ema21,1,regime,BEAR,0.6376236010747836,2.6443542319602615,932,False,0.15904342356707435,3.4621771295353856,6036,
daily,S1_pullback_ema21,1,regime,SIDEWAYS,0.3795299441799287,2.6005381944989687,758,False,0.15904342356707435,3.4621771295353856,6036,
daily,S1_pullback_ema21,1,volatility,HIGH_VOL,0.7218822181972844,3.9489035387101854,1504,False,0.15904342356707435,3.4621771295353856,6036,
daily,S1_pullback_ema21,1,volatility,MID_VOL,0.004295906402375094,0.09881026391228387,3008,False,0.15904342356707435,3.4621771295353856,6036,
daily,S1_pullback_ema21,1,volatility,LOW_VOL,-0.0093611796617038,-0.23224201198571967,1504,False,0.15904342356707435,3.4621771295353856,6036,
daily,S1_pullback_ema21,1,drawdown,SHALLOW,0.010094407642233127,0.24975978760498377,2972,False,0.15904342356707435,3.4621771295353856,6036,
daily,S1_pullback_ema21,1,drawdown,MODERATE,0.0996212887813146,1.1658539421417595,1518,False,0.15904342356707435,3.4621771295353856,6036,
daily,S1_pullback_ema21,1,drawdown,DEEP,0.5570841000982689,3.629351772902322,1545,False,0.15904342356707435,3.4621771295353856,6036,
daily,S1_pullback_ema21,1,day_of_week,Mon->Tue,0.5420027689391937,4.771728054353639,1132,False,0.15904342356707435,3.4621771295353856,6036,
daily,S1_pullback_ema21,1,day_of_week,Tue->Wed,0.320742372932447,3.156552979131969,1238,False,0.15904342356707435,3.4621771295353856,6036,
daily,S1_pullback_ema21,1,day_of_week,Wed->Thu,0.23990204493750134,2.376424790526431,1238,False,0.15904342356707435,3.4621771295353856,6036,
daily,S1_pullback_ema21,1,day_of_week,Thu->Fri,0.07153825520369583,0.9438949978043735,1217,False,0.15904342356707435,3.4621771295353856,6036,
daily,S1_pullback_ema21,1,day_of_week,Fri->Mon,-0.21599626787990245,-2.5274286014235487,1211,False,0.15904342356707435,3.4621771295353856,6036,
daily,S1_pullback_ema21,5,regime,BULL,-0.027278551719774113,-1.1782883104805402,4139,False,0.08878525388718317,2.474523006653378,6032,
daily,S1_pullback_ema21,5,regime,BEAR,0.4574933313286862,2.5510608517900466,932,False,0.08878525388718317,2.474523006653378,6032,
daily,S1_pullback_ema21,5,regime,SIDEWAYS,0.2664705712065525,2.2933747926307873,758,False,0.08878525388718317,2.474523006653378,6032,
daily,S1_pullback_ema21,5,volatility,HIGH_VOL,0.5503754746252856,4.013507382403389,1504,False,0.08878525388718317,2.474523006653378,6032,
daily,S1_pullback_ema21,5,volatility,MID_VOL,-0.04632034105307159,-1.5112589029238066,3004,False,0.08878525388718317,2.474523006653378,6032,
daily,S1_pullback_ema21,5,volatility,LOW_VOL,-0.04807057770419332,-1.5275086770873776,1504,False,0.08878525388718317,2.474523006653378,6032,
daily,S1_pullback_ema21,5,drawdown,SHALLOW,-0.03806127960570793,-1.2215897290187736,2968,False,0.08878525388718317,2.474523006653378,6032,
daily,S1_pullback_ema21,5,drawdown,MODERATE,0.03167674272086507,0.5128922367294557,1518,False,0.08878525388718317,2.474523006653378,6032,
daily,S1_pullback_ema21,5,drawdown,DEEP,0.45066064884783086,3.858352341133208,1545,False,0.08878525388718317,2.474523006653378,6032,
daily,S2_ema_crossover,1,regime,BULL,0.05668788517762491,1.717232773655315,4143,False,-0.05861380489548773,-1.384976724200684,6036,
daily,S2_ema_crossover,1,regime,BEAR,-0.29821941114269357,-1.8303905097591584,932,False,-0.05861380489548773,-1.384976724200684,6036,
daily,S2_ema_crossover,1,regime,SIDEWAYS,-0.1804078347243646,-1.634655278284422,758,False,-0.05861380489548773,-1.384976724200684,6036,
daily,S2_ema_crossover,1,volatility,HIGH_VOL,-0.34143833708665094,-2.955619268371272,1504,False,-0.05861380489548773,-1.384976724200684,6036,
daily,S2_ema_crossover,1,volatility,MID_VOL,0.10771852431623397,2.375233291209347,3008,False,-0.05861380489548773,-1.384976724200684,6036,
daily,S2_ema_crossover,1,volatility,LOW_VOL,0.03451921947561565,0.8333795079983704,1504,False,-0.05861380489548773,-1.384976724200684,6036,
daily,S2_ema_crossover,1,drawdown,SHALLOW,0.04481130125363553,1.0612701735740706,2972,False,-0.05861380489548773,-1.384976724200684,6036,
daily,S2_ema_crossover,1,drawdown,MODERATE,0.0114598038558551,0.14329011826223828,1518,False,-0.05861380489548773,-1.384976724200684,6036,
daily,S2_ema_crossover,1,drawdown,DEEP,-0.26824455814124504,-2.467889674988282,1545,False,-0.05861380489548773,-1.384976724200684,6036,
daily,S2_ema_crossover,1,day_of_week,Mon->Tue,-0.23756086006316557,-3.0582782357299814,1132,False,-0.05861380489548773,-1.384976724200684,6036,
daily,S2_ema_crossover,1,day_of_week,Tue->Wed,-0.17608156497642646,-2.0660985352841696,1238,False,-0.05861380489548773,-1.384976724200684,6036,
daily,S2_ema_crossover,1,day_of_week,Wed->Thu,-0.16477048473377365,-1.9211993616139367,1238,False,-0.05861380489548773,-1.384976724200684,6036,
daily,S2_ema_crossover,1,day_of_week,Thu->Fri,-0.013347718737690473,-0.18331376732106638,1217,False,-0.05861380489548773,-1.384976724200684,6036,
daily,S2_ema_crossover,1,day_of_week,Fri->Mon,0.4156151905532657,3.7346214708670815,1211,False,-0.05861380489548773,-1.384976724200684,6036,
daily,S2_ema_crossover,5,regime,BULL,0.058045013514020916,2.2845363444805407,4139,False,-0.038519934098034,-1.063825427748309,6032,
daily,S2_ema_crossover,5,regime,BEAR,-0.2613497229998307,-1.9656798873300427,932,False,-0.038519934098034,-1.063825427748309,6032,
daily,S2_ema_crossover,5,regime,SIDEWAYS,-0.12525715301691764,-1.286021153415064,758,False,-0.038519934098034,-1.063825427748309,6032,
daily,S2_ema_crossover,5,volatility,HIGH_VOL,-0.302988270263845,-3.0976718196073345,1504,False,-0.038519934098034,-1.063825427748309,6032,
daily,S2_ema_crossover,5,volatility,MID_VOL,0.11028958400372013,3.198536040791145,3004,False,-0.038519934098034,-1.063825427748309,6032,
daily,S2_ema_crossover,5,volatility,LOW_VOL,0.056052426290780666,1.5792885937508467,1504,False,-0.038519934098034,-1.063825427748309,6032,
daily,S2_ema_crossover,5,drawdown,SHALLOW,0.05720413314796691,1.524627833312902,2968,False,-0.038519934098034,-1.063825427748309,6032,
daily,S2_ema_crossover,5,drawdown,MODERATE,0.027571412508495596,0.43856395594669956,1518,False,-0.038519934098034,-1.063825427748309,6032,
daily,S2_ema_crossover,5,drawdown,DEEP,-0.24765191094783812,-2.769652711080548,1545,False,-0.038519934098034,-1.063825427748309,6032,
daily,S3_rsi14_oversold,1,regime,BULL,0.02056570259435242,0.7019625415377958,4143,False,0.1856833831620397,4.591861543610642,6036,
daily,S3_rsi14_oversold,1,regime,BEAR,0.7805731510593201,3.601373454427527,932,False,0.1856833831620397,4.591861543610642,6036,
daily,S3_rsi14_oversold,1,regime,SIDEWAYS,0.4113134765875901,3.3708413826723027,758,False,0.1856833831620397,4.591861543610642,6036,
daily,S3_rsi14_oversold,1,volatility,HIGH_VOL,0.8104755251197258,5.105553886956109,1504,False,0.1856833831620397,4.591861543610642,6036,
daily,S3_rsi14_oversold,1,volatility,MID_VOL,0.0177924815924273,0.4621825598531796,3008,False,0.1856833831620397,4.591861543610642,6036,
daily,S3_rsi14_oversold,1,volatility,LOW_VOL,-0.009334656406614683,-0.24228837767834702,1504,False,0.1856833831620397,4.591861543610642,6036,
daily,S3_rsi14_oversold,1,drawdown,SHALLOW,0.0021701476867621583,0.05854586227099486,2972,False,0.1856833831620397,4.591861543610642,6036,
daily,S3_rsi14_oversold,1,drawdown,MODERATE,0.1510900480855537,2.0274403815095576,1518,False,0.1856833831620397,4.591861543610642,6036,
daily,S3_rsi14_oversold,1,drawdown,DEEP,0.6518500129735081,4.865998498403181,1545,False,0.1856833831620397,4.591861543610642,6036,
daily,S3_rsi14_oversold,1,day_of_week,Mon->Tue,0.3896254253569902,4.194211315855833,1132,False,0.1856833831620397,4.591861543610642,6036,
daily,S3_rsi14_oversold,1,day_of_week,Tue->Wed,0.35527387119820575,3.88915126907466,1238,False,0.1856833831620397,4.591861543610642,6036,
daily,S3_rsi14_oversold,1,day_of_week,Wed->Thu,0.28969632796112044,3.1122830396086485,1238,False,0.1856833831620397,4.591861543610642,6036,
daily,S3_rsi14_oversold,1,day_of_week,Thu->Fri,0.1045772634819635,1.5288748399269776,1217,False,0.1856833831620397,4.591861543610642,6036,
daily,S3_rsi14_oversold,1,day_of_week,Fri->Mon,-0.12168250565639438,-1.6652559737966448,1211,False,0.1856833831620397,4.591861543610642,6036,
daily,S3_rsi14_oversold,5,regime,BULL,-0.022499342920899057,-0.9811999522649201,4139,False,0.10790082179347338,3.187167914325714,6032,
daily,S3_rsi14_oversold,5,regime,BEAR,0.539436261301393,3.222495490962025,932,False,0.10790082179347338,3.187167914325714,6032,
daily,S3_rsi14_oversold,5,regime,SIDEWAYS,0.2955603688696129,2.9658318784739963,758,False,0.10790082179347338,3.187167914325714,6032,
daily,S3_rsi14_oversold,5,volatility,HIGH_VOL,0.6271717989094405,4.91125969749811,1504,False,0.10790082179347338,3.187167914325714,6032,
daily,S3_rsi14_oversold,5,volatility,MID_VOL,-0.03556097993631213,-1.2544920670618007,3004,False,0.10790082179347338,3.187167914325714,6032,
daily,S3_rsi14_oversold,5,volatility,LOW_VOL,-0.05566664909050112,-1.8107176534923142,1504,False,0.10790082179347338,3.187167914325714,6032,
daily,S3_rsi14_oversold,5,drawdown,SHALLOW,-0.04603528989443961,-1.4720991952455718,2968,False,0.10790082179347338,3.187167914325714,6032,
daily,S3_rsi14_oversold,5,drawdown,MODERATE,0.05687485105053103,1.0112295379856946,1518,False,0.10790082179347338,3.187167914325714,6032,
daily,S3_rsi14_oversold,5,drawdown,DEEP,0.5388537414659778,4.956027697201246,1545,False,0.10790082179347338,3.187167914325714,6032,
daily,S4_rsi2_connors,1,regime,BULL,0.12335413173791299,4.5650726089278795,4143,False,0.19607142174243997,6.222515047857696,6036,
daily,S4_rsi2_connors,1,regime,BEAR,0.4848653718928124,3.4996518493247724,932,False,0.19607142174243997,6.222515047857696,6036,
daily,S4_rsi2_connors,1,regime,SIDEWAYS,0.3263710196858649,3.116674979859198,758,False,0.19607142174243997,6.222515047857696,6036,
daily,S4_rsi2_connors,1,volatility,HIGH_VOL,0.478992218224497,4.488213952888815,1504,False,0.19607142174243997,6.222515047857696,6036,
daily,S4_rsi2_connors,1,volatility,MID_VOL,0.140891028809085,4.003801113820247,3008,False,0.19607142174243997,6.222515047857696,6036,
daily,S4_rsi2_connors,1,volatility,LOW_VOL,0.05352014436859487,1.5400639513898016,1504,False,0.19607142174243997,6.222515047857696,6036,
daily,S4_rsi2_connors,1,drawdown,SHALLOW,0.09586105732573635,2.877771117912639,2972,False,0.19607142174243997,6.222515047857696,6036,
daily,S4_rsi2_connors,1,drawdown,MODERATE,0.20871690543222376,3.1135443070313,1518,False,0.19607142174243997,6.222515047857696,6036,
daily,S4_rsi2_connors,1,drawdown,DEEP,0.3895684643745234,4.457554853396835,1545,False,0.19607142174243997,6.222515047857696,6036,
daily,S4_rsi2_connors,1,day_of_week,Mon->Tue,0.39983734287567185,5.282748206771327,1132,False,0.19607142174243997,6.222515047857696,6036,
daily,S4_rsi2_connors,1,day_of_week,Tue->Wed,0.24744249179205258,3.5623583305866697,1238,False,0.19607142174243997,6.222515047857696,6036,
daily,S4_rsi2_connors,1,day_of_week,Wed->Thu,0.14315507486948276,2.0366705242797485,1238,False,0.19607142174243997,6.222515047857696,6036,
daily,S4_rsi2_connors,1,day_of_week,Thu->Fri,0.10852595539011234,1.8284234580524248,1217,False,0.19607142174243997,6.222515047857696,6036,
daily,S4_rsi2_connors,1,day_of_week,Fri->Mon,0.11803563285318819,1.6231445258988884,1211,False,0.19607142174243997,6.222515047857696,6036,
daily,S4_rsi2_connors,5,regime,BULL,0.035341734101580036,2.0737411274374424,4139,False,0.12178022658787624,5.519171368668994,6032,
daily,S4_rsi2_connors,5,regime,BEAR,0.4050311678634859,3.821632851044641,932,False,0.12178022658787624,5.519171368668994,6032,
daily,S4_rsi2_connors,5,regime,SIDEWAYS,0.2548563480217094,3.8632788753901517,758,False,0.12178022658787624,5.519171368668994,6032,
daily,S4_rsi2_connors,5,volatility,HIGH_VOL,0.42365314264310605,5.373343712078154,1504,False,0.12178022658787624,5.519171368668994,6032,
daily,S4_rsi2_connors,5,volatility,MID_VOL,0.06526317240693125,3.112385776769176,3004,False,0.12178022658787624,5.519171368668994,6032,
daily,S4_rsi2_connors,5,volatility,LOW_VOL,-0.026150585119769754,-1.2105355782390863,1504,False,0.12178022658787624,5.519171368668994,6032,
daily,S4_rsi2_connors,5,drawdown,SHALLOW,0.00861582565427832,0.43270038092189445,2968,False,0.12178022658787624,5.519171368668994,6032,
daily,S4_rsi2_connors,5,drawdown,MODERATE,0.10727636608632118,2.6468891058836364,1518,False,0.12178022658787624,5.519171368668994,6032,
daily,S4_rsi2_connors,5,drawdown,DEEP,0.39349786199875547,5.906307082304992,1545,False,0.12178022658787624,5.519171368668994,6032,
daily,S5_ibs,1,regime,BULL,0.2832821101735259,11.957906079328588,4143,False,0.4729944734589171,16.950514629799045,6035,
daily,S5_ibs,1,regime,BEAR,1.3517370448414674,10.502689832071956,931,False,0.4729944734589171,16.950514629799045,6035,
daily,S5_ibs,1,regime,SIDEWAYS,0.5395694739102441,5.569111711227962,758,False,0.4729944734589171,16.950514629799045,6035,
daily,S5_ibs,1,volatility,HIGH_VOL,1.0051487611778458,10.565943917832893,1503,False,0.4729944734589171,16.950514629799045,6035,
daily,S5_ibs,1,volatility,MID_VOL,0.37354793325901925,11.713495029152009,3008,False,0.4729944734589171,16.950514629799045,6035,
daily,S5_ibs,1,volatility,LOW_VOL,0.22684861301054848,7.156155354533756,1504,False,0.4729944734589171,16.950514629799045,6035,
daily,S5_ibs,1,drawdown,SHALLOW,0.2305167874366918,8.046961856823138,2972,False,0.4729944734589171,16.950514629799045,6035,
daily,S5_ibs,1,drawdown,MODERATE,0.5100779051878257,8.604717603444483,1518,False,0.4729944734589171,16.950514629799045,6035,
daily,S5_ibs,1,drawdown,DEEP,1.021022871073229,12.716174833741677,1544,False,0.4729944734589171,16.950514629799045,6035,
daily,S5_ibs,1,day_of_week,Mon->Tue,0.47420366206608544,7.764187540917533,1131,False,0.4729944734589171,16.950514629799045,6035,
daily,S5_ibs,1,day_of_week,Tue->Wed,0.40227547955805476,6.796762611637871,1238,False,0.4729944734589171,16.950514629799045,6035,
daily,S5_ibs,1,day_of_week,Wed->Thu,0.35376978655544655,6.029453802721035,1238,False,0.4729944734589171,16.950514629799045,6035,
daily,S5_ibs,1,day_of_week,Thu->Fri,0.4333571816122348,7.754628968806252,1217,False,0.4729944734589171,16.950514629799045,6035,
daily,S5_ibs,1,day_of_week,Fri->Mon,0.7340413209315659,9.40621136884402,1211,False,0.4729944734589171,16.950514629799045,6035,
daily,S5_ibs,5,regime,BULL,0.08265302612678127,7.843545063975568,4139,False,0.1529625257792162,11.392496968305824,6031,
daily,S5_ibs,5,regime,BEAR,0.3548311220854927,6.465559597355987,931,False,0.1529625257792162,11.392496968305824,6031,
daily,S5_ibs,5,regime,SIDEWAYS,0.21695329735332436,4.8289263175007315,758,False,0.1529625257792162,11.392496968305824,6031,
daily,S5_ibs,5,volatility,HIGH_VOL,0.35954868126842254,8.000640464144402,1503,False,0.1529625257792162,11.392496968305824,6031,
daily,S5_ibs,5,volatility,MID_VOL,0.10698246986927673,8.494644242684407,3004,False,0.1529625257792162,11.392496968305824,6031,
daily,S5_ibs,5,volatility,LOW_VOL,0.04405714262665161,3.1670311462461256,1504,False,0.1529625257792162,11.392496968305824,6031,
daily,S5_ibs,5,drawdown,SHALLOW,0.06275477915279049,5.153810921854374,2968,False,0.1529625257792162,11.392496968305824,6031,
daily,S5_ibs,5,drawdown,MODERATE,0.14988113129281389,5.539328015695705,1518,False,0.1529625257792162,11.392496968305824,6031,
daily,S5_ibs,5,drawdown,DEEP,0.35099936688679567,9.483392282141992,1544,False,0.1529625257792162,11.392496968305824,6031,
daily,S6_breakout,1,regime,BULL,-0.023028574257117906,-0.8936051121089472,4143,False,-0.1557897445586487,-4.976011683485579,6036,
daily,S6_breakout,1,regime,BEAR,-0.4473218904756149,-3.894209251543001,932,False,-0.1557897445586487,-4.976011683485579,6036,
daily,S6_breakout,1,regime,SIDEWAYS,-0.2850947346001005,-3.5885286879673215,758,False,-0.1557897445586487,-4.976011683485579,6036,
daily,S6_breakout,1,volatility,HIGH_VOL,-0.44269743029094377,-5.434948680734004,1504,False,-0.1557897445586487,-4.976011683485579,6036,
daily,S6_breakout,1,volatility,MID_VOL,-0.034372665920253676,-0.9861217659601149,3008,False,-0.1557897445586487,-4.976011683485579,6036,
daily,S6_breakout,1,volatility,LOW_VOL,0.017550567984993437,0.5042219001208199,1504,False,-0.1557897445586487,-4.976011683485579,6036,
daily,S6_breakout,1,drawdown,SHALLOW,-0.00048517104950052126,-0.01493235503480003,2972,False,-0.1557897445586487,-4.976011683485579,6036,
daily,S6_breakout,1,drawdown,MODERATE,-0.14276245333971782,-2.4280116471288427,1518,False,-0.1557897445586487,-4.976011683485579,6036,
daily,S6_breakout,1,drawdown,DEEP,-0.3890733610883864,-5.065996289650145,1545,False,-0.1557897445586487,-4.976011683485579,6036,
daily,S6_breakout,1,day_of_week,Mon->Tue,-0.2737750679228709,-4.5196186246344885,1132,False,-0.1557897445586487,-4.976011683485579,6036,
daily,S6_breakout,1,day_of_week,Tue->Wed,-0.24187033307611994,-3.8743940490185222,1238,False,-0.1557897445586487,-4.976011683485579,6036,
daily,S6_breakout,1,day_of_week,Wed->Thu,-0.17286772732462063,-2.608096814303194,1238,False,-0.1557897445586487,-4.976011683485579,6036,
daily,S6_breakout,1,day_of_week,Thu->Fri,-0.09030277378437046,-1.5166062088580343,1217,False,-0.1557897445586487,-4.976011683485579,6036,
daily,S6_breakout,1,day_of_week,Fri->Mon,0.02733767968939249,0.3841418316355592,1211,False,-0.1557897445586487,-4.976011683485579,6036,
daily,S6_breakout,5,regime,BULL,0.011566952013308152,0.5461216699758983,4139,False,-0.0979505826090119,-3.556664129822886,6032,
daily,S6_breakout,5,regime,BEAR,-0.3382126592070437,-3.340451198662573,932,False,-0.0979505826090119,-3.556664129822886,6032,
daily,S6_breakout,5,regime,SIDEWAYS,-0.21712533468775974,-2.9886831735572787,758,False,-0.0979505826090119,-3.556664129822886,6032,
daily,S6_breakout,5,volatility,HIGH_VOL,-0.3707511741173547,-5.077391708378409,1504,False,-0.0979505826090119,-3.556664129822886,6032,
daily,S6_breakout,5,volatility,MID_VOL,0.016402596373794154,0.6045126497355381,3004,False,-0.0979505826090119,-3.556664129822886,6032,
daily,S6_breakout,5,volatility,LOW_VOL,0.053081934695645705,1.8807887581675293,1504,False,-0.0979505826090119,-3.556664129822886,6032,
daily,S6_breakout,5,drawdown,SHALLOW,0.036170205310743775,1.3157172802548687,2968,False,-0.0979505826090119,-3.556664129822886,6032,
daily,S6_breakout,5,drawdown,MODERATE,-0.07000217977456535,-1.4099810700814894,1518,False,-0.0979505826090119,-3.556664129822886,6032,
daily,S6_breakout,5,drawdown,DEEP,-0.3284510009179129,-4.980010745884522,1545,False,-0.0979505826090119,-3.556664129822886,6032,
daily,S7_turnaround_tuesday,1,regime,BULL,0.13432501888826187,3.2372827926009684,777,False,0.1987226342279762,4.1440260538285925,1131,
daily,S7_turnaround_tuesday,1,regime,BEAR,0.36017320524630736,1.6072863535494213,172,False,0.1987226342279762,4.1440260538285925,1131,
daily,S7_turnaround_tuesday,1,regime,SIDEWAYS,0.4968936332265115,3.0900185802394287,144,False,0.1987226342279762,4.1440260538285925,1131,
daily,S7_turnaround_tuesday,1,volatility,HIGH_VOL,0.331094788008077,2.0636587685187093,279,False,0.1987226342279762,4.1440260538285925,1131,
daily,S7_turnaround_tuesday,1,volatility,MID_VOL,0.17935046460847226,3.333439490946485,579,False,0.1987226342279762,4.1440260538285925,1131,
daily,S7_turnaround_tuesday,1,volatility,LOW_VOL,0.09981543586315778,2.079768642262163,270,False,0.1987226342279762,4.1440260538285925,1131,
daily,S7_turnaround_tuesday,1,drawdown,SHALLOW,0.11234790110510473,2.1317405404088503,557,False,0.1987226342279762,4.1440260538285925,1131,
daily,S7_turnaround_tuesday,1,drawdown,MODERATE,0.29199987963943785,3.6001377046773033,278,False,0.1987226342279762,4.1440260538285925,1131,
daily,S7_turnaround_tuesday,1,drawdown,DEEP,0.2860323682285981,2.09457006250104,296,False,0.1987226342279762,4.1440260538285925,1131,
daily,S7_turnaround_tuesday,1,day_of_week,Mon->Tue,0.1987226342279762,4.1440260538285925,1131,False,0.1987226342279762,4.1440260538285925,1131,
daily,S7_turnaround_tuesday,1,day_of_week,Tue->Wed,nan,nan,0,True,0.1987226342279762,4.1440260538285925,1131,
daily,S7_turnaround_tuesday,1,day_of_week,Wed->Thu,nan,nan,0,True,0.1987226342279762,4.1440260538285925,1131,
daily,S7_turnaround_tuesday,1,day_of_week,Thu->Fri,nan,nan,0,True,0.1987226342279762,4.1440260538285925,1131,
daily,S7_turnaround_tuesday,1,day_of_week,Fri->Mon,nan,nan,0,True,0.1987226342279762,4.1440260538285925,1131,
daily,S7_turnaround_tuesday,5,regime,BULL,0.04649670123589211,3.185118420460893,776,False,0.08653476322091014,4.581645029779084,1130,
daily,S7_turnaround_tuesday,5,regime,BEAR,0.19209279961763026,2.894928401560948,172,False,0.08653476322091014,4.581645029779084,1130,
daily,S7_turnaround_tuesday,5,regime,SIDEWAYS,0.1749127848308285,2.1341534442640535,144,False,0.08653476322091014,4.581645029779084,1130,
daily,S7_turnaround_tuesday,5,volatility,HIGH_VOL,0.18930848718195747,3.148081412484691,279,False,0.08653476322091014,4.581645029779084,1130,
daily,S7_turnaround_tuesday,5,volatility,MID_VOL,0.05868208732621638,2.9634942585128115,578,False,0.08653476322091014,4.581645029779084,1130,
daily,S7_turnaround_tuesday,5,volatility,LOW_VOL,0.02618453771123086,1.0053545985097887,270,False,0.08653476322091014,4.581645029779084,1130,
daily,S7_turnaround_tuesday,5,drawdown,SHALLOW,0.049062392199962446,2.2938455980069956,556,False,0.08653476322091014,4.581645029779084,1130,
daily,S7_turnaround_tuesday,5,drawdown,MODERATE,0.04596984787338454,1.411004190818448,278,False,0.08653476322091014,4.581645029779084,1130,
daily,S7_turnaround_tuesday,5,drawdown,DEEP,0.202634845912812,4.341422303522088,296,False,0.08653476322091014,4.581645029779084,1130,
daily,S8_gap_fade,1,regime,BULL,0.027041597003873985,1.0393975326506184,4143,False,-0.0025606304492754584,-0.0934796595874546,6036,
daily,S8_gap_fade,1,regime,BEAR,-0.03394532898525415,-0.352906221058655,932,False,-0.0025606304492754584,-0.0934796595874546,6036,
daily,S8_gap_fade,1,regime,SIDEWAYS,0.02143564726262781,0.22739728165211395,758,False,-0.0025606304492754584,-0.0934796595874546,6036,
daily,S8_gap_fade,1,volatility,HIGH_VOL,-0.04721416235139664,-0.5947822564675586,1504,False,-0.0025606304492754584,-0.0934796595874546,6036,
daily,S8_gap_fade,1,volatility,MID_VOL,0.021248588282568814,0.6491717850383698,3008,False,-0.0025606304492754584,-0.0934796595874546,6036,
daily,S8_gap_fade,1,volatility,LOW_VOL,0.015807951587403002,0.46124658597666374,1504,False,-0.0025606304492754584,-0.0934796595874546,6036,
daily,S8_gap_fade,1,drawdown,SHALLOW,-0.004910415081488817,-0.16137976622694808,2972,False,-0.0025606304492754584,-0.0934796595874546,6036,
daily,S8_gap_fade,1,drawdown,MODERATE,0.025357256293494723,0.4110289174308214,1518,False,-0.0025606304492754584,-0.0934796595874546,6036,
daily,S8_gap_fade,1,drawdown,DEEP,-0.02125546587661553,-0.3183451423639605,1545,False,-0.0025606304492754584,-0.0934796595874546,6036,
daily,S8_gap_fade,1,day_of_week,Mon->Tue,0.1500704837754574,2.2518581115494896,1132,False,-0.0025606304492754584,-0.0934796595874546,6036,
daily,S8_gap_fade,1,day_of_week,Tue->Wed,0.13999349463612565,1.9776642379472023,1238,False,-0.0025606304492754584,-0.0934796595874546,6036,
daily,S8_gap_fade,1,day_of_week,Wed->Thu,-0.05849876062314341,-0.9463743903135661,1238,False,-0.0025606304492754584,-0.0934796595874546,6036,
daily,S8_gap_fade,1,day_of_week,Thu->Fri,-0.01028504092233895,-0.18581604077767616,1217,False,-0.0025606304492754584,-0.0934796595874546,6036,
daily,S8_gap_fade,1,day_of_week,Fri->Mon,-0.18582038469256068,-3.2532726083883237,1211,False,-0.0025606304492754584,-0.0934796595874546,6036,
daily,S8_gap_fade,5,regime,BULL,0.019780018447655534,1.7857587215460533,4139,False,0.012028496574217451,0.9691720090817214,6032,
daily,S8_gap_fade,5,regime,BEAR,0.029442088190484883,0.6918751639647569,932,False,0.012028496574217451,0.9691720090817214,6032,
daily,S8_gap_fade,5,regime,SIDEWAYS,0.010482928443227513,0.26421414710973123,758,False,0.012028496574217451,0.9691720090817214,6032,
daily,S8_gap_fade,5,volatility,HIGH_VOL,0.0005044876156132805,0.014608828305185083,1504,False,0.012028496574217451,0.9691720090817214,6032,
daily,S8_gap_fade,5,volatility,MID_VOL,0.027513036926964274,1.8566379778584643,3004,False,0.012028496574217451,0.9691720090817214,6032,
daily,S8_gap_fade,5,volatility,LOW_VOL,0.013522989655014639,0.8320019587343093,1504,False,0.012028496574217451,0.9691720090817214,6032,
daily,S8_gap_fade,5,drawdown,SHALLOW,-0.0012764584604038065,-0.0842908740888643,2968,False,0.012028496574217451,0.9691720090817214,6032,
daily,S8_gap_fade,5,drawdown,MODERATE,0.039318531654551014,1.6319558601446034,1518,False,0.012028496574217451,0.9691720090817214,6032,
daily,S8_gap_fade,5,drawdown,DEEP,0.013348585837029914,0.4143303761011796,1545,False,0.012028496574217451,0.9691720090817214,6032,
daily,S9_sector_rotation,1,regime,BULL,-0.028123563415558106,-1.3725818945346215,4143,False,0.05187787176921255,1.691288780403809,6036,
daily,S9_sector_rotation,1,regime,BEAR,0.37069689193654276,2.189359448193197,932,False,0.05187787176921255,1.691288780403809,6036,
daily,S9_sector_rotation,1,regime,SIDEWAYS,0.1385040091326677,1.3519074899513028,758,False,0.05187787176921255,1.691288780403809,6036,
daily,S9_sector_rotation,1,volatility,HIGH_VOL,0.3805555634372957,3.1986285157697134,1504,False,0.05187787176921255,1.691288780403809,6036,
daily,S9_sector_rotation,1,volatility,MID_VOL,-0.04398473854927398,-1.6257276433838914,3008,False,0.05187787176921255,1.691288780403809,6036,
daily,S9_sector_rotation,1,volatility,LOW_VOL,-0.04769140788610238,-1.765599068921441,1504,False,0.05187787176921255,1.691288780403809,6036,
daily,S9_sector_rotation,1,drawdown,SHALLOW,-0.000521451366218284,-0.021022051691873107,2972,False,0.05187787176921255,1.691288780403809,6036,
daily,S9_sector_rotation,1,drawdown,MODERATE,0.007386675138413956,0.14334262146080498,1518,False,0.05187787176921255,1.691288780403809,6036,
daily,S9_sector_rotation,1,drawdown,DEEP,0.200871767837552,1.9908116629973398,1545,False,0.05187787176921255,1.691288780403809,6036,
daily,S9_sector_rotation,1,day_of_week,Mon->Tue,0.07290304012346271,1.1653707993682025,1132,False,0.05187787176921255,1.691288780403809,6036,
daily,S9_sector_rotation,1,day_of_week,Tue->Wed,0.047134845675401715,0.7339436343579535,1238,False,0.05187787176921255,1.691288780403809,6036,
daily,S9_sector_rotation,1,day_of_week,Wed->Thu,0.024958220498347394,0.3821970864145897,1238,False,0.05187787176921255,1.691288780403809,6036,
daily,S9_sector_rotation,1,day_of_week,Thu->Fri,0.07135721775260828,1.4393537010813022,1217,False,0.05187787176921255,1.691288780403809,6036,
daily,S9_sector_rotation,1,day_of_week,Fri->Mon,0.04577393407862074,0.743823191586544,1211,False,0.05187787176921255,1.691288780403809,6036,
daily,S9_sector_rotation,5,regime,BULL,-0.009938380604337382,-0.5896505598322922,4139,False,0.06291828041874936,2.3594876281637607,6032,
daily,S9_sector_rotation,5,regime,BEAR,0.30471320356542764,2.254855497097347,932,False,0.06291828041874936,2.3594876281637607,6032,
daily,S9_sector_rotation,5,regime,SIDEWAYS,0.15649591367234428,1.7379185794678866,758,False,0.06291828041874936,2.3594876281637607,6032,
daily,S9_sector_rotation,5,volatility,HIGH_VOL,0.31725519042822437,3.2339196530630714,1504,False,0.06291828041874936,2.3594876281637607,6032,
daily,S9_sector_rotation,5,volatility,MID_VOL,-0.02439669364858521,-1.115598394697495,3004,False,0.06291828041874936,2.3594876281637607,6032,
daily,S9_sector_rotation,5,volatility,LOW_VOL,-0.0094314540107171,-0.41792238815060223,1504,False,0.06291828041874936,2.3594876281637607,6032,
daily,S9_sector_rotation,5,drawdown,SHALLOW,0.020163415117459005,0.8799016995658111,2968,False,0.06291828041874936,2.3594876281637607,6032,
daily,S9_sector_rotation,5,drawdown,MODERATE,0.02628453856609636,0.6610087587598696,1518,False,0.06291828041874936,2.3594876281637607,6032,
daily,S9_sector_rotation,5,drawdown,DEEP,0.188473794586687,2.180189778852151,1545,False,0.06291828041874936,2.3594876281637607,6032,
intraday,I1_orb30,intraday,regime,BULL,2247.8369764055947,93.83762249423214,792,False,3398.076020603218,115.39729650525452,1516,SAME_BAR_ARTIFACT_NOT_INTERPRETABLE
intraday,I1_orb30,intraday,regime,BEAR,3364.9181579485717,39.68989541919658,169,False,3398.076020603218,115.39729650525452,1516,SAME_BAR_ARTIFACT_NOT_INTERPRETABLE
intraday,I1_orb30,intraday,regime,SIDEWAYS,3637.3051335378223,32.36835058777255,130,False,3398.076020603218,115.39729650525452,1516,SAME_BAR_ARTIFACT_NOT_INTERPRETABLE
intraday,I1_orb30,intraday,regime,NOT_COVERED_post_2024,7203.093849200604,58.92302385431085,425,False,3398.076020603218,115.39729650525452,1516,SAME_BAR_ARTIFACT_NOT_INTERPRETABLE
intraday,I1_orb30,intraday,volatility,HIGH_VOL,4800.40711529705,51.38635649514892,371,False,3398.076020603218,115.39729650525452,1516,SAME_BAR_ARTIFACT_NOT_INTERPRETABLE
intraday,I1_orb30,intraday,volatility,MID_VOL,3445.9376598506337,88.3748025537434,758,False,3398.076020603218,115.39729650525452,1516,SAME_BAR_ARTIFACT_NOT_INTERPRETABLE
intraday,I1_orb30,intraday,volatility,LOW_VOL,2372.838230049186,59.34350319877278,387,False,3398.076020603218,115.39729650525452,1516,SAME_BAR_ARTIFACT_NOT_INTERPRETABLE
intraday,I1_orb30,intraday,drawdown,SHALLOW,3281.657678674373,95.91922708896985,1013,False,3398.076020603218,115.39729650525452,1516,SAME_BAR_ARTIFACT_NOT_INTERPRETABLE
intraday,I1_orb30,intraday,drawdown,MODERATE,3356.6102312227235,51.41284201582562,340,False,3398.076020603218,115.39729650525452,1516,SAME_BAR_ARTIFACT_NOT_INTERPRETABLE
intraday,I1_orb30,intraday,drawdown,DEEP,4328.963499877436,40.48381836762385,163,False,3398.076020603218,115.39729650525452,1516,SAME_BAR_ARTIFACT_NOT_INTERPRETABLE
intraday,I1_orb30,1day,regime,BULL,-0.1554076283025163,-2.2179230578024907,792,False,-0.09365615039518327,-1.7112706035970846,1515,
intraday,I1_orb30,1day,regime,BEAR,0.11918828152474781,0.7242502090306615,169,False,-0.09365615039518327,-1.7112706035970846,1515,
intraday,I1_orb30,1day,regime,SIDEWAYS,0.1733432930836145,0.7061518392023535,130,False,-0.09365615039518327,-1.7112706035970846,1515,
intraday,I1_orb30,1day,regime,NOT_COVERED_post_2024,-0.12178515535814693,-1.1406644739324723,424,False,-0.09365615039518327,-1.7112706035970846,1515,
intraday,I1_orb30,1day,volatility,HIGH_VOL,-0.025621681365988636,-0.1733255878237999,371,False,-0.09365615039518327,-1.7112706035970846,1515,
intraday,I1_orb30,1day,volatility,MID_VOL,-0.05321260856962318,-0.7377571884425569,758,False,-0.09365615039518327,-1.7112706035970846,1515,
intraday,I1_orb30,1day,volatility,LOW_VOL,-0.22407406615785785,-2.6407918502707854,386,False,-0.09365615039518327,-1.7112706035970846,1515,
intraday,I1_orb30,1day,drawdown,SHALLOW,-0.13717112684920219,-2.1256903950545687,1012,False,-0.09365615039518327,-1.7112706035970846,1515,
intraday,I1_orb30,1day,drawdown,MODERATE,-0.01369759157160877,-0.10501245150678401,340,False,-0.09365615039518327,-1.7112706035970846,1515,
intraday,I1_orb30,1day,drawdown,DEEP,0.031174474174926692,0.2116326450938304,163,False,-0.09365615039518327,-1.7112706035970846,1515,
intraday,I2_vwap_position,intraday,regime,BULL,-0.9973922560931171,-77.20802439049467,810,False,-0.9981259300283744,-94.74945364247371,1534,SAME_BAR_ARTIFACT_NOT_INTERPRETABLE
intraday,I2_vwap_position,intraday,regime,BEAR,-0.9980704111816526,-34.26166280382056,169,False,-0.9981259300283744,-94.74945364247371,1534,SAME_BAR_ARTIFACT_NOT_INTERPRETABLE
intraday,I2_vwap_position,intraday,regime,SIDEWAYS,-0.9987665526684559,-25.026618631171356,130,False,-0.9981259300283744,-94.74945364247371,1534,SAME_BAR_ARTIFACT_NOT_INTERPRETABLE
intraday,I2_vwap_position,intraday,regime,NOT_COVERED_post_2024,-0.9988795194124006,-46.378826244445946,425,False,-0.9981259300283744,-94.74945364247371,1534,SAME_BAR_ARTIFACT_NOT_INTERPRETABLE
intraday,I2_vwap_position,intraday,volatility,HIGH_VOL,-0.9987986497673053,-38.96879554551421,371,False,-0.9981259300283744,-94.74945364247371,1534,SAME_BAR_ARTIFACT_NOT_INTERPRETABLE
intraday,I2_vwap_position,intraday,volatility,MID_VOL,-0.9980577218877792,-74.33375196919931,774,False,-0.9981259300283744,-94.74945364247371,1534,SAME_BAR_ARTIFACT_NOT_INTERPRETABLE
intraday,I2_vwap_position,intraday,volatility,LOW_VOL,-0.9973343519690604,-52.94434082852073,389,False,-0.9981259300283744,-94.74945364247371,1534,SAME_BAR_ARTIFACT_NOT_INTERPRETABLE
intraday,I2_vwap_position,intraday,drawdown,SHALLOW,-0.9979083869486436,-83.7911484292763,1031,False,-0.9981259300283744,-94.74945364247371,1534,SAME_BAR_ARTIFACT_NOT_INTERPRETABLE
intraday,I2_vwap_position,intraday,drawdown,MODERATE,-0.9984469266582219,-37.66141294862809,340,False,-0.9981259300283744,-94.74945364247371,1534,SAME_BAR_ARTIFACT_NOT_INTERPRETABLE
intraday,I2_vwap_position,intraday,drawdown,DEEP,-0.9986161419523378,-32.78802822398409,163,False,-0.9981259300283744,-94.74945364247371,1534,SAME_BAR_ARTIFACT_NOT_INTERPRETABLE
intraday,I2_vwap_position,1day,regime,BULL,0.14080066508356737,1.7103810793810432,810,False,0.15037487304871933,2.2083019432765343,1533,
intraday,I2_vwap_position,1day,regime,BEAR,-0.06336368615600096,-0.4017713435126517,169,False,0.15037487304871933,2.2083019432765343,1533,
intraday,I2_vwap_position,1day,regime,SIDEWAYS,0.07552816833425702,0.300942860522347,130,False,0.15037487304871933,2.2083019432765343,1533,
intraday,I2_vwap_position,1day,regime,NOT_COVERED_post_2024,0.2950444747418626,1.7597101353537474,424,False,0.15037487304871933,2.2083019432765343,1533,
intraday,I2_vwap_position,1day,volatility,HIGH_VOL,0.1881671937253755,1.0053937906977157,371,False,0.15037487304871933,2.2083019432765343,1533,
intraday,I2_vwap_position,1day,volatility,MID_VOL,0.0986815258619318,1.1808994943416837,774,False,0.15037487304871933,2.2083019432765343,1533,
intraday,I2_vwap_position,1day,volatility,LOW_VOL,0.22247733853871088,1.9983610565879864,388,False,0.15037487304871933,2.2083019432765343,1533,
intraday,I2_vwap_position,1day,drawdown,SHALLOW,0.21199842356808163,2.7256377343762623,1030,False,0.15037487304871933,2.2083019432765343,1533,
intraday,I2_vwap_position,1day,drawdown,MODERATE,0.05191197444391271,0.3637991289795867,340,False,0.15037487304871933,2.2083019432765343,1533,
intraday,I2_vwap_position,1day,drawdown,DEEP,-0.0031166792283939815,-0.013578039097180127,163,False,0.15037487304871933,2.2083019432765343,1533,
intraday,I3_gap_fade,intraday,regime,BULL,0.21769410195123617,2.594888485606614,810,False,0.23753857829914837,3.4688327935740686,1534,
intraday,I3_gap_fade,intraday,regime,BEAR,0.05069313897282024,0.2602555908656841,169,False,0.23753857829914837,3.4688327935740686,1534,
intraday,I3_gap_fade,intraday,regime,SIDEWAYS,0.6826670879460619,2.1817651811740033,130,False,0.23753857829914837,3.4688327935740686,1534,
intraday,I3_gap_fade,intraday,regime,NOT_COVERED_post_2024,0.23980586346799715,1.6445282727138055,425,False,0.23753857829914837,3.4688327935740686,1534,
intraday,I3_gap_fade,intraday,volatility,HIGH_VOL,0.3417894865966473,1.8501719831747199,371,False,0.23753857829914837,3.4688327935740686,1534,
intraday,I3_gap_fade,intraday,volatility,MID_VOL,0.27504065886158835,2.974392112881388,774,False,0.23753857829914837,3.4688327935740686,1534,
intraday,I3_gap_fade,intraday,volatility,LOW_VOL,0.07953872072941004,0.8513086528484969,389,False,0.23753857829914837,3.4688327935740686,1534,
intraday,I3_gap_fade,intraday,drawdown,SHALLOW,0.1287369161591838,1.8180625859712178,1031,False,0.23753857829914837,3.4688327935740686,1534,
intraday,I3_gap_fade,intraday,drawdown,MODERATE,0.6209626168558013,3.09059877230738,340,False,0.23753857829914837,3.4688327935740686,1534,
intraday,I3_gap_fade,intraday,drawdown,DEEP,0.260888017857396,0.9925366890110945,163,False,0.23753857829914837,3.4688327935740686,1534,
intraday,I3_gap_fade,1day,regime,BULL,0.052044484426186255,0.6248486141794024,810,False,0.03285278547096837,0.44641853400225034,1533,
intraday,I3_gap_fade,1day,regime,BEAR,0.23753064462874707,0.8736011687137053,169,False,0.03285278547096837,0.44641853400225034,1533,
intraday,I3_gap_fade,1day,regime,SIDEWAYS,-0.16072328183347107,-0.8320531566217763,130,False,0.03285278547096837,0.44641853400225034,1533,
intraday,I3_gap_fade,1day,regime,NOT_COVERED_post_2024,-0.011269013976134223,-0.06469408205408952,424,False,0.03285278547096837,0.44641853400225034,1533,
intraday,I3_gap_fade,1day,volatility,HIGH_VOL,-0.1105818200346097,-0.6352381257969197,371,False,0.03285278547096837,0.44641853400225034,1533,
intraday,I3_gap_fade,1day,volatility,MID_VOL,0.10717667795295238,1.0680822114569701,774,False,0.03285278547096837,0.44641853400225034,1533,
intraday,I3_gap_fade,1day,volatility,LOW_VOL,0.037284027444057566,0.31599212837764684,388,False,0.03285278547096837,0.44641853400225034,1533,
intraday,I3_gap_fade,1day,drawdown,SHALLOW,0.08589216361707575,1.0078593408927567,1030,False,0.03285278547096837,0.44641853400225034,1533,
intraday,I3_gap_fade,1day,drawdown,MODERATE,-0.13536255038152623,-0.9177022444633682,340,False,0.03285278547096837,0.44641853400225034,1533,
intraday,I3_gap_fade,1day,drawdown,DEEP,0.09037911315473957,0.3010688109277201,163,False,0.03285278547096837,0.44641853400225034,1533,
intraday,I4_gap_and_go,intraday,regime,BULL,-0.17872063281099948,-2.590689690557796,810,False,-0.1924507499185022,-3.4771137849881257,1534,
intraday,I4_gap_and_go,intraday,regime,BEAR,-0.050962686724959405,-0.27496345205597006,169,False,-0.1924507499185022,-3.4771137849881257,1534,
intraday,I4_gap_and_go,intraday,regime,SIDEWAYS,-0.3999924650163106,-2.13500347480972,130,False,-0.1924507499185022,-3.4771137849881257,1534,
intraday,I4_gap_and_go,intraday,regime,NOT_COVERED_post_2024,-0.19691127280005205,-1.679541633398818,425,False,-0.1924507499185022,-3.4771137849881257,1534,
intraday,I4_gap_and_go,intraday,volatility,HIGH_VOL,-0.25610445421483763,-1.8576283071278752,371,False,-0.1924507499185022,-3.4771137849881257,1534,
intraday,I4_gap_and_go,intraday,volatility,MID_VOL,-0.21498476053040438,-2.964899083029184,774,False,-0.1924507499185022,-3.4771137849881257,1534,
intraday,I4_gap_and_go,intraday,volatility,LOW_VOL,-0.07613376571664154,-0.8795227737469956,389,False,-0.1924507499185022,-3.4771137849881257,1534,
intraday,I4_gap_and_go,intraday,drawdown,SHALLOW,-0.11453405790521765,-1.8274499544999967,1031,False,-0.1924507499185022,-3.4771137849881257,1534,
intraday,I4_gap_and_go,intraday,drawdown,MODERATE,-0.3841877039341074,-3.099391592019789,340,False,-0.1924507499185022,-3.4771137849881257,1534,
intraday,I4_gap_and_go,intraday,drawdown,DEEP,-0.20655163660967446,-0.9871924673174047,163,False,-0.1924507499185022,-3.4771137849881257,1534,
intraday,I4_gap_and_go,1day,regime,BULL,-0.050102276166388515,-0.6342193611265082,810,False,-0.03454748173817679,-0.4852464828391715,1533,
intraday,I4_gap_and_go,1day,regime,BEAR,-0.2019615586955299,-0.9234418620511765,169,False,-0.03454748173817679,-0.4852464828391715,1533,
intraday,I4_gap_and_go,1day,regime,SIDEWAYS,0.19312585315186426,0.8375585266480317,130,False,-0.03454748173817679,-0.4852464828391715,1533,
intraday,I4_gap_and_go,1day,regime,NOT_COVERED_post_2024,0.006821682374470672,0.03872705540175246,424,False,-0.03454748173817679,-0.4852464828391715,1533,
intraday,I4_gap_and_go,1day,volatility,HIGH_VOL,0.11907603461180916,0.6087918375402269,371,False,-0.03454748173817679,-0.4852464828391715,1533,
intraday,I4_gap_and_go,1day,volatility,MID_VOL,-0.09829093689177437,-1.0844096478896925,774,False,-0.03454748173817679,-0.4852464828391715,1533,
intraday,I4_gap_and_go,1day,volatility,LOW_VOL,-0.03935692511244182,-0.34767270701769537,388,False,-0.03454748173817679,-0.4852464828391715,1533,
intraday,I4_gap_and_go,1day,drawdown,SHALLOW,-0.08085456437733096,-1.0313275148808831,1030,False,-0.03454748173817679,-0.4852464828391715,1533,
intraday,I4_gap_and_go,1day,drawdown,MODERATE,0.15226380434767384,0.894363883286341,340,False,-0.03454748173817679,-0.4852464828391715,1533,
intraday,I4_gap_and_go,1day,drawdown,DEEP,-0.08944007552520739,-0.3248331075882775,163,False,-0.03454748173817679,-0.4852464828391715,1533,
intraday,I5_pivot_reversal,intraday,regime,BULL,0.1965794006614925,2.4515196046811645,810,False,0.16983238659283661,2.6072649861375523,1534,
intraday,I5_pivot_reversal,intraday,regime,BEAR,-0.0401570601258876,-0.22550995618347397,169,False,0.16983238659283661,2.6072649861375523,1534,
intraday,I5_pivot_reversal,intraday,regime,SIDEWAYS,0.6516350201443342,2.079967818196527,130,False,0.16983238659283661,2.6072649861375523,1534,
intraday,I5_pivot_reversal,intraday,regime,NOT_COVERED_post_2024,0.09071436022694246,0.6729757139410865,425,False,0.16983238659283661,2.6072649861375523,1534,
intraday,I5_pivot_reversal,intraday,volatility,HIGH_VOL,0.1038175208919152,0.6628093419859865,371,False,0.16983238659283661,2.6072649861375523,1534,
intraday,I5_pivot_reversal,intraday,volatility,MID_VOL,0.2237605743180029,2.4878045404688853,774,False,0.16983238659283661,2.6072649861375523,1534,
intraday,I5_pivot_reversal,intraday,volatility,LOW_VOL,0.13039719686319184,1.2831170502196259,389,False,0.16983238659283661,2.6072649861375523,1534,
intraday,I5_pivot_reversal,intraday,drawdown,SHALLOW,0.12114459569207692,1.7394328151442504,1031,False,0.16983238659283661,2.6072649861375523,1534,
intraday,I5_pivot_reversal,intraday,drawdown,MODERATE,0.31335411556029746,1.6015917768759573,340,False,0.16983238659283661,2.6072649861375523,1534,
intraday,I5_pivot_reversal,intraday,drawdown,DEEP,0.20235047376240245,0.8957295036721616,163,False,0.16983238659283661,2.6072649861375523,1534,
intraday,I5_pivot_reversal,1day,regime,BULL,-0.023589952799878633,-0.30122233677879023,810,False,-0.025353918649451024,-0.36860472209779266,1533,
intraday,I5_pivot_reversal,1day,regime,BEAR,0.14677228927395247,0.6359189577178422,169,False,-0.025353918649451024,-0.36860472209779266,1533,
intraday,I5_pivot_reversal,1day,regime,SIDEWAYS,-0.06522923001473024,-0.28254629069693943,130,False,-0.025353918649451024,-0.36860472209779266,1533,
intraday,I5_pivot_reversal,1day,regime,NOT_COVERED_post_2024,-0.07797071211691742,-0.4879113778161441,424,False,-0.025353918649451024,-0.36860472209779266,1533,
intraday,I5_pivot_reversal,1day,volatility,HIGH_VOL,-0.17547553108485547,-1.08639458953248,371,False,-0.025353918649451024,-0.36860472209779266,1533,
intraday,I5_pivot_reversal,1day,volatility,MID_VOL,0.055170234141951546,0.5807954827245381,774,False,-0.025353918649451024,-0.36860472209779266,1533,
intraday,I5_pivot_reversal,1day,volatility,LOW_VOL,-0.02388688038750264,-0.22555018980427172,388,False,-0.025353918649451024,-0.36860472209779266,1533,
intraday,I5_pivot_reversal,1day,drawdown,SHALLOW,-0.017548488578176036,-0.22383459932455468,1030,False,-0.025353918649451024,-0.36860472209779266,1533,
intraday,I5_pivot_reversal,1day,drawdown,MODERATE,-0.018301942538332505,-0.11931203128178099,340,False,-0.025353918649451024,-0.36860472209779266,1533,
intraday,I5_pivot_reversal,1day,drawdown,DEEP,-0.08710323885206162,-0.33136822633534857,163,False,-0.025353918649451024,-0.36860472209779266,1533,
intraday,I6_intraday_reversal,intraday,regime,BULL,-0.9956597489039647,-75.67388195857365,810,False,-0.9971462639065931,-91.44161795794318,1534,SAME_BAR_ARTIFACT_NOT_INTERPRETABLE
intraday,I6_intraday_reversal,intraday,regime,BEAR,-0.9976499438068179,-32.86566336619896,169,False,-0.9971462639065931,-91.44161795794318,1534,SAME_BAR_ARTIFACT_NOT_INTERPRETABLE
intraday,I6_intraday_reversal,intraday,regime,SIDEWAYS,-0.9974175976334858,-23.081879064079036,130,False,-0.9971462639065931,-91.44161795794318,1534,SAME_BAR_ARTIFACT_NOT_INTERPRETABLE
intraday,I6_intraday_reversal,intraday,regime,NOT_COVERED_post_2024,-0.9985729450033017,-47.127609140978215,425,False,-0.9971462639065931,-91.44161795794318,1534,SAME_BAR_ARTIFACT_NOT_INTERPRETABLE
intraday,I6_intraday_reversal,intraday,volatility,HIGH_VOL,-0.9980583109991705,-39.03055415409265,371,False,-0.9971462639065931,-91.44161795794318,1534,SAME_BAR_ARTIFACT_NOT_INTERPRETABLE
intraday,I6_intraday_reversal,intraday,volatility,MID_VOL,-0.9970343246004482,-72.38476530623095,774,False,-0.9971462639065931,-91.44161795794318,1534,SAME_BAR_ARTIFACT_NOT_INTERPRETABLE
intraday,I6_intraday_reversal,intraday,volatility,LOW_VOL,-0.996185260717815,-47.350865692381504,389,False,-0.9971462639065931,-91.44161795794318,1534,SAME_BAR_ARTIFACT_NOT_INTERPRETABLE
intraday,I6_intraday_reversal,intraday,drawdown,SHALLOW,-0.9969289711905762,-78.54632355122399,1031,False,-0.9971462639065931,-91.44161795794318,1534,SAME_BAR_ARTIFACT_NOT_INTERPRETABLE
intraday,I6_intraday_reversal,intraday,drawdown,MODERATE,-0.9973865081680506,-39.18920715236085,340,False,-0.9971462639065931,-91.44161795794318,1534,SAME_BAR_ARTIFACT_NOT_INTERPRETABLE
intraday,I6_intraday_reversal,intraday,drawdown,DEEP,-0.9978453086767448,-29.566034574246643,163,False,-0.9971462639065931,-91.44161795794318,1534,SAME_BAR_ARTIFACT_NOT_INTERPRETABLE
intraday,I6_intraday_reversal,1day,regime,BULL,0.04791980617420588,0.6265429292870665,810,False,0.013736538365793027,0.22845647644347508,1533,
intraday,I6_intraday_reversal,1day,regime,BEAR,0.08613264893956862,0.47451588682074164,169,False,0.013736538365793027,0.22845647644347508,1533,
intraday,I6_intraday_reversal,1day,regime,SIDEWAYS,-0.24802892672851462,-1.2256620330109769,130,False,0.013736538365793027,0.22845647644347508,1533,
intraday,I6_intraday_reversal,1day,regime,NOT_COVERED_post_2024,0.014416180321379146,0.11225711379804505,424,False,0.013736538365793027,0.22845647644347508,1533,
intraday,I6_intraday_reversal,1day,volatility,HIGH_VOL,0.029466977447422993,0.1949595604028407,371,False,0.013736538365793027,0.22845647644347508,1533,
intraday,I6_intraday_reversal,1day,volatility,MID_VOL,0.02990776647022919,0.37296462084078896,774,False,0.013736538365793027,0.22845647644347508,1533,
intraday,I6_intraday_reversal,1day,volatility,LOW_VOL,-0.032129459255331616,-0.2970152454038018,388,False,0.013736538365793027,0.22845647644347508,1533,
intraday,I6_intraday_reversal,1day,drawdown,SHALLOW,-0.005336391945022112,-0.07766462433973341,1030,False,0.013736538365793027,0.22845647644347508,1533,
intraday,I6_intraday_reversal,1day,drawdown,MODERATE,0.005678583137238791,0.0363730136322704,340,False,0.013736538365793027,0.22845647644347508,1533,
intraday,I6_intraday_reversal,1day,drawdown,DEEP,0.16214732349924654,0.925708757893891,163,False,0.013736538365793027,0.22845647644347508,1533,
