scale,paths,breachProbability1m,breachProbability3m,breachProbability6m,breachProbability12m,dailyLimitBreachProbability,drawdownBreachProbability,expectedPayout,medianPayout,expectedNetPayout,medianNetPayout,p05NetPayout,probabilityAnyPayout,medianDaysToFirstPayout,medianDrawdownUtilization,p95DrawdownUtilization,expectedResets,expectedFees,candidate,label,drawdownRule
0.1,5000,0.0,0.0,0.0,0.0,0.0,0.0,124.34316439260594,0.0,-375.6568356073941,-500.0,-500.0,0.135,229.0,0.10268068537747604,0.2800875559824437,0.0,500.0,dm_optimized_63d_daily,DM Optimized 63D/Daily,static
0.15,5000,0.0,0.0,0.0,0.0,0.0,0.0,1419.379317760302,818.3632056191216,919.3793177603019,318.3632056191215,-500.0,0.5982,195.0,0.22941693668238683,0.4788162208194219,0.0,500.0,dm_optimized_63d_daily,DM Optimized 63D/Daily,static
0.2,5000,0.0,0.0004,0.0018,0.006,0.0,0.006,3461.2058015843736,3267.6943216931077,2958.2058015843736,2765.4430532424767,-500.0,0.8116,163.0,0.36678108174647905,0.6993236404497148,0.006,503.0,dm_optimized_63d_daily,DM Optimized 63D/Daily,static
0.25,5000,0.0,0.0042,0.0082,0.0288,0.0,0.0288,5730.755273713146,5690.7205075001875,5216.255273713146,5182.5497686524295,-500.0,0.8976,138.0,0.499209948512158,0.9122086691893632,0.029,514.5,dm_optimized_63d_daily,DM Optimized 63D/Daily,static
0.3,5000,0.0,0.0118,0.027,0.0922,0.0,0.0922,8065.398971142739,8073.027304864843,7518.498971142739,7554.16616523387,-500.0,0.9378,120.0,0.622515085669489,1.0352068627651558,0.0938,546.9,dm_optimized_63d_daily,DM Optimized 63D/Daily,static
0.35,5000,0.0,0.0292,0.0724,0.1908,0.0,0.1908,10391.013799849161,10400.645140255565,9789.813799849162,9837.995054995095,-248.14735995933506,0.9548,107.0,0.7530801295143417,1.0730333791897984,0.2024,601.2,dm_optimized_63d_daily,DM Optimized 63D/Daily,static
0.4,5000,0.0838,0.2466,0.4426,0.6972,0.656,0.1166,11251.971363002118,11074.079148535384,10184.671363002119,10027.017709593998,-1500.0,0.946,96.0,0.7151033094062793,1.0668347092496648,1.1346,1067.3,dm_optimized_63d_daily,DM Optimized 63D/Daily,static
0.45,5000,0.1832,0.454,0.712,0.9152,0.8912,0.1996,11011.02215698207,10339.811911702116,9394.12215698207,8673.055999851373,-2000.0,0.9408,93.0,0.7910901215852779,1.1121483183411207,2.2338,1616.9,dm_optimized_63d_daily,DM Optimized 63D/Daily,static
0.5,5000,0.2644,0.5888,0.8366,0.9734,0.9612,0.267,11483.997530894152,10610.035214131478,9325.197530894151,8479.130550174143,-2856.602740461384,0.9364,89.5,0.8723710522908853,1.1416199392505022,3.3176,2158.8,dm_optimized_63d_daily,DM Optimized 63D/Daily,static
0.55,5000,0.354,0.7148,0.9244,0.9934,0.9882,0.3118,10963.67005310627,9776.154283724318,7265.6700531062725,6099.733963956585,-5000.0,0.9066,91.0,0.9056198703692523,1.14913193105333,6.396,3698.0,dm_optimized_63d_daily,DM Optimized 63D/Daily,static
0.6,5000,0.4486,0.828,0.9726,0.9992,0.9978,0.4248,9581.933743938049,8234.315367947782,5295.333743938049,3915.0867995400567,-6000.0,0.8688,96.0,0.9946428468844897,1.1871626289471484,7.5732,4286.6,dm_optimized_63d_daily,DM Optimized 63D/Daily,static
0.65,5000,0.5666,0.9096,0.993,1.0,0.9998,0.4884,8982.610334296975,7701.110775615292,3124.5103342969733,1781.3915453266122,-8000.0,0.8456,98.0,1.0070248634639258,1.236824597585522,10.7162,5858.1,dm_optimized_63d_daily,DM Optimized 63D/Daily,static
0.7,5000,0.668,0.9582,0.9984,1.0,1.0,0.5392,7060.137824345222,5539.515775040625,-349.0621756547778,-2011.0037134279091,-10500.0,0.7462,105.0,1.0528727260790571,1.2620685135217287,13.8184,7409.2,dm_optimized_63d_daily,DM Optimized 63D/Daily,static
0.75,5000,0.746,0.9826,0.9998,1.0,1.0,0.5536,6696.216266291531,5110.564923561342,-2247.2837337084693,-3705.359682010684,-12508.450420713041,0.683,110.0,1.031346956694729,1.2839626718778672,16.887,8943.5,dm_optimized_63d_daily,DM Optimized 63D/Daily,static
0.8,5000,0.7668,0.9892,0.9998,1.0,1.0,0.473,5812.727748742059,3902.201525476651,-6072.972251257941,-8016.773371147446,-16500.0,0.6086,117.0,1.0703465791938822,1.3240656604612135,22.7714,11885.7,dm_optimized_63d_daily,DM Optimized 63D/Daily,static
0.85,5000,0.843,0.996,1.0,1.0,1.0,0.5798,5146.560251478623,2117.529616186541,-8388.339748521375,-10759.778316163607,-18000.0,0.5396,119.0,1.1109198992068376,1.4038133366087033,26.0698,13534.9,dm_optimized_63d_daily,DM Optimized 63D/Daily,static
0.9,5000,0.856,0.996,1.0,1.0,1.0,0.29,5569.48378673738,2235.2902558389587,-9200.516213262621,-11901.498212908278,-19500.0,0.5382,116.0,1.0867047458858385,1.414214056509501,28.54,14770.0,dm_optimized_63d_daily,DM Optimized 63D/Daily,static
0.95,5000,0.87,0.9968,1.0,1.0,1.0,0.239,5588.799303128786,1384.1911304451817,-13664.500696871215,-16305.13354415535,-25472.833890659545,0.5204,117.0,1.0168712948000587,1.2554057009053285,37.5066,19253.3,dm_optimized_63d_daily,DM Optimized 63D/Daily,static
1.0,5000,0.8774,0.9972,1.0,1.0,1.0,0.1044,5054.933404392023,0.0,-19181.166595607978,-21500.0,-32500.0,0.442,125.0,1.0458116998323166,1.2583930416942493,47.4722,24236.1,dm_optimized_63d_daily,DM Optimized 63D/Daily,static
0.1,5000,0.0,0.0,0.0,0.0,0.0,0.0,124.34316439260594,0.0,-375.6568356073941,-500.0,-500.0,0.135,229.0,0.31485908907004945,0.49168313375437506,0.0,500.0,dm_optimized_63d_daily,DM Optimized 63D/Daily,trailing_to_breakeven
0.15,5000,0.0,0.0002,0.0004,0.0032,0.0,0.0032,1419.42552313975,818.3632056191216,917.82552313975,318.3632056191215,-500.0,0.5984,195.0,0.467576634779735,0.7344903703412493,0.0032,501.6,dm_optimized_63d_daily,DM Optimized 63D/Daily,trailing_to_breakeven
0.2,5000,0.0,0.004,0.0158,0.0374,0.0,0.0374,3467.8308258996026,3269.467560410313,2949.030825899602,2766.168059732421,-500.0,0.8138,163.0,0.6188789996651879,0.973883796060896,0.0376,518.8,dm_optimized_63d_daily,DM Optimized 63D/Daily,trailing_to_breakeven
0.25,5000,0.0,0.0294,0.0712,0.1502,0.0,0.1502,5757.666579893634,5727.369402208255,5177.466579893634,5185.130072168384,-731.6245319625239,0.9026,138.0,0.7664492247141268,1.0602113433732137,0.1604,580.2,dm_optimized_63d_daily,DM Optimized 63D/Daily,trailing_to_breakeven
0.3,5000,0.0,0.0852,0.175,0.3322,0.0,0.3322,7986.522869999394,7981.022456680588,7286.6228699993935,7355.705828937394,-1000.0,0.9354,119.0,0.9204124924018179,1.1321825456438466,0.3998,699.9,dm_optimized_63d_daily,DM Optimized 63D/Daily,trailing_to_breakeven
0.35,5000,0.0536,0.222,0.4012,0.65,0.0,0.65,9676.179884288671,9496.874291411765,8681.87988428867,8534.650168446191,-1000.0524870277872,0.9506,105.0,1.0653239622094577,1.1989033895551613,0.9886,994.3,dm_optimized_63d_daily,DM Optimized 63D/Daily,trailing_to_breakeven
0.4,5000,0.1086,0.3524,0.5854,0.8288,0.656,0.5036,10899.138904751926,10493.74407678597,9557.738904751926,9264.322569197067,-1979.0695727394288,0.9426,95.0,1.0189140529030059,1.1973099040931101,1.6828,1341.4,dm_optimized_63d_daily,DM Optimized 63D/Daily,trailing_to_breakeven
0.45,5000,0.2572,0.604,0.8442,0.9736,0.8912,0.7528,10063.298330996671,9273.934148477805,7899.598330996671,7165.8603178711855,-3000.0,0.9324,94.0,1.0890824623578155,1.3003516659081027,3.3274,2163.7,dm_optimized_63d_daily,DM Optimized 63D/Daily,trailing_to_breakeven
0.5,5000,0.3044,0.6854,0.9046,0.9908,0.9612,0.7458,10819.921822999042,9894.959681313247,8173.221822999042,7256.017328129197,-3500.0,0.9262,90.0,1.0972618636127662,1.3448201139269675,4.2934,2646.7,dm_optimized_63d_daily,DM Optimized 63D/Daily,trailing_to_breakeven
0.55,5000,0.5038,0.8592,0.9822,1.0,0.9882,0.9234,9050.28537594562,7804.54004842086,4393.285375945618,3266.130805856799,-6500.0,0.8578,97.0,1.2031753529086417,1.4265721626417547,8.314,4657.0,dm_optimized_63d_daily,DM Optimized 63D/Daily,trailing_to_breakeven
0.6,5000,0.5926,0.9306,0.9956,1.0,0.9978,0.955,7671.989653016849,6423.249726286228,2308.8896530168495,956.0994220238067,-7500.0,0.792,105.0,1.3125549304457915,1.4690817943244567,9.7262,5363.1,dm_optimized_63d_daily,DM Optimized 63D/Daily,trailing_to_breakeven
0.65,5000,0.6306,0.9544,0.998,1.0,0.9998,0.9518,7735.267552608615,6389.010211394319,811.7675526086146,-557.8174953889447,-9500.0,0.782,105.0,1.2827593677202094,1.528240451815446,12.847,6923.5,dm_optimized_63d_daily,DM Optimized 63D/Daily,trailing_to_breakeven
0.7,5000,0.7612,0.9876,0.9998,1.0,1.0,0.9924,5561.704529279416,4016.4818969892804,-3655.895470720583,-5346.707014827954,-12500.0,0.6314,114.0,1.289880010866902,1.5530302874162696,17.4352,9217.6,dm_optimized_63d_daily,DM Optimized 63D/Daily,trailing_to_breakeven
0.75,5000,0.7984,0.9916,0.9998,1.0,1.0,0.9978,5483.8968615310205,3779.8476603580757,-5896.703138468979,-7739.483142093406,-16000.0,0.596,119.0,1.3262658069445437,1.6438381005377072,21.7612,11380.6,dm_optimized_63d_daily,DM Optimized 63D/Daily,trailing_to_breakeven
0.8,5000,0.807,0.9942,1.0,1.0,1.0,0.999,5174.626301187905,2847.093181021535,-9352.473698812097,-11500.0,-20000.0,0.5476,120.0,1.4146835274075154,1.5687659934797267,28.0542,14527.1,dm_optimized_63d_daily,DM Optimized 63D/Daily,trailing_to_breakeven
0.85,5000,0.8736,0.9966,1.0,1.0,1.0,0.9966,4535.757179231847,0.0,-11193.442820768154,-13500.0,-21000.0,0.4752,121.0,1.5031012478704846,1.5659235911192422,30.4584,15729.2,dm_optimized_63d_daily,DM Optimized 63D/Daily,trailing_to_breakeven
0.9,5000,0.881,0.9966,1.0,1.0,1.0,1.0,4924.749272958705,0.0,-13517.950727041296,-16000.0,-24000.0,0.4578,120.0,1.5915189683334539,1.5915189683334539,35.8854,18442.7,dm_optimized_63d_daily,DM Optimized 63D/Daily,trailing_to_breakeven
0.95,5000,0.9536,0.9992,1.0,1.0,1.0,1.0,3509.1741030412645,0.0,-20282.425896958735,-22500.0,-30500.0,0.3362,127.0,1.679936688796423,1.679936688796423,46.5832,23791.6,dm_optimized_63d_daily,DM Optimized 63D/Daily,trailing_to_breakeven
1.0,5000,0.9542,0.9994,1.0,1.0,1.0,1.0,3645.693617078176,0.0,-26365.106382921826,-28000.0,-39500.0,0.329,130.0,1.5364025495015836,1.6533063175866336,59.0216,30010.8,dm_optimized_63d_daily,DM Optimized 63D/Daily,trailing_to_breakeven
0.1,5000,0.0,0.0,0.0,0.0,0.0,0.0,0.0,0.0,-500.0,-500.0,-500.0,0.0,,0.08092996653338923,0.29265343565257085,0.0,500.0,mrm,Canonical MRM,static
0.15,5000,0.0,0.0,0.0,0.0004,0.0,0.0004,0.22398908488827993,0.0,-499.9760109151118,-500.0,-500.0,0.0002,248.0,0.12151041030240231,0.4389801534788105,0.0004,500.2,mrm,Canonical MRM,static
0.2,5000,0.0,0.0,0.0004,0.0026,0.0,0.0026,11.883187560041394,0.0,-489.41681243995856,-500.0,-500.0,0.014,228.0,0.1655252132365907,0.5853068713050997,0.0026,501.3,mrm,Canonical MRM,static
0.25,5000,0.0,0.0002,0.0028,0.0114,0.0,0.0114,79.71682153113098,0.0,-425.98317846886897,-500.0,-500.0,0.0646,218.0,0.22064301232706446,0.7326794692407066,0.0114,505.7,mrm,Canonical MRM,static
0.3,5000,0.0,0.0016,0.0096,0.0286,0.0,0.0286,236.49928612305666,0.0,-278.1007138769433,-500.0,-500.0,0.1432,205.0,0.3010950126004803,0.8793822887113999,0.0292,514.6,mrm,Canonical MRM,static
0.35,5000,0.0,0.007,0.0236,0.059,0.0,0.059,498.8313400089847,0.0,-31.268659991015273,-500.0,-1000.0,0.2404,194.0,0.38862993077898866,1.0072483863328447,0.0602,530.1,mrm,Canonical MRM,static
0.4,5000,0.0,0.0142,0.0416,0.0942,0.0,0.0942,856.8450992432121,0.0,307.74509924321205,-500.0,-1000.0,0.3308,185.0,0.4776525457560177,1.026918203731458,0.0982,549.1,mrm,Canonical MRM,static
0.45,5000,0.0,0.0268,0.0698,0.1502,0.0,0.1502,1280.0414874078083,0.0,700.6414874078084,-500.0,-1000.0,0.4088,176.0,0.5796225810820069,1.051208567782128,0.1588,579.4,mrm,Canonical MRM,static
0.5,5000,0.0048,0.0446,0.1018,0.2096,0.0,0.2096,1764.660530402705,0.0,1150.260530402705,-500.0,-1000.0,0.4802,166.0,0.6770089190293171,1.082189164136693,0.2288,614.4,mrm,Canonical MRM,static
0.55,5000,0.0092,0.0666,0.1392,0.287,0.0,0.287,2301.353623757243,607.8366979613318,1639.7536237572428,-53.91213912593665,-1000.0,0.5438,158.0,0.7712690403306187,1.1108193916595595,0.3232,661.6,mrm,Canonical MRM,static
0.6,5000,0.0306,0.126,0.2438,0.4548,0.1878,0.3146,2854.082315051904,1407.5820521883086,2069.182315051904,565.892734867579,-1500.0,0.5924,151.0,0.8023966076042985,1.1035126865473182,0.5698,784.9,mrm,Canonical MRM,static
0.65,5000,0.0424,0.1616,0.3046,0.544,0.3316,0.3434,3435.7896517360955,2071.9228260476607,2538.0896517360957,1146.8238255764593,-1500.0,0.637,145.0,0.8659593777680469,1.121597431471304,0.7954,897.7,mrm,Canonical MRM,static
0.7,5000,0.0706,0.2218,0.3982,0.6678,0.4784,0.387,3823.8817762620665,2406.8651070513943,2591.4817762620664,1103.0146867044505,-2500.0,0.6574,138.0,0.9196210468161129,1.137129132466472,1.4648,1232.4,mrm,Canonical MRM,static
0.75,5000,0.076,0.2384,0.4286,0.7108,0.4784,0.4688,4412.368634298521,3111.711727662146,3117.9686342985215,1728.754692574183,-2500.0,0.6924,132.0,1.0001946626902245,1.1753320664254068,1.5888,1294.4,mrm,Canonical MRM,static
0.8,5000,0.082,0.2588,0.4632,0.7482,0.4784,0.5526,5079.082148403043,3878.9356709965505,3708.5821484030425,2481.5481059425456,-2500.0,0.7306,126.0,1.020890398895396,1.2063147095112212,1.741,1370.5,mrm,Canonical MRM,static
0.85,5000,0.1024,0.31,0.5392,0.8284,0.5808,0.5988,5546.049460963909,4286.97891370054,4023.2494609639093,2739.0287787626207,-2500.0,0.745,120.0,1.0350271234329993,1.2388781907277835,2.0456,1522.8,mrm,Canonical MRM,static
0.9,5000,0.1372,0.3926,0.641,0.8968,0.6992,0.6478,5651.912461917506,4326.568507798924,3858.9124619175063,2520.220922552649,-3000.0,0.7506,118.0,1.037092611614451,1.2675328108138715,2.586,1793.0,mrm,Canonical MRM,static
0.95,5000,0.1712,0.4656,0.7184,0.9388,0.8128,0.5932,6015.35302718377,4602.92662660511,3992.6530271837696,2582.855457857787,-3384.1666268080044,0.7714,114.0,1.0539953630923797,1.2943026233705737,3.0454,2022.7,mrm,Canonical MRM,static
1.0,5000,0.2208,0.5522,0.8026,0.9666,0.9096,0.5358,6142.418455510296,4761.279438991863,3654.518455510296,2324.226780982921,-4000.0,0.7736,113.0,1.0484125993222162,1.276583434532666,3.9758,2487.9,mrm,Canonical MRM,static
0.1,5000,0.0,0.0,0.0,0.0,0.0,0.0,0.0,0.0,-500.0,-500.0,-500.0,0.0,,0.2075881001091475,0.3779952278466123,0.0,500.0,mrm,Canonical MRM,trailing_to_breakeven
0.15,5000,0.0,0.0,0.0,0.0008,0.0,0.0008,0.22398908488827993,0.0,-500.17601091511176,-500.0,-500.0,0.0002,248.0,0.3113821501637213,0.5669928417698927,0.0008,500.4,mrm,Canonical MRM,trailing_to_breakeven
0.2,5000,0.0,0.0,0.0004,0.0082,0.0,0.0082,11.883187560041394,0.0,-492.2168124399586,-500.0,-500.0,0.014,228.0,0.4151762002182768,0.7559904556931996,0.0082,504.1,mrm,Canonical MRM,trailing_to_breakeven
0.25,5000,0.0,0.0008,0.0064,0.0344,0.0,0.0344,79.73228091196269,0.0,-437.6677190880373,-500.0,-500.0,0.0648,218.0,0.518678611684017,0.9446160522339289,0.0348,517.4,mrm,Canonical MRM,trailing_to_breakeven
0.3,5000,0.0,0.0042,0.0284,0.0964,0.0,0.0964,237.3037053898206,0.0,-311.69629461017934,-500.0,-1000.0,0.1436,205.0,0.6220372460872532,1.0234167261750704,0.098,549.0,mrm,Canonical MRM,trailing_to_breakeven
0.35,5000,0.0,0.0162,0.0668,0.1736,0.0,0.1736,502.6504255286308,0.0,-89.6495744713692,-500.0,-1000.0,0.2432,194.0,0.7209578863922022,1.0586329576337339,0.1846,592.3,mrm,Canonical MRM,trailing_to_breakeven
0.4,5000,0.0,0.034,0.1238,0.272,0.0,0.272,878.1205645615125,0.0,226.8205645615126,-500.0,-1000.0,0.3388,186.0,0.8237367160980649,1.0941585898912765,0.3026,651.3,mrm,Canonical MRM,trailing_to_breakeven
0.45,5000,0.002,0.0684,0.1952,0.3838,0.0,0.3838,1325.2376977069657,0.0,595.1376977069658,-500.0,-1500.0,0.424,177.0,0.9255327840715726,1.1638749898939391,0.4602,730.1,mrm,Canonical MRM,trailing_to_breakeven
0.5,5000,0.0244,0.1398,0.3026,0.5328,0.0,0.5328,1837.9950672505252,96.19928024981056,975.5950672505252,-500.0,-1500.0,0.5064,167.0,1.0077437038188266,1.2185918783152883,0.7248,862.4,mrm,Canonical MRM,trailing_to_breakeven
0.55,5000,0.0312,0.1808,0.365,0.6166,0.0,0.6166,2374.737594116368,885.9690850966726,1418.837594116368,-69.97983081301206,-1500.0,0.566,158.0,1.0291041721986707,1.278650516046631,0.9118,955.9,mrm,Canonical MRM,trailing_to_breakeven
0.6,5000,0.0422,0.2296,0.4368,0.7006,0.1878,0.6244,2889.4252202302255,1501.1305006324606,1812.3252202302256,430.8358035735787,-2000.0,0.611,150.0,1.0354385503624484,1.2462978136563498,1.1542,1077.1,mrm,Canonical MRM,trailing_to_breakeven
0.65,5000,0.0752,0.2934,0.5212,0.785,0.3316,0.7002,3419.8953216084055,2129.6036274770686,2152.4953216084054,912.9382179135923,-2500.0,0.6492,143.0,1.0542995535852897,1.2684622931191922,1.5348,1267.4,mrm,Canonical MRM,trailing_to_breakeven
0.7,5000,0.0912,0.3508,0.5978,0.8464,0.4784,0.8042,3792.96188832805,2413.4093471759,2041.2618883280502,711.7152570641017,-3500.0,0.6714,138.0,1.0629786279550535,1.3023409310046672,2.5034,1751.7,mrm,Canonical MRM,trailing_to_breakeven
0.75,5000,0.0992,0.3892,0.6448,0.8812,0.4784,0.852,4351.709233561039,3011.2247808649845,2482.3092335610395,1181.7374046004202,-3500.0,0.702,130.0,1.0953133718907968,1.341946323493139,2.7388,1869.4,mrm,Canonical MRM,trailing_to_breakeven
0.8,5000,0.1232,0.444,0.7022,0.9146,0.4784,0.898,4786.842042841901,3488.2949887344207,2748.4420428419007,1435.964957119321,-3500.0,0.7232,125.0,1.1396960073698041,1.3710654159668776,3.0768,2038.4,mrm,Canonical MRM,trailing_to_breakeven
0.85,5000,0.1502,0.502,0.7614,0.949,0.5808,0.9206,5129.722678959514,3807.5375346852234,2864.2226789595143,1549.2532498652643,-4000.0,0.7374,122.0,1.1440579593351965,1.407906189601466,3.531,2265.5,mrm,Canonical MRM,trailing_to_breakeven
0.9,5000,0.1902,0.5844,0.8368,0.9762,0.6992,0.94,5086.964744554906,3737.3340937684816,2472.9647445549062,1118.119200329285,-4500.0,0.7326,119.0,1.1667774315960937,1.4535215626356301,4.228,2614.0,mrm,Canonical MRM,trailing_to_breakeven
0.95,5000,0.2488,0.6712,0.896,0.9912,0.8128,0.9588,5201.2057073995275,3793.523525162356,2155.305707399528,784.2205104831785,-5000.0,0.7352,116.5,1.1900570074791625,1.4771222134176443,5.0918,3045.9,mrm,Canonical MRM,trailing_to_breakeven
1.0,5000,0.3014,0.7302,0.9284,0.9964,0.9096,0.9602,5467.727328056485,4088.7848632207374,1922.7273280564852,649.1923368147,-5500.0,0.7498,116.0,1.1879932436112188,1.4604178291877299,6.09,3545.0,mrm,Canonical MRM,trailing_to_breakeven
0.1,5000,0.0,0.0,0.0,0.0,0.0,0.0,0.0,0.0,-500.0,-500.0,-500.0,0.0,,0.08445570115535156,0.27285299095623866,0.0,500.0,vol_scaled,Frozen Vol-Scaled DM/MRM,static
0.15,5000,0.0,0.0,0.0,0.0,0.0,0.0,1.025516372348238,0.0,-498.9744836276518,-500.0,-500.0,0.002,234.5,0.12698213633771108,0.40927948643437057,0.0,500.0,vol_scaled,Frozen Vol-Scaled DM/MRM,static
0.2,5000,0.0,0.0,0.0,0.0014,0.0,0.0014,29.38989481695563,0.0,-471.31010518304436,-500.0,-500.0,0.0276,223.0,0.17357369155281535,0.546137340655827,0.0014,500.7,vol_scaled,Frozen Vol-Scaled DM/MRM,static
0.25,5000,0.0,0.0002,0.0008,0.0056,0.0,0.0056,147.72848028178734,0.0,-355.07151971821264,-500.0,-500.0,0.1074,212.0,0.2343585608549244,0.685857282312866,0.0056,502.8,vol_scaled,Frozen Vol-Scaled DM/MRM,static
0.3,5000,0.0,0.0014,0.006,0.0206,0.0,0.0206,390.8845568425849,0.0,-119.41544315741514,-500.0,-500.0,0.2048,199.0,0.31452615311320065,0.8350096065024003,0.0206,510.3,vol_scaled,Frozen Vol-Scaled DM/MRM,static
0.35,5000,0.0,0.0052,0.0192,0.0468,0.0,0.0468,751.4464763272049,0.0,227.9464763272049,-500.0,-500.0,0.3066,190.0,0.4025567628620714,0.9846747735296023,0.047,523.5,vol_scaled,Frozen Vol-Scaled DM/MRM,static
0.4,5000,0.0002,0.0116,0.0394,0.0888,0.0,0.0888,1204.4053705216447,0.0,659.2053705216447,-500.0,-1000.0,0.3976,180.0,0.49207934874149817,1.0286680279927043,0.0904,545.2,vol_scaled,Frozen Vol-Scaled DM/MRM,static
0.45,5000,0.0002,0.027,0.0722,0.155,0.0,0.155,1754.056476507264,0.0,1174.456476507264,-500.0,-1000.0,0.4768,171.0,0.5942615037404491,1.0633430891316127,0.1592,579.6,vol_scaled,Frozen Vol-Scaled DM/MRM,static
0.5,5000,0.014,0.0752,0.1702,0.326,0.1826,0.1652,2326.446538376025,777.1963658956113,1641.5465383760247,35.60583130589225,-1000.0,0.5476,162.0,0.6611978693220881,1.069927344644429,0.3698,684.9,vol_scaled,Frozen Vol-Scaled DM/MRM,static
0.55,5000,0.0146,0.09,0.2016,0.389,0.1826,0.2386,2953.0128953244794,1588.1951598133487,2226.4128953244795,799.7840629025305,-1000.0,0.6088,154.0,0.7492424120989636,1.098220875681213,0.4532,726.6,vol_scaled,Frozen Vol-Scaled DM/MRM,static
0.6,5000,0.017,0.1112,0.2396,0.4512,0.1826,0.3108,3624.351239483323,2353.497928902507,2851.0512394833227,1517.2691197234265,-1000.0,0.6618,145.0,0.8435316059683998,1.132295603322721,0.5466,773.3,vol_scaled,Frozen Vol-Scaled DM/MRM,static
0.65,5000,0.0318,0.146,0.2964,0.539,0.213,0.3962,4080.715983857409,2787.1067824194383,3150.015983857409,1836.414786607883,-1500.0,0.682,139.5,0.928052719015422,1.1724055134477536,0.8614,930.7,vol_scaled,Frozen Vol-Scaled DM/MRM,static
0.7,5000,0.0392,0.1714,0.34,0.6024,0.213,0.4772,4761.879883027357,3454.500065324083,3670.3798830273568,2343.45317306635,-2000.0,0.7176,133.0,1.0030037553294509,1.2049455213465237,1.183,1091.5,vol_scaled,Frozen Vol-Scaled DM/MRM,static
0.75,5000,0.0876,0.2738,0.4922,0.7682,0.475,0.5138,5204.407710909619,3883.5455057813265,3882.1077109096186,2569.27322076782,-2500.0,0.7408,128.0,1.0143444284771408,1.246567360324785,1.6446,1322.3,vol_scaled,Frozen Vol-Scaled DM/MRM,static
0.8,5000,0.1014,0.3164,0.5456,0.8202,0.5808,0.5434,5841.509917115497,4508.093309165224,4394.909917115498,3066.610322733235,-2500.0,0.7674,122.0,1.02352579549096,1.281233002411192,1.8932,1446.6,vol_scaled,Frozen Vol-Scaled DM/MRM,static
0.85,5000,0.1158,0.3468,0.5844,0.85,0.5858,0.6182,6565.919723458676,5233.30840036918,4944.819723458675,3648.4666974289985,-2562.4118089795484,0.7904,117.0,1.031991187291157,1.2577027506084932,2.2422,1621.1,vol_scaled,Frozen Vol-Scaled DM/MRM,static
0.9,5000,0.1414,0.3908,0.6416,0.892,0.6684,0.6494,7199.947531291428,5854.667260360822,5436.147531291427,4144.221525836323,-3000.0,0.8138,113.0,1.0411802075188012,1.296869406333034,2.5276,1763.8,vol_scaled,Frozen Vol-Scaled DM/MRM,static
0.95,5000,0.2384,0.5808,0.8322,0.9766,0.924,0.582,6593.004258609678,5173.615791020367,4108.804258609678,2729.6988412609385,-4000.0,0.7878,111.0,1.0500255421120637,1.2975007300742811,3.9684,2484.2,vol_scaled,Frozen Vol-Scaled DM/MRM,static
1.0,5000,0.3062,0.687,0.9078,0.9924,0.9788,0.5638,6054.298993807162,4548.297123144206,2896.8989938071622,1410.9971487995006,-5000.0,0.7678,112.0,1.051415829371439,1.3310758613165024,5.3148,3157.4,vol_scaled,Frozen Vol-Scaled DM/MRM,static
0.1,5000,0.0,0.0,0.0,0.0,0.0,0.0,0.0,0.0,-500.0,-500.0,-500.0,0.0,,0.21568595578098515,0.3728170174504431,0.0,500.0,vol_scaled,Frozen Vol-Scaled DM/MRM,trailing_to_breakeven
0.15,5000,0.0,0.0,0.0,0.0,0.0,0.0,1.025516372348238,0.0,-498.9744836276518,-500.0,-500.0,0.002,234.5,0.32352893367147406,0.5592255261756649,0.0,500.0,vol_scaled,Frozen Vol-Scaled DM/MRM,trailing_to_breakeven
0.2,5000,0.0,0.0,0.0002,0.0042,0.0,0.0042,29.38989481695563,0.0,-472.71010518304433,-500.0,-500.0,0.0276,223.0,0.4312062908306967,0.7456340349008868,0.0042,502.1,vol_scaled,Frozen Vol-Scaled DM/MRM,trailing_to_breakeven
0.25,5000,0.0,0.0006,0.004,0.031,0.0,0.031,147.72848028178734,0.0,-367.77151971821263,-500.0,-500.0,0.1074,212.0,0.5373387080515665,0.9320425436261062,0.031,515.5,vol_scaled,Frozen Vol-Scaled DM/MRM,trailing_to_breakeven
0.3,5000,0.0,0.004,0.025,0.0884,0.0,0.0884,393.7167155051745,0.0,-151.08328449482553,-500.0,-1000.0,0.207,199.0,0.644635787532392,1.0222509131284172,0.0896,544.8,vol_scaled,Frozen Vol-Scaled DM/MRM,trailing_to_breakeven
0.35,5000,0.0,0.014,0.0698,0.1714,0.0,0.1714,758.144124898917,0.0,168.44412489891698,-500.0,-1000.0,0.3114,191.0,0.7504915345378007,1.0728219394449423,0.1794,589.7,vol_scaled,Frozen Vol-Scaled DM/MRM,trailing_to_breakeven
0.4,5000,0.0002,0.0362,0.1394,0.2834,0.0,0.2834,1234.183269595187,0.0,577.4832695951872,-500.0,-1000.0,0.4106,180.0,0.8556934305033792,1.1445347122632843,0.3134,656.7,vol_scaled,Frozen Vol-Scaled DM/MRM,trailing_to_breakeven
0.45,5000,0.012,0.088,0.235,0.4312,0.0,0.4312,1772.5529353613942,0.0,1008.1529353613943,-500.0,-1500.0,0.4918,171.0,0.9611922449525421,1.2097482330222735,0.5288,764.4,vol_scaled,Frozen Vol-Scaled DM/MRM,trailing_to_breakeven
0.5,5000,0.014,0.127,0.3138,0.5448,0.1826,0.4334,2376.0407221240184,890.4442692397978,1510.7407221240185,38.527269545331364,-1500.0,0.5642,162.0,0.9930456822369852,1.1952135057462685,0.7306,865.3,vol_scaled,Frozen Vol-Scaled DM/MRM,trailing_to_breakeven
0.55,5000,0.0222,0.1822,0.3948,0.6442,0.1826,0.5532,3000.844388641014,1691.7069007867426,2024.1443886410138,713.6267915107892,-1500.0,0.626,154.0,1.0183909410121355,1.2472537550709772,0.9534,976.7,vol_scaled,Frozen Vol-Scaled DM/MRM,trailing_to_breakeven
0.6,5000,0.0364,0.2426,0.4734,0.727,0.1826,0.657,3644.680496959703,2418.2052751423385,2537.280496959703,1248.5236804192539,-2000.0,0.6766,145.0,1.0509946418256804,1.3000476081023389,1.2148,1107.4,vol_scaled,Frozen Vol-Scaled DM/MRM,trailing_to_breakeven
0.65,5000,0.0596,0.3056,0.5506,0.8034,0.213,0.7918,4037.8200483689084,2759.205489854864,2609.8200483689084,1361.2077324326733,-2500.0,0.6942,138.0,1.0641682669240204,1.3523863694098224,1.856,1428.0,vol_scaled,Frozen Vol-Scaled DM/MRM,trailing_to_breakeven
0.7,5000,0.0888,0.3708,0.6176,0.8606,0.213,0.853,4633.752508298595,3359.08331826849,2950.652508298596,1741.9184205961765,-3000.3619138083604,0.7252,132.0,1.101459016308774,1.389362473894999,2.3662,1683.1,vol_scaled,Frozen Vol-Scaled DM/MRM,trailing_to_breakeven
0.75,5000,0.1416,0.4626,0.7198,0.922,0.475,0.8734,5042.026435109766,3810.9220037825467,3054.726435109765,1919.277610851836,-3500.0,0.7436,127.0,1.1294496975373223,1.4415338308305679,2.9746,1987.3,vol_scaled,Frozen Vol-Scaled DM/MRM,trailing_to_breakeven
0.8,5000,0.1576,0.5084,0.766,0.949,0.5808,0.905,5558.466656373954,4345.774776295625,3370.1666563739536,2184.1184644089726,-3508.039936917456,0.7632,121.0,1.1704679017311344,1.4904374893423535,3.3766,2188.3,vol_scaled,Frozen Vol-Scaled DM/MRM,trailing_to_breakeven
0.85,5000,0.1978,0.5672,0.818,0.9644,0.5858,0.9404,6154.614884615215,4950.877700004105,3629.9148846152143,2423.568309952616,-4440.323742027271,0.79,117.0,1.180902274231269,1.4000185627662656,4.0494,2524.7,vol_scaled,Frozen Vol-Scaled DM/MRM,trailing_to_breakeven
0.9,5000,0.2216,0.6122,0.8532,0.9782,0.6684,0.955,6673.626406632671,5420.439365302871,3944.9264066326714,2753.941995225987,-4500.0,0.8068,112.5,1.2033488563438186,1.4277232465341125,4.4574,2728.7,vol_scaled,Frozen Vol-Scaled DM/MRM,trailing_to_breakeven
0.95,5000,0.321,0.7296,0.9282,0.9956,0.924,0.9514,6177.9393843910475,4851.794449705509,2708.039384391047,1415.2722340822456,-5500.0,0.7802,113.0,1.2592311413348956,1.507041204674897,5.9398,3469.9,vol_scaled,Frozen Vol-Scaled DM/MRM,trailing_to_breakeven
1.0,5000,0.4074,0.8086,0.9648,0.9994,0.9788,0.9688,5681.644673913304,4185.669084495825,1223.0446739133045,-122.55420030157507,-7000.0,0.7556,113.0,1.2316644895844318,1.5863591628156817,7.9172,4458.6,vol_scaled,Frozen Vol-Scaled DM/MRM,trailing_to_breakeven
0.1,5000,0.0,0.0,0.0,0.0,0.0,0.0,0.0,0.0,-500.0,-500.0,-500.0,0.0,,0.08218436092347353,0.27685220880800576,0.0,500.0,fixed_50_50,Fixed 50/50 DM/MRM,static
0.15,5000,0.0,0.0,0.0,0.0002,0.0,0.0002,1.3090059144255917,0.0,-498.7909940855744,-500.0,-500.0,0.0022,226.0,0.12351823627118938,0.415278313212009,0.0002,500.1,fixed_50_50,Fixed 50/50 DM/MRM,static
0.2,5000,0.0,0.0,0.0,0.0012,0.0,0.0012,30.68927024103744,0.0,-469.91072975896253,-500.0,-500.0,0.0322,223.0,0.1690948762106006,0.5537402908124058,0.0012,500.6,fixed_50_50,Fixed 50/50 DM/MRM,static
0.25,5000,0.0,0.0,0.001,0.0064,0.0,0.0064,159.79310915475207,0.0,-343.4068908452479,-500.0,-500.0,0.1078,212.0,0.23049178690208402,0.7003544188612965,0.0064,503.2,fixed_50_50,Fixed 50/50 DM/MRM,static
0.3,5000,0.0,0.0006,0.0082,0.0234,0.0,0.0234,408.67060809847976,0.0,-103.22939190152022,-500.0,-500.0,0.2056,200.0,0.3090954963717995,0.8672880067737373,0.0238,511.9,fixed_50_50,Fixed 50/50 DM/MRM,static
0.35,5000,0.0,0.0032,0.0224,0.0548,0.0,0.0548,776.4429107941272,0.0,248.64291079412723,-500.0,-500.0,0.3138,192.0,0.3915819941726465,1.0046233349003044,0.0556,527.8,fixed_50_50,Fixed 50/50 DM/MRM,static
0.4,5000,0.0006,0.0112,0.04,0.0918,0.0,0.0918,1249.4937938724984,0.0,702.6937938724984,-500.0,-1000.0,0.4008,180.0,0.4842662079139045,1.0297451201650363,0.0936,546.8,fixed_50_50,Fixed 50/50 DM/MRM,static
0.45,5000,0.0006,0.0246,0.0648,0.144,0.0,0.144,1794.159316742181,0.0,1219.5593167421814,-500.0,-1000.0,0.4866,171.0,0.5834331818697974,1.0655755579222659,0.1492,574.6,fixed_50_50,Fixed 50/50 DM/MRM,static
0.5,5000,0.0132,0.0732,0.1614,0.3214,0.1798,0.1604,2370.5291921192215,778.3067277007387,1688.0291921192222,59.09360967085814,-1000.0,0.5442,161.0,0.6433480222414061,1.0671105863802168,0.365,682.5,fixed_50_50,Fixed 50/50 DM/MRM,static
0.55,5000,0.0136,0.0894,0.1882,0.3782,0.1798,0.2268,3019.1094305127467,1605.2158766943962,2298.1094305127467,906.027599191817,-1000.0,0.6048,152.0,0.7392591542698586,1.0954986005863747,0.442,721.0,fixed_50_50,Fixed 50/50 DM/MRM,static
0.6,5000,0.0154,0.1078,0.2244,0.4454,0.1798,0.3074,3699.1348215021358,2456.851731856319,2927.3348215021356,1631.891182574822,-1000.0,0.6524,146.0,0.8330679219918565,1.127127103537421,0.5436,771.8,fixed_50_50,Fixed 50/50 DM/MRM,static
0.65,5000,0.0342,0.1484,0.2914,0.5368,0.21,0.3988,4172.295534089507,2888.32517948848,3237.8955340895072,1932.4326237080795,-1500.0,0.6824,141.0,0.9186135536732667,1.1664238985660704,0.8688,934.4,fixed_50_50,Fixed 50/50 DM/MRM,static
0.7,5000,0.041,0.176,0.3378,0.6048,0.21,0.4818,4836.2137977778075,3646.80488028379,3742.2137977778075,2481.473233148415,-2000.0,0.724,132.0,1.0031782909518612,1.1953571082611794,1.188,1094.0,fixed_50_50,Fixed 50/50 DM/MRM,static
0.75,5000,0.0808,0.2726,0.4856,0.771,0.4854,0.514,5196.402916110738,3870.3585988602777,3873.502916110738,2490.2345496053576,-2039.3722259684384,0.7398,127.0,1.014215680847279,1.2443848641779138,1.6458,1322.9,fixed_50_50,Fixed 50/50 DM/MRM,static
0.8,5000,0.0978,0.313,0.5406,0.8184,0.5862,0.5376,5864.6602600606,4541.5891639447655,4420.8602600606,3051.624203054246,-2500.0,0.7668,121.0,1.0220815207294898,1.2868078996129115,1.8876,1443.8,fixed_50_50,Fixed 50/50 DM/MRM,static
0.85,5000,0.1104,0.335,0.5738,0.8488,0.5896,0.6072,6575.854544227731,5289.000663549646,4960.2545442277315,3660.814929850115,-2500.0,0.793,116.0,1.0300321400893906,1.255145732115871,2.2312,1615.6,fixed_50_50,Fixed 50/50 DM/MRM,static
0.9,5000,0.1326,0.378,0.6292,0.8898,0.6642,0.6496,7218.206158568853,5865.500562136516,5454.006158568854,4135.839402338554,-2890.0369590180085,0.8168,112.5,1.0411676485828174,1.3063979576222635,2.5284,1764.2,fixed_50_50,Fixed 50/50 DM/MRM,static
0.95,5000,0.233,0.5812,0.8266,0.9772,0.9302,0.5822,6569.263705448155,4964.530886523507,4046.363705448155,2546.8156748643905,-4000.0,0.7794,113.0,1.0489785146151624,1.3017956460567561,4.0458,2522.9,fixed_50_50,Fixed 50/50 DM/MRM,static
1.0,5000,0.2984,0.6892,0.9072,0.9928,0.98,0.5476,6113.384902130719,4462.664927943924,2911.884902130719,1322.4881232837276,-5000.0,0.7662,112.0,1.048345757074882,1.3208687878102041,5.403,3201.5,fixed_50_50,Fixed 50/50 DM/MRM,static
0.1,5000,0.0,0.0,0.0,0.0,0.0,0.0,0.0,0.0,-500.0,-500.0,-500.0,0.0,,0.21580855046619035,0.3687012228920713,0.0,500.0,fixed_50_50,Fixed 50/50 DM/MRM,trailing_to_breakeven
0.15,5000,0.0,0.0,0.0,0.0004,0.0,0.0004,1.3090059144255917,0.0,-498.89099408557445,-500.0,-500.0,0.0022,226.0,0.32371282569927523,0.5530518343381051,0.0004,500.2,fixed_50_50,Fixed 50/50 DM/MRM,trailing_to_breakeven
0.2,5000,0.0,0.0,0.0006,0.005,0.0,0.005,30.68927024103744,0.0,-471.8107297589625,-500.0,-500.0,0.0322,223.0,0.4316171009323625,0.7374024457841374,0.005,502.5,fixed_50_50,Fixed 50/50 DM/MRM,trailing_to_breakeven
0.25,5000,0.0,0.0002,0.0052,0.0272,0.0,0.0272,159.79310915475207,0.0,-353.9068908452479,-500.0,-500.0,0.1078,212.0,0.5383998274074366,0.9217530572301839,0.0274,513.7,fixed_50_50,Fixed 50/50 DM/MRM,trailing_to_breakeven
0.3,5000,0.0,0.0018,0.0262,0.0866,0.0,0.0866,409.4536638262976,0.0,-134.54633617370234,-500.0,-1000.0,0.2066,200.0,0.6453169898993159,1.023100193120233,0.088,544.0,fixed_50_50,Fixed 50/50 DM/MRM,trailing_to_breakeven
0.35,5000,0.0,0.013,0.0658,0.171,0.0,0.171,785.7717050133866,0.0,195.67170501338666,-500.0,-1000.0,0.3202,192.0,0.7522692415367843,1.0792777102976159,0.1802,590.1,fixed_50_50,Fixed 50/50 DM/MRM,trailing_to_breakeven
0.4,5000,0.0006,0.033,0.1202,0.278,0.0,0.278,1272.9495883988022,0.0,619.6495883988022,-500.0,-1000.0,0.4138,181.0,0.8573723738774182,1.1398244838709704,0.3066,653.3,fixed_50_50,Fixed 50/50 DM/MRM,trailing_to_breakeven
0.45,5000,0.0114,0.0856,0.2178,0.4258,0.0,0.4258,1838.7132602452546,83.24036430803827,1079.5132602452547,-500.0,-1500.0,0.5052,171.0,0.9613123348873547,1.2099139913652808,0.5184,759.2,fixed_50_50,Fixed 50/50 DM/MRM,trailing_to_breakeven
0.5,5000,0.0132,0.1286,0.3004,0.5448,0.1798,0.4326,2438.93536025483,989.4581974206317,1575.1353602548297,128.86457729871046,-1500.0,0.5626,161.0,0.9960850025575783,1.2095909976546755,0.7276,863.8,fixed_50_50,Fixed 50/50 DM/MRM,trailing_to_breakeven
0.55,5000,0.0204,0.1858,0.3834,0.637,0.1798,0.5492,3074.8606337928163,1833.779868923477,2099.3606337928163,849.6051256065666,-1500.0,0.6268,152.0,1.0192093538630385,1.2588078400838385,0.951,975.5,fixed_50_50,Fixed 50/50 DM/MRM,trailing_to_breakeven
0.6,5000,0.0384,0.2496,0.466,0.728,0.1798,0.6604,3729.0947439513156,2499.6618436822787,2623.7947439513155,1436.0122403174698,-2000.0,0.6688,144.0,1.0500712919120865,1.3099256382827071,1.2106,1105.3,fixed_50_50,Fixed 50/50 DM/MRM,trailing_to_breakeven
0.65,5000,0.056,0.305,0.5432,0.8022,0.21,0.7946,4109.354206461607,2865.6574469542893,2681.8542064616067,1453.1858329564625,-2500.0,0.6892,139.0,1.0641682669240204,1.3526297204142208,1.855,1427.5,fixed_50_50,Fixed 50/50 DM/MRM,trailing_to_breakeven
0.7,5000,0.0832,0.3712,0.6204,0.8662,0.21,0.862,4688.304403665866,3509.9639750894567,2996.1044036658664,1810.512614157482,-3000.0,0.7246,130.0,1.1025387681851255,1.380776929512532,2.3844,1692.2,fixed_50_50,Fixed 50/50 DM/MRM,trailing_to_breakeven
0.75,5000,0.131,0.4694,0.7304,0.9334,0.4854,0.8934,5015.327977414064,3732.8667510730625,3019.2279774140643,1725.4729943327434,-3500.0,0.737,125.0,1.1257126762875511,1.4415338308305679,2.9922,1996.1,fixed_50_50,Fixed 50/50 DM/MRM,trailing_to_breakeven
0.8,5000,0.1474,0.5122,0.77,0.9512,0.5862,0.9084,5578.442667341445,4191.180312691187,3392.642667341445,2005.3181720614668,-3500.0,0.7622,120.0,1.1688170824999058,1.4662987488035335,3.3716,2185.8,fixed_50_50,Fixed 50/50 DM/MRM,trailing_to_breakeven
0.85,5000,0.1918,0.5736,0.8166,0.9666,0.5896,0.9436,6228.869783380477,4894.644990382758,3716.5697833804766,2382.988387910487,-4000.0,0.7872,116.0,1.1849205622721142,1.402538429139087,4.0246,2512.3,fixed_50_50,Fixed 50/50 DM/MRM,trailing_to_breakeven
0.9,5000,0.2168,0.6152,0.852,0.9778,0.6642,0.9584,6763.554021480998,5442.397566217795,4039.554021481,2696.373044709757,-4500.0,0.805,112.0,1.2026099666465768,1.4277232465341125,4.448,2724.0,fixed_50_50,Fixed 50/50 DM/MRM,trailing_to_breakeven
0.95,5000,0.316,0.7352,0.9292,0.9938,0.9302,0.9496,6284.800165060387,4752.847279816558,2798.600165060388,1291.3289650382592,-5500.0,0.7722,113.0,1.2596354508521763,1.507041204674897,5.9724,3486.2,fixed_50_50,Fixed 50/50 DM/MRM,trailing_to_breakeven
1.0,5000,0.3966,0.821,0.9682,0.9988,0.98,0.9696,5807.452154726262,4254.166851209471,1313.1521547262616,-283.73695634703586,-7000.0,0.7526,113.0,1.2316644895844318,1.5863591628156817,7.9886,4494.3,fixed_50_50,Fixed 50/50 DM/MRM,trailing_to_breakeven
0.1,5000,0.0,0.0,0.0,0.0,0.0,0.0,0.6290032020462932,0.0,-499.37099679795375,-500.0,-500.0,0.0008,241.5,0.115515455873118,0.3862034251581994,0.0,500.0,canonical_dm,Canonical DM,static
0.15,5000,0.0,0.0,0.0002,0.0014,0.0,0.0014,34.45932125663195,0.0,-466.240678743368,-500.0,-500.0,0.0324,218.0,0.18124861507138607,0.5802608678111824,0.0014,500.7,canonical_dm,Canonical DM,static
0.2,5000,0.0,0.0004,0.0034,0.0152,0.0,0.0152,199.4587706034977,0.0,-308.1412293965023,-500.0,-500.0,0.115,199.0,0.2676705928346176,0.7831168703363326,0.0152,507.6,canonical_dm,Canonical DM,static
0.25,5000,0.0,0.0026,0.0172,0.0486,0.0,0.0486,538.2866773034622,0.0,13.786677303462184,-500.0,-500.0,0.2214,189.0,0.37948007550627516,0.9907915731492837,0.049,524.5,canonical_dm,Canonical DM,static
0.3,5000,0.0,0.009,0.0414,0.1008,0.0,0.1008,1026.5808531660414,0.0,474.68085316604123,-500.0,-1000.0,0.3346,176.0,0.496672720423035,1.032771132473878,0.1038,551.9,canonical_dm,Canonical DM,static
0.35,5000,0.0006,0.0264,0.078,0.1804,0.0,0.1804,1657.0461596451062,0.0,1060.7461596451062,-500.0,-1000.0,0.4388,166.5,0.6188804446743501,1.0765458069738782,0.1926,596.3,canonical_dm,Canonical DM,static
0.4,5000,0.0112,0.0592,0.1318,0.2824,0.0,0.2824,2349.1766988311365,284.3813042236085,1690.9766988311364,-425.69097633854835,-1000.0,0.5162,154.0,0.7463409508125914,1.117684878896355,0.3164,658.2,canonical_dm,Canonical DM,static
0.45,5000,0.0254,0.1144,0.234,0.4502,0.184,0.3194,3138.57835944563,1399.347856632562,2356.1783594456306,594.6064526875855,-1500.0,0.5968,146.0,0.8382353810166242,1.1447856868040738,0.5648,782.4,canonical_dm,Canonical DM,static
0.5,5000,0.0324,0.145,0.2868,0.5418,0.184,0.4308,3960.78690104066,2386.882868249604,3099.586901040659,1486.636421109259,-1500.0,0.6502,137.0,0.9603976187038703,1.175675063179999,0.7224,861.2,canonical_dm,Canonical DM,static
0.55,5000,0.0574,0.2314,0.4184,0.703,0.342,0.5208,4391.726942752902,2682.8047012183524,3351.7269427529013,1636.4759504441754,-1500.0,0.6694,133.0,1.014362406146886,1.2135881057659357,1.08,1040.0,canonical_dm,Canonical DM,static
0.6,5000,0.095,0.3178,0.5458,0.8208,0.4972,0.6022,4799.392710120401,3154.1270219070952,3373.4927101204007,1699.8422719971336,-2500.0,0.6852,128.0,1.0338068787664585,1.2614153153001826,1.8518,1425.9,canonical_dm,Canonical DM,static
0.65,5000,0.1506,0.4276,0.6814,0.9114,0.7198,0.625,5198.933483916508,3389.1238195848596,3240.533483916507,1471.396755454049,-3500.0,0.694,121.0,1.0306302655665727,1.2268813138588432,2.9168,1958.4,canonical_dm,Canonical DM,static
0.7,5000,0.1972,0.5046,0.7584,0.9492,0.8358,0.6794,5844.473014115094,3979.651505236933,3405.5730141150934,1583.6955649324464,-4000.0,0.7204,118.0,1.036945532031874,1.231006245705693,3.8778,2438.9,canonical_dm,Canonical DM,static
0.75,5000,0.2368,0.5836,0.8338,0.9738,0.9128,0.6934,6247.394131297934,4405.9953704459185,3394.494131297934,1541.267115785531,-4500.0,0.7358,115.0,1.0653687894271644,1.256427883880242,4.7058,2852.9,canonical_dm,Canonical DM,static
0.8,5000,0.3094,0.686,0.904,0.99,0.9684,0.6828,6500.649389960198,4569.448631587078,3149.549389960198,1210.3646545909287,-5500.0,0.7354,111.0,1.076579631054654,1.2792448312574858,5.7022,3351.1,canonical_dm,Canonical DM,static
0.85,5000,0.3768,0.7688,0.9472,0.9956,0.9886,0.673,6415.022228817143,4315.922902861446,2280.6222288171425,300.7268359275595,-6500.0,0.7266,112.0,1.104284101871063,1.3348881916886626,7.2688,4134.4,canonical_dm,Canonical DM,static
0.9,5000,0.4254,0.8248,0.9704,0.9988,0.9952,0.6418,6565.219157972058,4377.545105878229,1757.219157972059,-375.44236765639494,-7500.0,0.7172,111.0,1.0798598643264072,1.3796829177941328,8.616,4808.0,canonical_dm,Canonical DM,static
0.95,5000,0.4902,0.876,0.9882,1.0,0.9992,0.5884,6789.048991613167,4534.6699995901035,1035.7489916131667,-1019.6378977053503,-9000.0,0.7188,109.0,1.0979586466967206,1.4090700287642794,10.5066,5753.3,canonical_dm,Canonical DM,static
1.0,5000,0.5152,0.8926,0.9906,1.0,0.9996,0.6012,6956.0725802698225,4665.223924504728,76.17258026982257,-2028.2130965809456,-10500.0,0.7186,108.0,1.132655631711321,1.4709729273815124,12.7598,6879.9,canonical_dm,Canonical DM,static
0.1,5000,0.0,0.0,0.0,0.0,0.0,0.0,0.6290032020462932,0.0,-499.37099679795375,-500.0,-500.0,0.0008,241.5,0.2878082734012884,0.5003516774782905,0.0,500.0,canonical_dm,Canonical DM,trailing_to_breakeven
0.15,5000,0.0,0.0,0.0006,0.0064,0.0,0.0064,34.45932125663195,0.0,-468.740678743368,-500.0,-500.0,0.0324,218.0,0.4314701254735652,0.7505275162174316,0.0064,503.2,canonical_dm,Canonical DM,trailing_to_breakeven
0.2,5000,0.0,0.0008,0.011,0.05,0.0,0.05,199.6375929665034,0.0,-325.3624070334966,-500.0,-500.0,0.1154,199.0,0.5745496003472399,1.0006399528300423,0.05,525.0,canonical_dm,Canonical DM,trailing_to_breakeven
0.25,5000,0.0,0.0078,0.0524,0.1508,0.0,0.1508,542.2214730482839,0.0,-36.0785269517161,-500.0,-1000.0,0.224,190.5,0.7179632993754119,1.0521230544172169,0.1566,578.3,canonical_dm,Canonical DM,trailing_to_breakeven
0.3,5000,0.0,0.0312,0.1298,0.292,0.0,0.292,1052.2068687601884,0.0,389.5068687601883,-500.0,-1000.0,0.345,177.0,0.8577371585104411,1.1245695192301521,0.3254,662.7,canonical_dm,Canonical DM,trailing_to_breakeven
0.35,5000,0.0122,0.0978,0.2514,0.466,0.0,0.466,1704.2161857892331,0.0,908.2161857892335,-500.0,-1500.0,0.4526,167.0,0.994971648109103,1.1885894779995523,0.592,796.0,canonical_dm,Canonical DM,trailing_to_breakeven
0.4,5000,0.0306,0.1638,0.3586,0.6102,0.0,0.6102,2393.67090611491,535.7250435450812,1451.77090611491,-402.2959679075924,-1500.0,0.5352,154.0,1.0324260389711915,1.253598847691247,0.8838,941.9,canonical_dm,Canonical DM,trailing_to_breakeven
0.45,5000,0.0418,0.2314,0.4554,0.7214,0.184,0.6574,3151.6438390371227,1452.0734946535317,2058.1438390371227,400.7364953754877,-2000.0,0.6068,146.0,1.0462151295704099,1.3011928460991282,1.187,1093.5,canonical_dm,Canonical DM,trailing_to_breakeven
0.5,5000,0.0694,0.3236,0.5782,0.8278,0.184,0.7888,3817.6626856444286,2203.2594593669055,2504.0626856444283,966.7290570790125,-2000.0,0.6508,138.0,1.0871085226258366,1.361294766395827,1.6272,1313.6,canonical_dm,Canonical DM,trailing_to_breakeven
0.55,5000,0.1136,0.4358,0.7024,0.9108,0.342,0.8564,4207.379877623966,2534.2815567806656,2567.7798776239665,970.5006334713428,-2519.0637424212496,0.6726,132.0,1.1227594752531622,1.4116471560120336,2.2792,1639.6,canonical_dm,Canonical DM,trailing_to_breakeven
0.6,5000,0.1726,0.5362,0.7996,0.9576,0.4972,0.9326,4563.6234026050415,2857.27568805152,2264.3234026050427,583.4993218633231,-4000.0,0.6826,126.0,1.1565622455735576,1.438438946883718,3.5986,2299.3,canonical_dm,Canonical DM,trailing_to_breakeven
0.65,5000,0.2308,0.6122,0.863,0.9802,0.7198,0.9464,4991.494460773602,3241.940575863293,2088.3944607736016,374.2092550068978,-5000.0,0.6906,121.0,1.132137307325526,1.3719418482651595,4.8062,2903.1,canonical_dm,Canonical DM,trailing_to_breakeven
0.7,5000,0.2704,0.6708,0.8988,0.989,0.8358,0.9554,5491.574918024644,3670.74448828639,2165.974918024644,361.93540720831425,-5500.0,0.704,117.0,1.2024242547142203,1.3921695514406511,5.6512,3325.6,canonical_dm,Canonical DM,trailing_to_breakeven
0.75,5000,0.3134,0.7386,0.9354,0.9952,0.9128,0.9672,5851.1367899952675,3957.2614142151842,1963.1367899952672,153.4926058888318,-6133.428273553337,0.717,115.0,1.2304539556924003,1.4284392340367127,6.776,3888.0,canonical_dm,Canonical DM,trailing_to_breakeven
0.8,5000,0.3856,0.8102,0.9662,0.9992,0.9684,0.9778,6073.734874682057,4103.977840836247,1544.5348746820573,-345.83098114544987,-7000.0,0.716,112.5,1.2236111595890058,1.4610545866761433,8.0584,4529.2,canonical_dm,Canonical DM,trailing_to_breakeven
0.85,5000,0.4414,0.8612,0.9816,0.9996,0.9886,0.9812,6037.957272994764,3935.275186407066,671.7572729947645,-1231.7084777537843,-8500.0,0.7072,114.0,1.2709931666256502,1.4721499143158328,9.7324,5366.2,canonical_dm,Canonical DM,trailing_to_breakeven
0.9,5000,0.5244,0.906,0.9918,1.0,0.9952,0.9814,6130.518809890566,4009.282648149744,-85.58119010943379,-2055.1478086629477,-9500.0,0.7008,112.0,1.3160268748725952,1.5459740417754269,11.4322,6216.1,canonical_dm,Canonical DM,trailing_to_breakeven
0.95,5000,0.5808,0.9314,0.9966,1.0,0.9992,0.9742,6245.009598267427,4001.8254086546485,-724.0904017325736,-2791.9596335488895,-10500.0,0.691,111.0,1.3310094899219185,1.6318614885407297,12.9382,6969.1,canonical_dm,Canonical DM,trailing_to_breakeven
1.0,5000,0.6156,0.9444,0.998,1.0,0.9996,0.9862,6638.54848985525,4505.191589041008,-1723.0515101447493,-3720.4778008232242,-12500.0,0.7024,110.0,1.3136932721104604,1.71774893530603,15.7232,8361.6,canonical_dm,Canonical DM,trailing_to_breakeven
