strategy,rebalance_date,period_end,symbol,rank,score,target_weight,holding_return,gross_return_contribution,actual_start_weight,ending_weight
Market-Residual Momentum,2021-08-23 00:00:00-04:00,2021-09-01 00:00:00-04:00,KO,1,-0.003339323750220391,0.2,-0.005117242975526404,-0.0010234485951052807,0.2000440096821301,0.19969395371489124
Market-Residual Momentum,2021-08-23 00:00:00-04:00,2021-09-01 00:00:00-04:00,JNJ,2,-0.0037212702140352327,0.2,-0.030775213092632647,-0.00615504261852653,0.20004400968213007,0.195044781899907
Market-Residual Momentum,2021-08-23 00:00:00-04:00,2021-09-01 00:00:00-04:00,CSCO,3,-0.00392859135753143,0.2,0.020224720829344456,0.0040449441658688915,0.2000440096821301,0.20503517100542856
Market-Residual Momentum,2021-08-23 00:00:00-04:00,2021-09-01 00:00:00-04:00,MCD,4,-0.003964519390041832,0.2,-0.001151990423891469,-0.00023039808477829383,0.20004400968213007,0.2003846897644222
Market-Residual Momentum,2021-08-23 00:00:00-04:00,2021-09-01 00:00:00-04:00,MSFT,5,-0.004251480338590907,0.2,-0.0012528456041481784,-0.0002505691208296357,0.20004400968213007,0.20006266111976576
Market-Residual Momentum,2021-09-01 00:00:00-04:00,2021-10-01 00:00:00-04:00,KO,1,-0.0031819974114223326,0.2,-0.05678706431876779,-0.011357412863753559,0.20003247297519214,0.19489915625515092
Market-Residual Momentum,2021-09-01 00:00:00-04:00,2021-10-01 00:00:00-04:00,VZ,2,-0.003300249633539809,0.2,-0.017818145826597243,-0.0035636291653194487,0.20003247297519214,0.20411268280180406
Market-Residual Momentum,2021-09-01 00:00:00-04:00,2021-10-01 00:00:00-04:00,JNJ,3,-0.0037417808709797606,0.2,-0.06576038817801,-0.013152077635602,0.20003247297519214,0.19414935778521739
Market-Residual Momentum,2021-09-01 00:00:00-04:00,2021-10-01 00:00:00-04:00,MCD,4,-0.0037940577787198837,0.2,0.02181786497285687,0.0043635729945713745,0.20003247297519214,0.2106763828997803
Market-Residual Momentum,2021-09-01 00:00:00-04:00,2021-10-01 00:00:00-04:00,WMT,5,-0.00401021308957672,0.2,-0.0562486283892486,-0.011249725677849721,0.20003247297519214,0.19633161729745102
Market-Residual Momentum,2021-10-01 00:00:00-04:00,2021-11-01 00:00:00-04:00,VZ,1,-0.0020539650785599273,0.2,-0.002734374214906632,-0.0005468748429813264,0.2000132725449316,0.18890916521112894
Market-Residual Momentum,2021-10-01 00:00:00-04:00,2021-11-01 00:00:00-04:00,KO,2,-0.002572823847084127,0.2,0.06839704899077281,0.013679409798154563,0.20001327254493162,0.2032661353447572
Market-Residual Momentum,2021-10-01 00:00:00-04:00,2021-11-01 00:00:00-04:00,MCD,3,-0.002826449728932645,0.2,0.0112313522678531,0.00224627045357062,0.2000132725449316,0.192262613280992
Market-Residual Momentum,2021-10-01 00:00:00-04:00,2021-11-01 00:00:00-04:00,JNJ,4,-0.0033700704701433715,0.2,0.010090851900217412,0.0020181703800434825,0.2000132725449316,0.19191140786955202
Market-Residual Momentum,2021-10-01 00:00:00-04:00,2021-11-01 00:00:00-04:00,MSFT,5,-0.003370548864954692,0.2,0.1745359338462984,0.034907186769259684,0.2000132725449316,0.2237140060884826
Market-Residual Momentum,2021-11-01 00:00:00-04:00,2021-12-01 00:00:00-05:00,KO,1,-0.002231524692975384,0.2,-0.053185901947466085,-0.010637180389493218,0.20001406518012566,0.19425372618213707
Market-Residual Momentum,2021-11-01 00:00:00-04:00,2021-12-01 00:00:00-05:00,VZ,2,-0.0023429327412166634,0.2,-0.051465169066616134,-0.010293033813323228,0.20001406518012568,0.19567795518557718
Market-Residual Momentum,2021-11-01 00:00:00-04:00,2021-12-01 00:00:00-05:00,MCD,3,-0.002771615097076574,0.2,0.005380299012788248,0.0010760598025576495,0.20001406518012568,0.20737037315877352
Market-Residual Momentum,2021-11-01 00:00:00-04:00,2021-12-01 00:00:00-05:00,JNJ,4,-0.003035353569166621,0.2,-0.032191958432683965,-0.0064383916865367935,0.20001406518012568,0.19935281439972533
Market-Residual Momentum,2021-11-01 00:00:00-04:00,2021-12-01 00:00:00-05:00,CSCO,5,-0.003283493677507243,0.2,-0.006085681715015667,-0.0012171363430031334,0.2000140651801257,0.20341820602126942
Market-Residual Momentum,2021-12-01 00:00:00-05:00,2022-01-03 00:00:00-05:00,VZ,1,-0.0021677112621022454,0.2,0.031088920726085156,0.006217784145217032,0.20001723373466854,0.18856235432420107
Market-Residual Momentum,2021-12-01 00:00:00-05:00,2022-01-03 00:00:00-05:00,KO,2,-0.0025489224109387365,0.2,0.11023048005116687,0.022046096010233374,0.20001723373466848,0.2048143524829849
Market-Residual Momentum,2021-12-01 00:00:00-05:00,2022-01-03 00:00:00-05:00,JNJ,3,-0.0030746877542322526,0.2,0.08496966016455176,0.016993932032910355,0.20001723373466854,0.19984051477268885
Market-Residual Momentum,2021-12-01 00:00:00-05:00,2022-01-03 00:00:00-05:00,MCD,4,-0.0032266789947781316,0.2,0.09655753190380967,0.019311506380761935,0.2000172337346685,0.19990065826058454
Market-Residual Momentum,2021-12-01 00:00:00-05:00,2022-01-03 00:00:00-05:00,PG,5,-0.0032649192263389804,0.2,0.11625829810722665,0.023251659621445334,0.2000172337346685,0.2069613090157852
Market-Residual Momentum,2022-01-03 00:00:00-05:00,2022-02-01 00:00:00-05:00,MCD,1,-0.003551057262674462,0.2,-0.03614225062549936,-0.007228450125099872,0.20000120056083445,0.19085226351237167
Market-Residual Momentum,2022-01-03 00:00:00-05:00,2022-02-01 00:00:00-05:00,PG,2,-0.0037095804243746366,0.2,-0.00019662566283773497,-3.9325132567546994e-05,0.20000120056083445,0.19777953463348938
Market-Residual Momentum,2022-01-03 00:00:00-05:00,2022-02-01 00:00:00-05:00,KO,3,-0.003915614887440966,0.2,0.03553196787714441,0.007106393575428882,0.20000120056083445,0.2056184579905985
Market-Residual Momentum,2022-01-03 00:00:00-05:00,2022-02-01 00:00:00-05:00,VZ,4,-0.003934586809600349,0.2,0.03789863069272004,0.007579726138544008,0.20000120056083445,0.2050955986347061
Market-Residual Momentum,2022-01-03 00:00:00-05:00,2022-02-01 00:00:00-05:00,JNJ,5,-0.004039541026116589,0.2,0.008988712714274705,0.001797742542854941,0.20000120056083445,0.20066011129830696
Market-Residual Momentum,2022-02-01 00:00:00-05:00,2022-03-01 00:00:00-05:00,MCD,1,-0.0037751593341277534,0.2,-0.06199072302742026,-0.012398144605484052,0.20002112278095907,0.19452815266259724
Market-Residual Momentum,2022-02-01 00:00:00-05:00,2022-03-01 00:00:00-05:00,KO,2,-0.004020893995337116,0.2,0.020193661978037847,0.00403873239560757,0.20002112278095902,0.20977398198041164
Market-Residual Momentum,2022-02-01 00:00:00-05:00,2022-03-01 00:00:00-05:00,JNJ,3,-0.004235727091141395,0.2,-0.04456415961031912,-0.008912831922063824,0.20002112278095902,0.19798338868831541
Market-Residual Momentum,2022-02-01 00:00:00-05:00,2022-03-01 00:00:00-05:00,VZ,4,-0.004468778250847905,0.2,0.0018726990095587759,0.0003745398019117552,0.20002112278095902,0.20632930105260724
Market-Residual Momentum,2022-02-01 00:00:00-05:00,2022-03-01 00:00:00-05:00,HON,5,-0.0044826908074764305,0.2,-0.07969523210956131,-0.015939046421912264,0.20002112278095902,0.19149385177177208
Market-Residual Momentum,2022-03-01 00:00:00-05:00,2022-04-01 00:00:00-04:00,MCD,1,-0.003449564078675693,0.2,0.02401955663401445,0.00480391132680289,0.20002097001878996,0.2018973625698848
Market-Residual Momentum,2022-03-01 00:00:00-05:00,2022-04-01 00:00:00-04:00,JNJ,2,-0.004823190361303409,0.2,0.08592997783295853,0.017185995566591707,0.20002097001878996,0.215049418281469
Market-Residual Momentum,2022-03-01 00:00:00-05:00,2022-04-01 00:00:00-04:00,PG,3,-0.00485655107391425,0.2,-0.005119102198015035,-0.0010238204396030071,0.20002097001878996,0.1958955413633401
Market-Residual Momentum,2022-03-01 00:00:00-05:00,2022-04-01 00:00:00-04:00,KO,4,-0.004971380805935288,0.2,0.01073594585597104,0.0021471891711942084,0.20002097001878996,0.19889664703022855
Market-Residual Momentum,2022-03-01 00:00:00-05:00,2022-04-01 00:00:00-04:00,VZ,5,-0.005619984268620981,0.2,-0.04635514551034703,-0.009271029102069407,0.20002097001878996,0.1883650599870206
Market-Residual Momentum,2022-04-01 00:00:00-04:00,2022-05-02 00:00:00-04:00,MCD,1,-0.0051828072581832085,0.2,0.011043044696576576,0.002208608939315315,0.20003587325365052,0.2029923176085429
Market-Residual Momentum,2022-04-01 00:00:00-04:00,2022-05-02 00:00:00-04:00,HON,2,-0.006220665934673741,0.2,-0.0042188893485222145,-0.000843777869704443,0.20003587325365058,0.20027791216723514
Market-Residual Momentum,2022-04-01 00:00:00-04:00,2022-05-02 00:00:00-04:00,KO,3,-0.006501532429938783,0.2,0.047328683098724955,0.009465736619744992,0.20003587325365058,0.20953932797067423
Market-Residual Momentum,2022-04-01 00:00:00-04:00,2022-05-02 00:00:00-04:00,MSFT,4,-0.00660887207869898,0.2,-0.1023369956174901,-0.02046739912349802,0.20003587325365058,0.18133387968641282
Market-Residual Momentum,2022-04-01 00:00:00-04:00,2022-05-02 00:00:00-04:00,JNJ,5,-0.0067960658848805755,0.2,0.01931651740309559,0.003863303480619118,0.20003587325365058,0.2060383133880165
Market-Residual Momentum,2022-05-02 00:00:00-04:00,2022-06-01 00:00:00-04:00,MCD,1,-0.005421526719867065,0.2,0.009288357130524227,0.0018576714261048456,0.200001460555056,0.20284862526852962
Market-Residual Momentum,2022-05-02 00:00:00-04:00,2022-06-01 00:00:00-04:00,KO,2,-0.006685737230347488,0.2,-0.028492624359373386,-0.0056985248718746774,0.20000146055505608,0.19589044053249785
Market-Residual Momentum,2022-05-02 00:00:00-04:00,2022-06-01 00:00:00-04:00,MSFT,3,-0.006940474173414035,0.2,-0.006730047409718165,-0.001346009481943633,0.20000146055505602,0.19797994480689685
Market-Residual Momentum,2022-05-02 00:00:00-04:00,2022-06-01 00:00:00-04:00,HON,4,-0.0070822564486476836,0.2,0.005181679964743946,0.0010363359929487892,0.20000146055505602,0.20128670026873463
Market-Residual Momentum,2022-05-02 00:00:00-04:00,2022-06-01 00:00:00-04:00,JNJ,5,-0.007263074224729049,0.2,-0.0009353660519683116,-0.00018707321039366232,0.20000146055505602,0.20200167732206156
Market-Residual Momentum,2022-06-01 00:00:00-04:00,2022-07-01 00:00:00-04:00,MCD,1,-0.005710438111941274,0.2,-0.02162299577071125,-0.00432459915414225,0.20001602635626187,0.2082940806103528
Market-Residual Momentum,2022-06-01 00:00:00-04:00,2022-07-01 00:00:00-04:00,MSFT,2,-0.007354311899087085,0.2,-0.06835029508409018,-0.013670059016818038,0.2000160263562618,0.19825976202728068
Market-Residual Momentum,2022-06-01 00:00:00-04:00,2022-07-01 00:00:00-04:00,JNJ,3,-0.007789845023070563,0.2,-0.00948901297496596,-0.0018978025949931922,0.2000160263562618,0.21049571976480733
Market-Residual Momentum,2022-06-01 00:00:00-04:00,2022-07-01 00:00:00-04:00,AAPL,4,-0.007790895780059315,0.2,-0.09246141624322257,-0.018492283248644516,0.2000160263562618,0.1937616566928017
Market-Residual Momentum,2022-06-01 00:00:00-04:00,2022-07-01 00:00:00-04:00,HON,5,-0.008185760517890994,0.2,-0.10986892685678973,-0.021973785371357947,0.2000160263562618,0.1892741341401607
Market-Residual Momentum,2022-07-01 00:00:00-04:00,2022-08-01 00:00:00-04:00,AAPL,1,-0.005573171524014486,0.2,0.18354898604916192,0.03670979720983238,0.20000173091455378,0.21917191112521742
Market-Residual Momentum,2022-07-01 00:00:00-04:00,2022-08-01 00:00:00-04:00,MCD,2,-0.006207838710445168,0.2,0.06571962935008946,0.013143925870017892,0.20000173091455378,0.19614860175604623
Market-Residual Momentum,2022-07-01 00:00:00-04:00,2022-08-01 00:00:00-04:00,MSFT,3,-0.007084307491176167,0.2,0.08358322482207337,0.016716644964414672,0.20000173091455378,0.20089748624853726
Market-Residual Momentum,2022-07-01 00:00:00-04:00,2022-08-01 00:00:00-04:00,JNJ,4,-0.007225652233743052,0.2,-0.01848423084669193,-0.003696846169338386,0.20000173091455378,0.18044322452927447
Market-Residual Momentum,2022-07-01 00:00:00-04:00,2022-08-01 00:00:00-04:00,HON,5,-0.00798735499840586,0.2,0.10227486767504868,0.020454973535009736,0.20000173091455378,0.20334673727292285
Market-Residual Momentum,2022-08-01 00:00:00-04:00,2022-09-01 00:00:00-04:00,AAPL,1,-0.0061581194851911825,0.2,-0.02578972572258631,-0.0051579451445172625,0.20000152778354868,0.20312611644318834
Market-Residual Momentum,2022-08-01 00:00:00-04:00,2022-09-01 00:00:00-04:00,MCD,2,-0.006386851593435994,0.2,-0.03558159589687071,-0.0071163191793741426,0.20000152778354874,0.20070862448780308
Market-Residual Momentum,2022-08-01 00:00:00-04:00,2022-09-01 00:00:00-04:00,MSFT,3,-0.006969137146329185,0.2,-0.06623142135903581,-0.013246284271807164,0.20000152778354868,0.19592389064477334
Market-Residual Momentum,2022-08-01 00:00:00-04:00,2022-09-01 00:00:00-04:00,HON,4,-0.007753164826737158,0.2,-0.00687237910605909,-0.0013744758212118182,0.20000152778354868,0.20652465907740872
Market-Residual Momentum,2022-08-01 00:00:00-04:00,2022-09-01 00:00:00-04:00,JNJ,5,-0.007818126254690583,0.2,-0.06657230634133993,-0.013314461268267986,0.20000152778354868,0.1937246686207809
Market-Residual Momentum,2022-09-01 00:00:00-04:00,2022-10-03 00:00:00-04:00,AAPL,1,-0.0056086156740902116,0.2,-0.11765833934528169,-0.02353166786905634,0.20002042581651927,0.19539835422803137
Market-Residual Momentum,2022-09-01 00:00:00-04:00,2022-10-03 00:00:00-04:00,AMGN,2,-0.006200219657991668,0.2,-0.0532928890746317,-0.01065857781492634,0.20002042581651927,0.20703143578128613
Market-Residual Momentum,2022-09-01 00:00:00-04:00,2022-10-03 00:00:00-04:00,HON,3,-0.006271869857344181,0.2,-0.10087240908201378,-0.02017448181640276,0.20002042581651927,0.19550041423336292
Market-Residual Momentum,2022-09-01 00:00:00-04:00,2022-10-03 00:00:00-04:00,MSFT,4,-0.006832990329754152,0.2,-0.09062473802688542,-0.018124947605377084,0.20002042581651927,0.19925227237841447
Market-Residual Momentum,2022-09-01 00:00:00-04:00,2022-10-03 00:00:00-04:00,MCD,5,-0.006946349437123134,0.2,-0.07267117509719256,-0.014534235019438513,0.20002042581651927,0.20293092867792284
Market-Residual Momentum,2022-10-03 00:00:00-04:00,2022-11-01 00:00:00-04:00,MCD,1,-0.005245788590467981,0.2,0.17201969245302084,0.03440393849060417,0.20004461313481073,0.21691187720527746
Market-Residual Momentum,2022-10-03 00:00:00-04:00,2022-11-01 00:00:00-04:00,AAPL,2,-0.00565672355868263,0.2,0.12206049914520589,0.02441209982904118,0.20004461313481076,0.20611133351214286
Market-Residual Momentum,2022-10-03 00:00:00-04:00,2022-11-01 00:00:00-04:00,MSFT,3,-0.006268672146321541,0.2,-0.003440861331817313,-0.0006881722663634627,0.20004461313481073,0.1831860078645032
Market-Residual Momentum,2022-10-03 00:00:00-04:00,2022-11-01 00:00:00-04:00,KO,4,-0.006331141663610151,0.2,0.06511730178297737,0.013023460356595474,0.20004461313481073,0.19727822225646316
Market-Residual Momentum,2022-10-03 00:00:00-04:00,2022-11-01 00:00:00-04:00,JNJ,5,-0.006360570935432297,0.2,0.059468109916486434,0.011893621983297287,0.20004461313481073,0.19672030603091903
Market-Residual Momentum,2022-11-01 00:00:00-04:00,2022-12-01 00:00:00-05:00,JNJ,1,-0.005530884810844516,0.2,0.03501869323769835,0.00700373864753967,0.20002543169108986,0.19946374810016473
Market-Residual Momentum,2022-11-01 00:00:00-04:00,2022-12-01 00:00:00-05:00,MCD,2,-0.005766184737966862,0.2,0.003684408534296635,0.000736881706859327,0.20002543169108988,0.19424831623267466
Market-Residual Momentum,2022-11-01 00:00:00-04:00,2022-12-01 00:00:00-05:00,MSFT,3,-0.005810037708728122,0.2,0.0851893559791026,0.01703787119582052,0.20002543169108986,0.21135936477833764
Market-Residual Momentum,2022-11-01 00:00:00-04:00,2022-12-01 00:00:00-05:00,HON,4,-0.006174179477406949,0.2,0.08595194138712015,0.01719038827742403,0.20002543169108986,0.20975762327442896
Market-Residual Momentum,2022-11-01 00:00:00-04:00,2022-12-01 00:00:00-05:00,AAPL,5,-0.006607377954004345,0.2,-0.042714342743136124,-0.008542868548627226,0.20002543169108986,0.1852945000913471
Market-Residual Momentum,2022-12-01 00:00:00-05:00,2023-01-03 00:00:00-05:00,KO,1,-0.004409862924465657,0.2,-0.0007861067075355388,-0.00015722134150710778,0.20002887950634643,0.2049668219249251
Market-Residual Momentum,2022-12-01 00:00:00-05:00,2023-01-03 00:00:00-05:00,JNJ,2,-0.005666693592309757,0.2,-0.015865756277662513,-0.0031731512555325026,0.20002887950634643,0.2022759268760574
Market-Residual Momentum,2022-12-01 00:00:00-05:00,2023-01-03 00:00:00-05:00,HON,3,-0.005768793519500992,0.2,-0.023288483688231,-0.0046576967376461996,0.20002887950634643,0.19940254965102705
Market-Residual Momentum,2022-12-01 00:00:00-05:00,2023-01-03 00:00:00-05:00,CSCO,4,-0.006130110928728172,0.2,-0.04049745847024777,-0.008099491694049554,0.20002887950634643,0.19576216761154608
Market-Residual Momentum,2022-12-01 00:00:00-05:00,2023-01-03 00:00:00-05:00,MCD,5,-0.006299594659387675,0.2,-0.0352540081748266,-0.0070508016349653205,0.2000288795063464,0.1977409200650398
Market-Residual Momentum,2023-01-03 00:00:00-05:00,2023-02-01 00:00:00-05:00,KO,1,-0.003757935643713073,0.2,-0.03807427009292175,-0.00761485401858435,0.20000062529286608,0.1969594549548327
Market-Residual Momentum,2023-01-03 00:00:00-05:00,2023-02-01 00:00:00-05:00,JNJ,2,-0.0050166014091445055,0.2,-0.07476166723127453,-0.014952333446254906,0.20000062529286605,0.18938971115586936
Market-Residual Momentum,2023-01-03 00:00:00-05:00,2023-02-01 00:00:00-05:00,HON,3,-0.005225215778072556,0.2,-0.038858846800082,-0.007771769360016401,0.20000062529286602,0.19723339228741846
Market-Residual Momentum,2023-01-03 00:00:00-05:00,2023-02-01 00:00:00-05:00,CSCO,4,-0.005293411967969397,0.2,0.019152420412771765,0.003830484082554353,0.20000062529286605,0.20926830262166635
Market-Residual Momentum,2023-01-03 00:00:00-05:00,2023-02-01 00:00:00-05:00,MCD,5,-0.006110204008264675,0.2,0.013243521452793727,0.0026487042905587455,0.20000062529286605,0.20715233906315378
Market-Residual Momentum,2023-02-01 00:00:00-05:00,2023-03-01 00:00:00-05:00,KO,1,-0.0035775540121182337,0.2,-0.032875319555324856,-0.006575063911064972,0.20004922831102478,0.1987815649236916
Market-Residual Momentum,2023-02-01 00:00:00-05:00,2023-03-01 00:00:00-05:00,JNJ,2,-0.004683487250792484,0.2,-0.05447864582081785,-0.010895729164163571,0.20004922831102478,0.19341579959466682
Market-Residual Momentum,2023-02-01 00:00:00-05:00,2023-03-01 00:00:00-05:00,IBM,3,-0.0053042269234321315,0.2,-0.029791633602742507,-0.005958326720548502,0.20004922831102478,0.19875690059008838
Market-Residual Momentum,2023-02-01 00:00:00-05:00,2023-03-01 00:00:00-05:00,CSCO,4,-0.005478760314025055,0.2,0.0010333065733170166,0.00020666131466340332,0.20004922831102478,0.2043528797890108
Market-Residual Momentum,2023-02-01 00:00:00-05:00,2023-03-01 00:00:00-05:00,AXP,5,-0.005748659667536682,0.2,0.0007498435486554822,0.00014996870973109646,0.20004922831102478,0.2049447840307916
Market-Residual Momentum,2023-03-01 00:00:00-05:00,2023-04-03 00:00:00-04:00,KO,1,-0.003722260318254844,0.2,0.061692267092019026,0.012338453418403806,0.2000608067934017,0.20436532101202418
Market-Residual Momentum,2023-03-01 00:00:00-05:00,2023-04-03 00:00:00-04:00,PG,2,-0.004352822733076356,0.2,0.07518982232378613,0.015037964464757227,0.20006080679340174,0.20822845106758114
Market-Residual Momentum,2023-03-01 00:00:00-05:00,2023-04-03 00:00:00-04:00,JNJ,3,-0.004917045052844737,0.2,0.012678994299173851,0.0025357988598347704,0.20006080679340174,0.19584234022793595
Market-Residual Momentum,2023-03-01 00:00:00-05:00,2023-04-03 00:00:00-04:00,V,4,-0.0056633073452001526,0.2,0.026291650509159714,0.005258330101831943,0.20006080679340174,0.19861353357093442
Market-Residual Momentum,2023-03-01 00:00:00-05:00,2023-04-03 00:00:00-04:00,HON,5,-0.005979736303305172,0.2,-0.003305536309906265,-0.0006611072619812531,0.20006080679340174,0.19324508238400914
Market-Residual Momentum,2023-04-03 00:00:00-04:00,2023-05-01 00:00:00-04:00,KO,1,-0.0041185317117092834,0.2,0.02969510914042739,0.005939021828085478,0.2000204305535844,0.20215735291897344
Market-Residual Momentum,2023-04-03 00:00:00-04:00,2023-05-01 00:00:00-04:00,JNJ,2,-0.004239477368727873,0.2,0.05582441646771663,0.011164883293543327,0.20002043055358443,0.20741393434201982
Market-Residual Momentum,2023-04-03 00:00:00-04:00,2023-05-01 00:00:00-04:00,PG,3,-0.00452355910488067,0.2,0.05778421877501927,0.011556843755003855,0.2000204305535844,0.20813783324116447
Market-Residual Momentum,2023-04-03 00:00:00-04:00,2023-05-01 00:00:00-04:00,V,4,-0.005739191884712613,0.2,0.03392090390418079,0.006784180780836158,0.20002043055358443,0.20286494000938562
Market-Residual Momentum,2023-04-03 00:00:00-04:00,2023-05-01 00:00:00-04:00,CSCO,5,-0.00608283451349767,0.2,-0.08654339441033121,-0.017308678882066244,0.20002043055358443,0.1795264647102704
Market-Residual Momentum,2023-05-01 00:00:00-04:00,2023-06-01 00:00:00-04:00,KO,1,-0.003478068741496032,0.2,-0.06562732648662783,-0.013125465297325568,0.20002005185325064,0.19733366325621252
Market-Residual Momentum,2023-05-01 00:00:00-04:00,2023-06-01 00:00:00-04:00,PG,2,-0.0043396818891995315,0.2,-0.08190735019500273,-0.016381470039000545,0.20002005185325056,0.19378551694343443
Market-Residual Momentum,2023-05-01 00:00:00-04:00,2023-06-01 00:00:00-04:00,MCD,3,-0.005169169525768513,0.2,-0.03652088108584295,-0.00730417621716859,0.20002005185325059,0.2045720717135972
Market-Residual Momentum,2023-05-01 00:00:00-04:00,2023-06-01 00:00:00-04:00,V,4,-0.005338814413460957,0.2,-0.04167891828645187,-0.008335783657290374,0.20002005185325059,0.20178932475412054
Market-Residual Momentum,2023-05-01 00:00:00-04:00,2023-06-01 00:00:00-04:00,JNJ,5,-0.005583148792032366,0.2,-0.04825205675829225,-0.00965041135165845,0.20002005185325059,0.2026261002308784
Market-Residual Momentum,2023-06-01 00:00:00-04:00,2023-07-03 00:00:00-04:00,KO,1,-0.003196207904576087,0.2,0.011986663231518646,0.0023973326463037296,0.20001676774752644,0.1922620336183523
Market-Residual Momentum,2023-06-01 00:00:00-04:00,2023-07-03 00:00:00-04:00,MCD,2,-0.003442451774802846,0.2,0.05071824680237991,0.010143649360475982,0.20001676774752644,0.1999697132014543
Market-Residual Momentum,2023-06-01 00:00:00-04:00,2023-07-03 00:00:00-04:00,V,3,-0.0037272135301019693,0.2,0.06406856069741695,0.012813712139483392,0.20001676774752644,0.20249900934715218
Market-Residual Momentum,2023-06-01 00:00:00-04:00,2023-07-03 00:00:00-04:00,WMT,4,-0.004110003336590506,0.2,0.07249848197283737,0.014499696394567475,0.20001676774752644,0.20417132291727264
Market-Residual Momentum,2023-06-01 00:00:00-04:00,2023-07-03 00:00:00-04:00,PG,5,-0.0046562124090727686,0.2,0.05745193175540497,0.011490386351080996,0.20001676774752647,0.2011777563279561
Market-Residual Momentum,2023-07-03 00:00:00-04:00,2023-08-01 00:00:00-04:00,KO,1,-0.00323319556800461,0.2,0.03139520866030332,0.006279041732060665,0.2000127615131503,0.20373807399194177
Market-Residual Momentum,2023-07-03 00:00:00-04:00,2023-08-01 00:00:00-04:00,MCD,2,-0.0034072393785528066,0.2,-0.016085251719194504,-0.003217050343838901,0.20001276151315028,0.19499412604590288
Market-Residual Momentum,2023-07-03 00:00:00-04:00,2023-08-01 00:00:00-04:00,WMT,3,-0.0038403033063455494,0.2,0.020024175104340847,0.004004835020868169,0.2000127615131503,0.201898818578554
Market-Residual Momentum,2023-07-03 00:00:00-04:00,2023-08-01 00:00:00-04:00,V,4,-0.0038628262415227876,0.2,0.0005907298080094492,0.00011814596160188985,0.2000127615131503,0.19865677058531916
Market-Residual Momentum,2023-07-03 00:00:00-04:00,2023-08-01 00:00:00-04:00,AAPL,5,-0.004710296546604487,0.2,0.012694967460341378,0.0025389934920682757,0.20001276151315034,0.20077556314392117
Market-Residual Momentum,2023-08-01 00:00:00-04:00,2023-09-01 00:00:00-04:00,MCD,1,-0.002911767935162568,0.2,-0.030515059392301258,-0.006103011878460252,0.20000073032084678,0.19508334964344187
Market-Residual Momentum,2023-08-01 00:00:00-04:00,2023-09-01 00:00:00-04:00,KO,2,-0.0029993405321725453,0.2,-0.033660778823114135,-0.006732155764622827,0.20000073032084678,0.1948580641019682
Market-Residual Momentum,2023-08-01 00:00:00-04:00,2023-09-01 00:00:00-04:00,WMT,3,-0.00384608988724211,0.2,0.021875573833293638,0.004375114766658728,0.20000073032084678,0.2063123541507717
Market-Residual Momentum,2023-08-01 00:00:00-04:00,2023-09-01 00:00:00-04:00,V,4,-0.004084259547989633,0.2,0.04552325691864434,0.009104651383728868,0.20000073032084678,0.20989493979681048
Market-Residual Momentum,2023-08-01 00:00:00-04:00,2023-09-01 00:00:00-04:00,AAPL,5,-0.0041071010301800825,0.2,-0.033092697859854026,-0.0066185395719708055,0.20000073032084678,0.19385499604383366
Market-Residual Momentum,2023-09-01 00:00:00-04:00,2023-10-02 00:00:00-04:00,MCD,1,-0.0023829089333999853,0.2,-0.07269777481076689,-0.01453955496215338,0.20001716142568265,0.19685389553587387
Market-Residual Momentum,2023-09-01 00:00:00-04:00,2023-10-02 00:00:00-04:00,KO,2,-0.0027059905768824777,0.2,-0.06077376009200042,-0.012154752018400085,0.20001716142568265,0.1985436061471626
Market-Residual Momentum,2023-09-01 00:00:00-04:00,2023-10-02 00:00:00-04:00,WMT,3,-0.003178310655015837,0.2,-0.0207527322397566,-0.00415054644795132,0.20001716142568263,0.20731516246464565
Market-Residual Momentum,2023-09-01 00:00:00-04:00,2023-10-02 00:00:00-04:00,V,4,-0.003559840149072846,0.2,-0.07366560931224253,-0.014733121862448507,0.20001716142568263,0.19623044793263095
Market-Residual Momentum,2023-09-01 00:00:00-04:00,2023-10-02 00:00:00-04:00,IBM,5,-0.004314365792988717,0.2,-0.049029127001703254,-0.009805825400340652,0.20001716142568263,0.20114770737513585
Market-Residual Momentum,2023-10-02 00:00:00-04:00,2023-11-01 00:00:00-04:00,MCD,1,-0.002471638639868212,0.2,0.003816910625245029,0.0007633821250490058,0.20002081841788455,0.19607328474962976
Market-Residual Momentum,2023-10-02 00:00:00-04:00,2023-11-01 00:00:00-04:00,KO,2,-0.0025838114153001746,0.2,0.015918404128710817,0.0031836808257421634,0.20002081841788458,0.1979788044305221
Market-Residual Momentum,2023-10-02 00:00:00-04:00,2023-11-01 00:00:00-04:00,WMT,3,-0.0029466052370850093,0.2,0.029594304150525774,0.005918860830105155,0.20002081841788455,0.20076213425324407
Market-Residual Momentum,2023-10-02 00:00:00-04:00,2023-11-01 00:00:00-04:00,V,4,-0.004059357187053858,0.2,0.03009949229717601,0.006019898459435203,0.20002081841788455,0.2009550413742369
Market-Residual Momentum,2023-10-02 00:00:00-04:00,2023-11-01 00:00:00-04:00,PG,5,-0.004072877968807398,0.2,0.04732026843649817,0.009464053687299634,0.20002081841788455,0.20433301360070905
Market-Residual Momentum,2023-11-01 00:00:00-04:00,2023-12-01 00:00:00-05:00,WMT,1,-0.0032563127169218387,0.2,-0.0537727105366157,-0.01075454210732314,0.20002438867569122,0.18095103004996282
Market-Residual Momentum,2023-11-01 00:00:00-04:00,2023-12-01 00:00:00-05:00,MCD,2,-0.00376483057700161,0.2,0.08344959642853511,0.01668991928570702,0.20002438867569122,0.20575066815300583
Market-Residual Momentum,2023-11-01 00:00:00-04:00,2023-12-01 00:00:00-05:00,V,3,-0.003955230995329906,0.2,0.08551945371012715,0.01710389074202543,0.20002438867569125,0.20789597296258913
Market-Residual Momentum,2023-11-01 00:00:00-04:00,2023-12-01 00:00:00-05:00,IBM,4,-0.0040109290118079954,0.2,0.10487276249137345,0.020974552498274693,0.20002438867569125,0.2110684084571905
Market-Residual Momentum,2023-11-01 00:00:00-04:00,2023-12-01 00:00:00-05:00,PG,5,-0.004223594917154294,0.2,0.01758695528320997,0.0035173910566419944,0.20002438867569125,0.1944506061413889
Market-Residual Momentum,2023-12-01 00:00:00-05:00,2024-01-02 00:00:00-05:00,V,1,-0.0037421856081835125,0.2,0.014934213393595464,0.002986842678719093,0.20004082564532083,0.19870492266132303
Market-Residual Momentum,2023-12-01 00:00:00-05:00,2024-01-02 00:00:00-05:00,MCD,2,-0.0039028366926289193,0.2,0.04165901334098576,0.008331802668197153,0.20004082564532083,0.20436376542504492
Market-Residual Momentum,2023-12-01 00:00:00-05:00,2024-01-02 00:00:00-05:00,PG,3,-0.004050610099185836,0.2,-0.04545758054358584,-0.009091516108717168,0.20004082564532083,0.1865793623581009
Market-Residual Momentum,2023-12-01 00:00:00-05:00,2024-01-02 00:00:00-05:00,JPM,4,-0.004347201166016168,0.2,0.08516231188318368,0.017032462376636737,0.20004082564532083,0.21311586069803726
Market-Residual Momentum,2023-12-01 00:00:00-05:00,2024-01-02 00:00:00-05:00,KO,5,-0.004636534134863979,0.2,0.00909557350390422,0.001819114700780844,0.20004082564532083,0.19743584472429712
Market-Residual Momentum,2024-01-02 00:00:00-05:00,2024-02-01 00:00:00-05:00,V,1,-0.003153805806026422,0.2,0.05307966430259481,0.010615932860518963,0.2000204153895106,0.20159111048799644
Market-Residual Momentum,2024-01-02 00:00:00-05:00,2024-02-01 00:00:00-05:00,MCD,2,-0.00409676497589051,0.2,-0.011353916818629961,-0.002270783363725992,0.2000204153895106,0.19000873964417803
Market-Residual Momentum,2024-01-02 00:00:00-05:00,2024-02-01 00:00:00-05:00,JPM,3,-0.0041795646938055375,0.2,0.03324113758379599,0.0066482275167591975,0.2000204153895106,0.19870809476675258
Market-Residual Momentum,2024-01-02 00:00:00-05:00,2024-02-01 00:00:00-05:00,KO,4,-0.0045845639127986,0.2,0.013095290677169746,0.0026190581354339493,0.2000204153895106,0.193768611360657
Market-Residual Momentum,2024-01-02 00:00:00-05:00,2024-02-01 00:00:00-05:00,IBM,5,-0.004766760886539045,0.2,0.1277407504344079,0.025548150086881584,0.2000204153895106,0.21602146330682478
Market-Residual Momentum,2024-02-01 00:00:00-05:00,2024-03-01 00:00:00-05:00,V,1,-0.0025689452898706167,0.2,0.03781440686106752,0.0075628813722135035,0.20000209712380737,0.2015379543770088
Market-Residual Momentum,2024-02-01 00:00:00-05:00,2024-03-01 00:00:00-05:00,JPM,2,-0.0033570592905238783,0.2,0.06945396580855845,0.013890793161711691,0.20000209712380737,0.20849709980223136
Market-Residual Momentum,2024-02-01 00:00:00-05:00,2024-03-01 00:00:00-05:00,MCD,3,-0.004020511079655176,0.2,0.0046208996301508876,0.0009241799260301776,0.20000209712380737,0.19607555939422974
Market-Residual Momentum,2024-02-01 00:00:00-05:00,2024-03-01 00:00:00-05:00,KO,4,-0.004439732270963281,0.2,0.00553962315281864,0.0011079246305637281,0.20000209712380737,0.19604926964242694
Market-Residual Momentum,2024-02-01 00:00:00-05:00,2024-03-01 00:00:00-05:00,IBM,5,-0.0046500898022450166,0.2,0.019338169722316056,0.0038676339444632113,0.20000209712380737,0.19785034587200573
Market-Residual Momentum,2024-03-01 00:00:00-05:00,2024-04-01 00:00:00-04:00,V,1,-0.0029763122137627107,0.2,-0.010028420947234218,-0.002005684189446844,0.20006381623787123,0.19348008910571152
Market-Residual Momentum,2024-03-01 00:00:00-05:00,2024-04-01 00:00:00-04:00,JPM,2,-0.003387878235338815,0.2,0.07695209994793006,0.015390419989586013,0.20006381623787117,0.21177267656189044
Market-Residual Momentum,2024-03-01 00:00:00-05:00,2024-04-01 00:00:00-04:00,JNJ,3,-0.004119344117746615,0.2,-0.025397154459727678,-0.005079430891945536,0.20006381623787117,0.19192026164944573
Market-Residual Momentum,2024-03-01 00:00:00-05:00,2024-04-01 00:00:00-04:00,HON,4,-0.004511807972286452,0.2,0.03947558873166912,0.007895117746333825,0.20006381623787117,0.20394782225975736
Market-Residual Momentum,2024-03-01 00:00:00-05:00,2024-04-01 00:00:00-04:00,HD,5,-0.004665873268961285,0.2,0.008916729773830623,0.0017833459547661247,0.20006381623787117,0.19919313914342915
Market-Residual Momentum,2024-04-01 00:00:00-04:00,2024-05-01 00:00:00-04:00,V,1,-0.002594744089397749,0.2,-0.04355127447531071,-0.008710254895062141,0.20002121295968353,0.20015851826939263
Market-Residual Momentum,2024-04-01 00:00:00-04:00,2024-05-01 00:00:00-04:00,JPM,2,-0.003729060497709047,0.2,-0.03299382546972962,-0.006598765093945924,0.20002121295968353,0.2014644219406145
Market-Residual Momentum,2024-04-01 00:00:00-04:00,2024-05-01 00:00:00-04:00,JNJ,3,-0.0037920843468537413,0.2,-0.05693627218825714,-0.011387254437651428,0.20002121295968356,0.191522302240357
Market-Residual Momentum,2024-04-01 00:00:00-04:00,2024-05-01 00:00:00-04:00,HON,4,-0.004520524650145297,0.2,-0.06533920318886044,-0.01306784063777209,0.20002121295968348,0.19603699843748026
Market-Residual Momentum,2024-04-01 00:00:00-04:00,2024-05-01 00:00:00-04:00,KO,5,-0.004804195504027775,0.2,0.010133922414413021,0.0020267844828826044,0.20002121295968353,0.2109288729105863
Market-Residual Momentum,2024-05-01 00:00:00-04:00,2024-06-03 00:00:00-04:00,V,1,-0.0027013617651027166,0.2,0.020307546430767376,0.0040615092861534755,0.20002119007426936,0.2018727563959535
Market-Residual Momentum,2024-05-01 00:00:00-04:00,2024-06-03 00:00:00-04:00,KO,2,-0.00335850919859515,0.2,0.014724793955003923,0.002944958791000785,0.2000211900742693,0.20193839260096866
Market-Residual Momentum,2024-05-01 00:00:00-04:00,2024-06-03 00:00:00-04:00,JNJ,3,-0.004184678371166983,0.2,-0.0020149191770540975,-0.0004029838354108195,0.2000211900742693,0.1971331278566422
Market-Residual Momentum,2024-05-01 00:00:00-04:00,2024-06-03 00:00:00-04:00,HON,4,-0.004755966910716891,0.2,0.0673500962762612,0.013470019255252243,0.20002119007426936,0.2099758979126582
Market-Residual Momentum,2024-05-01 00:00:00-04:00,2024-06-03 00:00:00-04:00,MCD,5,-0.004875718933587514,0.2,-0.043390854928033296,-0.00867817098560666,0.20002119007426936,0.18918518649569072
Market-Residual Momentum,2024-06-03 00:00:00-04:00,2024-07-01 00:00:00-04:00,V,1,-0.0025816091575154854,0.2,-0.03405457161956249,-0.006810914323912499,0.20005203679143327,0.18914921041610014
Market-Residual Momentum,2024-06-03 00:00:00-04:00,2024-07-01 00:00:00-04:00,KO,2,-0.0029704031377255635,0.2,0.028972060656963672,0.005794412131392735,0.2000520367914333,0.2013024799637917
Market-Residual Momentum,2024-06-03 00:00:00-04:00,2024-07-01 00:00:00-04:00,MSFT,3,-0.0038604175406949937,0.2,0.081762204822458,0.0163524409644916,0.2000520367914333,0.2116835772788127
Market-Residual Momentum,2024-06-03 00:00:00-04:00,2024-07-01 00:00:00-04:00,PG,4,-0.004735830058067658,0.2,0.010126407908318757,0.0020252815816637518,0.2000520367914333,0.19799107180707326
Market-Residual Momentum,2024-06-03 00:00:00-04:00,2024-07-01 00:00:00-04:00,CSCO,5,-0.004891355477727233,0.2,0.016267160384621393,0.0032534320769242787,0.2000520367914333,0.20013027821472787
Market-Residual Momentum,2024-07-01 00:00:00-04:00,2024-08-01 00:00:00-04:00,KO,1,-0.0030742015148612634,0.2,0.04638448009808527,0.009276896019617054,0.20002081898702465,0.21198688676958255
Market-Residual Momentum,2024-07-01 00:00:00-04:00,2024-08-01 00:00:00-04:00,V,2,-0.003102961696682227,0.2,0.009628664736609727,0.0019257329473219454,0.20002081898702465,0.20482850503951763
Market-Residual Momentum,2024-07-01 00:00:00-04:00,2024-08-01 00:00:00-04:00,MSFT,3,-0.0034625852318923567,0.2,-0.06388064391595383,-0.012776128783190767,0.20002081898702465,0.18928310447053737
Market-Residual Momentum,2024-07-01 00:00:00-04:00,2024-08-01 00:00:00-04:00,PG,4,-0.003848710478536632,0.2,-0.02260048932746328,-0.0045200978654926565,0.20002081898702465,0.1986343425383339
Market-Residual Momentum,2024-07-01 00:00:00-04:00,2024-08-01 00:00:00-04:00,HON,5,-0.004929125932645939,0.2,-0.041334537325401155,-0.008266907465080232,0.20002081898702465,0.19537332229680002
Market-Residual Momentum,2024-08-01 00:00:00-04:00,2024-09-03 00:00:00-04:00,KO,1,-0.0033870857099010943,0.2,0.08119422650376751,0.016238845300753504,0.20000153027113246,0.20785439171659764
Market-Residual Momentum,2024-08-01 00:00:00-04:00,2024-09-03 00:00:00-04:00,PG,2,-0.003434828160853609,0.2,0.06309062708355073,0.012618125416710146,0.20000153027113238,0.20489862546965157
Market-Residual Momentum,2024-08-01 00:00:00-04:00,2024-09-03 00:00:00-04:00,MSFT,3,-0.0038796493910989716,0.2,-0.0050541213367137905,-0.0010108242673427582,0.2000015302711324,0.19084216789160258
Market-Residual Momentum,2024-08-01 00:00:00-04:00,2024-09-03 00:00:00-04:00,V,4,-0.0045369546518707615,0.2,0.03977851102678365,0.00795570220535673,0.2000015302711324,0.19980973972685553
Market-Residual Momentum,2024-08-01 00:00:00-04:00,2024-09-03 00:00:00-04:00,HON,5,-0.005092856942244928,0.2,0.021808839323512963,0.004361767864702592,0.2000015302711324,0.19660244889841597
Market-Residual Momentum,2024-09-03 00:00:00-04:00,2024-10-01 00:00:00-04:00,KO,1,-0.0034761176501212354,0.2,0.0021299571560173813,0.00042599143120347627,0.2000010382745396,0.1985106278072704
Market-Residual Momentum,2024-09-03 00:00:00-04:00,2024-10-01 00:00:00-04:00,V,2,-0.004591097058861071,0.2,0.0021708587741202656,0.00043417175482405316,0.2000010382745396,0.19772916255421685
Market-Residual Momentum,2024-09-03 00:00:00-04:00,2024-10-01 00:00:00-04:00,MSFT,3,-0.00467287149963147,0.2,0.027150800038795664,0.0054301600077591335,0.20000103827453963,0.2046427520919083
Market-Residual Momentum,2024-09-03 00:00:00-04:00,2024-10-01 00:00:00-04:00,HON,4,-0.0052762333573550535,0.2,-0.0058751982863195495,-0.00117503965726391,0.2000010382745396,0.19785061603718782
Market-Residual Momentum,2024-09-03 00:00:00-04:00,2024-10-01 00:00:00-04:00,PG,5,-0.005482746256283866,0.2,0.012921797314562777,0.0025843594629125556,0.2000010382745396,0.20127201446000836
Market-Residual Momentum,2024-10-01 00:00:00-04:00,2024-11-01 00:00:00-04:00,KO,1,-0.003878845314812307,0.2,-0.09195578464658416,-0.018391156929316834,0.20000039043889825,0.18659864671572435
Market-Residual Momentum,2024-10-01 00:00:00-04:00,2024-11-01 00:00:00-04:00,MSFT,2,-0.004128534590665867,0.2,-0.047166703543597754,-0.009433340708719552,0.20000039043889825,0.19500576798396832
Market-Residual Momentum,2024-10-01 00:00:00-04:00,2024-11-01 00:00:00-04:00,V,3,-0.005070820481993921,0.2,0.041593144615723165,0.008318628923144633,0.20000039043889825,0.21557822277351874
Market-Residual Momentum,2024-10-01 00:00:00-04:00,2024-11-01 00:00:00-04:00,HON,4,-0.005218417748098836,0.2,-0.0006781001141641374,-0.00013562002283282749,0.20000039043889825,0.20525014565577265
Market-Residual Momentum,2024-10-01 00:00:00-04:00,2024-11-01 00:00:00-04:00,PG,5,-0.006344756954630881,0.2,-0.04016448884771373,-0.008032897769542746,0.20000039043889828,0.19756923395226747
Market-Residual Momentum,2024-11-01 00:00:00-04:00,2024-12-02 00:00:00-05:00,KO,1,-0.003977673544824034,0.2,-0.014269115550853195,-0.0028538231101706392,0.20001788096727663,0.189096441520661
Market-Residual Momentum,2024-11-01 00:00:00-04:00,2024-12-02 00:00:00-05:00,MSFT,2,-0.004161150106510636,0.2,0.03471566539058313,0.006943133078116626,0.20001788096727657,0.1989154633981628
Market-Residual Momentum,2024-11-01 00:00:00-04:00,2024-12-02 00:00:00-05:00,PG,3,-0.005932902583689392,0.2,0.08353999884533736,0.016707999769067474,0.20001788096727663,0.20792463118839613
Market-Residual Momentum,2024-11-01 00:00:00-04:00,2024-12-02 00:00:00-05:00,HON,4,-0.006411429065975249,0.2,0.13596366082691014,0.027192732165382028,0.20001788096727663,0.21757129857591245
Market-Residual Momentum,2024-11-01 00:00:00-04:00,2024-12-02 00:00:00-05:00,JNJ,5,-0.006567251256022866,0.2,-0.02857322598996337,-0.005714645197992674,0.20001788096727663,0.1865781051227315
Market-Residual Momentum,2024-12-02 00:00:00-05:00,2025-01-02 00:00:00-05:00,KO,1,-0.004628940207753285,0.2,-0.026541913960426156,-0.005308382792085231,0.20002262164952744,0.20185955638891775
Market-Residual Momentum,2024-12-02 00:00:00-05:00,2025-01-02 00:00:00-05:00,MSFT,2,-0.0050648343587835765,0.2,0.0074968314352135135,0.0014993662870427028,0.20002262164952742,0.20723850134682606
Market-Residual Momentum,2024-12-02 00:00:00-05:00,2025-01-02 00:00:00-05:00,JNJ,3,-0.005563028054647812,0.2,-0.06151874955435788,-0.012303749910871575,0.20002262164952742,0.1940693829206019
Market-Residual Momentum,2024-12-02 00:00:00-05:00,2025-01-02 00:00:00-05:00,PG,4,-0.006829744614626265,0.2,-0.06157874610800462,-0.012315749221600926,0.20002262164952742,0.19436538228002104
Market-Residual Momentum,2024-12-02 00:00:00-05:00,2025-01-02 00:00:00-05:00,WMT,5,-0.007301899287121882,0.2,-0.02844902741823785,-0.00568980548364757,0.20002262164952742,0.20258494232598465
Market-Residual Momentum,2025-01-02 00:00:00-05:00,2025-02-03 00:00:00-05:00,KO,1,-0.004855560394233405,0.2,0.013311989867220264,0.002662397973444053,0.2000283197936645,0.2028974413953552
Market-Residual Momentum,2025-01-02 00:00:00-05:00,2025-02-03 00:00:00-05:00,MSFT,2,-0.005224035688185635,0.2,-0.032735615345496294,-0.0065471230690992595,0.20002831979366448,0.1943823069700792
Market-Residual Momentum,2025-01-02 00:00:00-05:00,2025-02-03 00:00:00-05:00,JNJ,3,-0.005793043030897005,0.2,0.046615869006154664,0.009323173801230933,0.20002831979366448,0.20878136059906585
Market-Residual Momentum,2025-01-02 00:00:00-05:00,2025-02-03 00:00:00-05:00,CSCO,4,-0.006430880701904007,0.2,0.022442216627922118,0.004488443325584424,0.20002831979366448,0.2051460334586312
Market-Residual Momentum,2025-01-02 00:00:00-05:00,2025-02-03 00:00:00-05:00,AAPL,5,-0.006809362401263508,0.2,-0.07608560980484891,-0.015217121960969783,0.20002831979366448,0.18893431483006776
Market-Residual Momentum,2025-02-03 00:00:00-05:00,2025-03-03 00:00:00-05:00,CSCO,1,-0.004784377786095639,0.2,0.06977897249912335,0.01395579449982467,0.20001269549009285,0.2001636465339824
Market-Residual Momentum,2025-02-03 00:00:00-05:00,2025-03-03 00:00:00-05:00,KO,2,-0.004904889291134529,0.2,0.11174427869201775,0.02234885573840355,0.20001269549009285,0.21180934038372373
Market-Residual Momentum,2025-02-03 00:00:00-05:00,2025-03-03 00:00:00-05:00,MSFT,3,-0.005145492051596645,0.2,-0.0291067183091942,-0.00582134366183884,0.2000126954900929,0.181617556402923
Market-Residual Momentum,2025-02-03 00:00:00-05:00,2025-03-03 00:00:00-05:00,JNJ,4,-0.0056953809021327295,0.2,0.09395040064115467,0.018790080128230937,0.20001269549009285,0.20565500571217166
Market-Residual Momentum,2025-02-03 00:00:00-05:00,2025-03-03 00:00:00-05:00,V,5,-0.006820495192982778,0.2,0.06944345894756632,0.013888691789513264,0.20001269549009285,0.20081424585724938
Market-Residual Momentum,2025-03-03 00:00:00-05:00,2025-04-01 00:00:00-04:00,CSCO,1,-0.004142275362904568,0.2,-0.04674640960838261,-0.009349281921676523,0.20001653372553574,0.19284238973054835
Market-Residual Momentum,2025-03-03 00:00:00-05:00,2025-04-01 00:00:00-04:00,JNJ,2,-0.005990294687150732,0.2,-0.025642731657509743,-0.005128546331501949,0.20001653372553574,0.20229073525584723
Market-Residual Momentum,2025-03-03 00:00:00-05:00,2025-04-01 00:00:00-04:00,MCD,3,-0.006524918274078084,0.2,0.016130627647664042,0.0032261255295328085,0.20001653372553574,0.20399943091563388
Market-Residual Momentum,2025-03-03 00:00:00-05:00,2025-04-01 00:00:00-04:00,KO,4,-0.0067600469737473246,0.2,0.028031847919401276,0.005606369583880256,0.20001653372553574,0.20668467065334586
Market-Residual Momentum,2025-03-03 00:00:00-05:00,2025-04-01 00:00:00-04:00,V,5,-0.00683598129172136,0.2,-0.034600600221798894,-0.006920120044359779,0.20001653372553574,0.1942661766775556
Market-Residual Momentum,2025-04-01 00:00:00-04:00,2025-05-01 00:00:00-04:00,CSCO,1,-0.0041994088906811555,0.2,-0.052366143734959625,-0.010473228746991926,0.20001740513571145,0.19043184535377988
Market-Residual Momentum,2025-04-01 00:00:00-04:00,2025-05-01 00:00:00-04:00,JNJ,2,-0.006137595424937303,0.2,-0.035649852903129275,-0.007129970580625856,0.20001740513571145,0.1955981665704749
Market-Residual Momentum,2025-04-01 00:00:00-04:00,2025-05-01 00:00:00-04:00,V,3,-0.0070616806538364996,0.2,-0.013868189202723702,-0.0027736378405447404,0.20001740513571145,0.19829391137069385
Market-Residual Momentum,2025-04-01 00:00:00-04:00,2025-05-01 00:00:00-04:00,KO,4,-0.007326559661169796,0.2,0.004464210963665227,0.0008928421927330455,0.20001740513571145,0.20357031016069774
Market-Residual Momentum,2025-04-01 00:00:00-04:00,2025-05-01 00:00:00-04:00,MSFT,5,-0.007431862460316574,0.2,0.15070069252944007,0.030140138505888016,0.20001740513571145,0.21219352667746608
Market-Residual Momentum,2025-05-01 00:00:00-04:00,2025-06-02 00:00:00-04:00,CSCO,1,-0.004219937226668025,0.2,0.08566983287154639,0.017133966574309278,0.20002095513377832,0.20510402882475331
Market-Residual Momentum,2025-05-01 00:00:00-04:00,2025-06-02 00:00:00-04:00,V,2,-0.006091308766164261,0.2,0.05148580141545267,0.010297160283090535,0.2000209551337783,0.19898777261688355
Market-Residual Momentum,2025-05-01 00:00:00-04:00,2025-06-02 00:00:00-04:00,AXP,3,-0.007969256219021337,0.2,0.09085833111189179,0.01817166622237836,0.2000209551337783,0.20626324339413465
Market-Residual Momentum,2025-05-01 00:00:00-04:00,2025-06-02 00:00:00-04:00,MSFT,4,-0.008278031920990303,0.2,0.06432566745875623,0.012865133491751246,0.2000209551337783,0.20149225573797777
Market-Residual Momentum,2025-05-01 00:00:00-04:00,2025-06-02 00:00:00-04:00,KO,5,-0.009362091697665886,0.2,0.00041685695195115,8.337139039023002e-05,0.2000209551337783,0.18825145533975793
Market-Residual Momentum,2025-06-02 00:00:00-04:00,2025-07-01 00:00:00-04:00,CSCO,1,-0.005022565392517775,0.2,0.10600984708518069,0.02120196941703614,0.20003199527595394,0.20258094240957858
Market-Residual Momentum,2025-06-02 00:00:00-04:00,2025-07-01 00:00:00-04:00,V,2,-0.005407489234857343,0.2,-0.02467125291954808,-0.004934250583909616,0.20003199527595394,0.17926592824252077
Market-Residual Momentum,2025-06-02 00:00:00-04:00,2025-07-01 00:00:00-04:00,AXP,3,-0.006227074569465474,0.2,0.08407720126919949,0.016815440253839898,0.2000319952759539,0.19984807185224626
Market-Residual Momentum,2025-06-02 00:00:00-04:00,2025-07-01 00:00:00-04:00,JPM,4,-0.006998982727073666,0.2,0.10596157873006962,0.021192315746013924,0.20003199527595394,0.20188965506478804
Market-Residual Momentum,2025-06-02 00:00:00-04:00,2025-07-01 00:00:00-04:00,GS,5,-0.007096714188700171,0.2,0.1827598823644061,0.03655197647288122,0.20003199527595394,0.21656228712915826
Market-Residual Momentum,2025-07-01 00:00:00-04:00,2025-08-01 00:00:00-04:00,CSCO,1,-0.005198508237814314,0.2,-0.021101549774522277,-0.004220309954904455,0.20000181874382067,0.19920061782934437
Market-Residual Momentum,2025-07-01 00:00:00-04:00,2025-08-01 00:00:00-04:00,AXP,2,-0.005872559694912516,0.2,-0.06991342103199516,-0.013982684206399032,0.20000181874382067,0.1910533000878132
Market-Residual Momentum,2025-07-01 00:00:00-04:00,2025-08-01 00:00:00-04:00,JPM,3,-0.006564628338243117,0.2,0.003124983507574841,0.0006249967015149682,0.20000181874382067,0.20649222882064022
Market-Residual Momentum,2025-07-01 00:00:00-04:00,2025-08-01 00:00:00-04:00,GS,4,-0.007177559732436833,0.2,0.003545254785701779,0.0007090509571403558,0.20000181874382067,0.20623432820218032
Market-Residual Momentum,2025-07-01 00:00:00-04:00,2025-08-01 00:00:00-04:00,V,5,-0.007277926753879171,0.2,-0.027471633875182033,-0.005494326775036407,0.20000181874382064,0.19702872773293698
Market-Residual Momentum,2025-08-01 00:00:00-04:00,2025-09-02 00:00:00-04:00,CSCO,1,-0.005341918752946873,0.2,0.008887514698268317,0.0017775029396536635,0.2000010564131622,0.19431816367672367
Market-Residual Momentum,2025-08-01 00:00:00-04:00,2025-09-02 00:00:00-04:00,AXP,2,-0.006540100701634577,0.2,0.11097509115944293,0.02219501823188859,0.2000010564131622,0.21392912928788446
Market-Residual Momentum,2025-08-01 00:00:00-04:00,2025-09-02 00:00:00-04:00,JPM,3,-0.006857781918373607,0.2,0.03395312504597037,0.006790625009194074,0.2000010564131622,0.197079658748596
Market-Residual Momentum,2025-08-01 00:00:00-04:00,2025-09-02 00:00:00-04:00,GS,4,-0.007022257519060715,0.2,0.04197268171191304,0.008394536342382608,0.2000010564131622,0.2002243121983691
Market-Residual Momentum,2025-08-01 00:00:00-04:00,2025-09-02 00:00:00-04:00,V,5,-0.007678601071084756,0.2,0.016927158939189058,0.003385431787837812,0.20000105641316224,0.19445376507585313
Market-Residual Momentum,2025-09-02 00:00:00-04:00,2025-10-01 00:00:00-04:00,JPM,1,-0.00561019535610463,0.2,0.0456605408345776,0.009132108166915521,0.20001292047807553,0.202493304440547
Market-Residual Momentum,2025-09-02 00:00:00-04:00,2025-10-01 00:00:00-04:00,CSCO,2,-0.005959570949286341,0.2,-0.0030831184781600074,-0.0006166236956320015,0.20001292047807556,0.19363209656801364
Market-Residual Momentum,2025-09-02 00:00:00-04:00,2025-10-01 00:00:00-04:00,AXP,3,-0.006116687367284768,0.2,0.013286013181337708,0.0026572026362675417,0.20001292047807553,0.19600020004620192
Market-Residual Momentum,2025-09-02 00:00:00-04:00,2025-10-01 00:00:00-04:00,GS,4,-0.0062625324017353545,0.2,0.07771691862591212,0.015543383725182425,0.20001292047807553,0.20844966755106809
Market-Residual Momentum,2025-09-02 00:00:00-04:00,2025-10-01 00:00:00-04:00,MSFT,5,-0.006768638688258277,0.2,0.028633024952197106,0.005726604990439421,0.20001292047807553,0.19948716786588455
Market-Residual Momentum,2025-10-01 00:00:00-04:00,2025-11-03 00:00:00-05:00,JPM,1,-0.004992934494999712,0.2,-0.0046437382777473335,-0.0009287476555494668,0.20001693789818856,0.19142566933977856
Market-Residual Momentum,2025-10-01 00:00:00-04:00,2025-11-03 00:00:00-05:00,GS,2,-0.005730949044623013,0.2,-0.005103153186641229,-0.001020630637328246,0.20001693789818853,0.19121508240788843
Market-Residual Momentum,2025-10-01 00:00:00-04:00,2025-11-03 00:00:00-05:00,CSCO,3,-0.006243674910541119,0.2,0.10545677875198756,0.021091355750397514,0.20001693789818856,0.20824550707533693
Market-Residual Momentum,2025-10-01 00:00:00-04:00,2025-11-03 00:00:00-05:00,AXP,4,-0.006533051977371085,0.2,0.09339790665914571,0.018679581331829145,0.20001693789818856,0.2100426166357498
Market-Residual Momentum,2025-10-01 00:00:00-04:00,2025-11-03 00:00:00-05:00,KO,5,-0.006817421882502228,0.2,0.03443097786554139,0.006886195573108278,0.20001693789818856,0.19915277973497902
Market-Residual Momentum,2025-11-03 00:00:00-05:00,2025-12-01 00:00:00-05:00,JPM,1,-0.004154761368899695,0.2,0.006270007131292887,0.0012540014262585775,0.20004191015085715,0.19550265732699681
Market-Residual Momentum,2025-11-03 00:00:00-05:00,2025-12-01 00:00:00-05:00,MCD,2,-0.005345481782032313,0.2,0.045913696525081704,0.00918273930501634,0.20004191015085715,0.2034354828118879
Market-Residual Momentum,2025-11-03 00:00:00-05:00,2025-12-01 00:00:00-05:00,PG,3,-0.005398682270783106,0.2,-0.013324411519796686,-0.0026648823039593372,0.20004191015085715,0.19169378756574357
Market-Residual Momentum,2025-11-03 00:00:00-05:00,2025-12-01 00:00:00-05:00,KO,4,-0.005475393414824281,0.2,0.06264422203601616,0.012528844407203234,0.20004191015085715,0.20639800188013244
Market-Residual Momentum,2025-11-03 00:00:00-05:00,2025-12-01 00:00:00-05:00,GS,5,-0.005999310976768202,0.2,0.0367542108595198,0.00735084217190396,0.20004191015085715,0.20317403014011343
Market-Residual Momentum,2025-12-01 00:00:00-05:00,2026-01-02 00:00:00-05:00,MSFT,1,-0.004770791344575476,0.2,-0.008291725765819491,-0.0016583451531638983,0.20001318254244033,0.20052948880801322
Market-Residual Momentum,2025-12-01 00:00:00-05:00,2026-01-02 00:00:00-05:00,JPM,2,-0.0049346247300476875,0.2,0.030516074767891865,0.006103214953578373,0.20001318254244033,0.20852724139919043
Market-Residual Momentum,2025-12-01 00:00:00-05:00,2026-01-02 00:00:00-05:00,KO,3,-0.005244378860105203,0.2,-0.03787882553464261,-0.007575765106928523,0.2000131825424403,0.195023939870571
Market-Residual Momentum,2025-12-01 00:00:00-05:00,2026-01-02 00:00:00-05:00,PG,4,-0.0053111774366761955,0.2,-0.033693513815208465,-0.006738702763041693,0.20001318254244033,0.19597769049093572
Market-Residual Momentum,2025-12-01 00:00:00-05:00,2026-01-02 00:00:00-05:00,MCD,5,-0.005585825568898417,0.2,-0.01353889488861193,-0.0027077789777223862,0.2000131825424403,0.20000858172720165
Market-Residual Momentum,2026-01-02 00:00:00-05:00,2026-02-02 00:00:00-05:00,KO,1,-0.005487894826577078,0.2,0.07387267366329975,0.01477453473265995,0.2000168568893535,0.20765935891153706
Market-Residual Momentum,2026-01-02 00:00:00-05:00,2026-02-02 00:00:00-05:00,MSFT,2,-0.006153649098864178,0.2,-0.11179006704072625,-0.02235801340814525,0.2000168568893535,0.17223616132113428
Market-Residual Momentum,2026-01-02 00:00:00-05:00,2026-02-02 00:00:00-05:00,MCD,3,-0.0063808024016708265,0.2,0.04490825926991571,0.008981651853983141,0.2000168568893535,0.20005815281625075
Market-Residual Momentum,2026-01-02 00:00:00-05:00,2026-02-02 00:00:00-05:00,PG,4,-0.00638539908936242,0.2,0.0726167333096781,0.014523346661935622,0.20001685688935347,0.20708412481948987
Market-Residual Momentum,2026-01-02 00:00:00-05:00,2026-02-02 00:00:00-05:00,JNJ,5,-0.006973043889594854,0.2,0.10395520631279398,0.020791041262558797,0.2000168568893535,0.21304412772954862
Market-Residual Momentum,2026-02-02 00:00:00-05:00,2026-03-02 00:00:00-05:00,JNJ,1,-0.0056467146393226475,0.2,0.09720874606315877,0.019441749212631754,0.20002475468573003,0.20158952890084997
Market-Residual Momentum,2026-02-02 00:00:00-05:00,2026-03-02 00:00:00-05:00,KO,2,-0.005804418957110369,0.2,0.08318882345009859,0.016637764690019718,0.20002475468573003,0.2003841054295558
Market-Residual Momentum,2026-02-02 00:00:00-05:00,2026-03-02 00:00:00-05:00,MCD,3,-0.006158312544448541,0.2,0.06915351497447664,0.013830702994895328,0.20002475468573003,0.19703589172346955
Market-Residual Momentum,2026-02-02 00:00:00-05:00,2026-03-02 00:00:00-05:00,PG,4,-0.006794730314692798,0.2,0.08443777828674293,0.016887555657348587,0.20002475468573003,0.2021620273116133
Market-Residual Momentum,2026-02-02 00:00:00-05:00,2026-03-02 00:00:00-05:00,TRV,5,-0.007548860826639636,0.2,0.07572316045926519,0.015144632091853039,0.20002475468573003,0.19894277852052497
Market-Residual Momentum,2026-03-02 00:00:00-05:00,2026-04-01 00:00:00-04:00,JNJ,1,-0.0055483958025940305,0.2,-0.014406655088718745,-0.002881331017743749,0.20000040155245508,0.21025897738696236
Market-Residual Momentum,2026-03-02 00:00:00-05:00,2026-04-01 00:00:00-04:00,MCD,2,-0.005881318567069416,0.2,-0.0854902100391064,-0.01709804200782128,0.20000040155245508,0.19641220102528187
Market-Residual Momentum,2026-03-02 00:00:00-05:00,2026-04-01 00:00:00-04:00,KO,3,-0.006153789517778119,0.2,-0.05632481100321851,-0.011264962200643703,0.20000040155245508,0.2020062134467041
Market-Residual Momentum,2026-03-02 00:00:00-05:00,2026-04-01 00:00:00-04:00,PG,4,-0.006751976240284896,0.2,-0.1292878713465685,-0.0258575742693137,0.2000004015524551,0.18730690040176115
Market-Residual Momentum,2026-03-02 00:00:00-05:00,2026-04-01 00:00:00-04:00,TRV,5,-0.007834354339529725,0.2,-0.050528442978369115,-0.010105688595673824,0.20000040155245508,0.20401786597616048
Market-Residual Momentum,2026-04-01 00:00:00-04:00,2026-05-01 00:00:00-04:00,JNJ,1,-0.006052477467322737,0.2,-0.06734533819100108,-0.013469067638200216,0.20001265411537197,0.18594406396704888
Market-Residual Momentum,2026-04-01 00:00:00-04:00,2026-05-01 00:00:00-04:00,MCD,2,-0.006707125580926565,0.2,-0.049875903432626045,-0.00997518068652521,0.20001265411537197,0.18806483615993064
Market-Residual Momentum,2026-04-01 00:00:00-04:00,2026-05-01 00:00:00-04:00,KO,3,-0.006799656053829595,0.2,0.04123440006099455,0.00824688001219891,0.20001265411537197,0.20549534106805986
Market-Residual Momentum,2026-04-01 00:00:00-04:00,2026-05-01 00:00:00-04:00,TRV,4,-0.007548616656906204,0.2,0.05529966484789317,0.011059932969578634,0.20001265411537197,0.20836849397988583
Market-Residual Momentum,2026-04-01 00:00:00-04:00,2026-05-01 00:00:00-04:00,AAPL,5,-0.007837502145962016,0.2,0.09752829417302289,0.01950565883460458,0.20001265411537197,0.212190295673466
Market-Residual Momentum,2026-05-01 00:00:00-04:00,2026-06-01 00:00:00-04:00,KO,1,-0.006632049293485043,0.2,-0.008954416056738745,-0.0017908832113477493,0.20000283989358938,0.19913882548334397
Market-Residual Momentum,2026-05-01 00:00:00-04:00,2026-06-01 00:00:00-04:00,TRV,2,-0.006746353957080342,0.2,-0.05712418537771413,-0.011424837075542827,0.20000283989358936,0.18997762376062577
Market-Residual Momentum,2026-05-01 00:00:00-04:00,2026-06-01 00:00:00-04:00,JNJ,3,-0.006849682181481076,0.2,-0.019978862062088654,-0.003995772412417731,0.20000283989358938,0.1977209045404111
Market-Residual Momentum,2026-05-01 00:00:00-04:00,2026-06-01 00:00:00-04:00,MCD,4,-0.007022603604078692,0.2,-0.056260701851559514,-0.011252140370311903,0.20000283989358936,0.18933354828665766
Market-Residual Momentum,2026-05-01 00:00:00-04:00,2026-06-01 00:00:00-04:00,AAPL,5,-0.008186897399809268,0.2,0.1113651184711053,0.022273023694221062,0.20000283989358938,0.22384332477906463
Market-Residual Momentum,2026-06-01 00:00:00-04:00,2026-07-01 00:00:00-04:00,KO,1,-0.006728110979316804,0.2,0.04641729838316011,0.009283459676632022,0.2000022464879208,0.19876846971334347
Market-Residual Momentum,2026-06-01 00:00:00-04:00,2026-07-01 00:00:00-04:00,TRV,2,-0.006842834846366386,0.2,0.15117789735350584,0.03023557947070117,0.2000022464879208,0.21865251070758557
Market-Residual Momentum,2026-06-01 00:00:00-04:00,2026-07-01 00:00:00-04:00,JNJ,3,-0.006994269009745091,0.2,0.13463263200100362,0.026926526400200726,0.2000022464879208,0.21728143408326586
Market-Residual Momentum,2026-06-01 00:00:00-04:00,2026-07-01 00:00:00-04:00,MCD,4,-0.007484512416846778,0.2,-0.021706845656177642,-0.004341369131235529,0.2000022464879208,0.18685288288093477
Market-Residual Momentum,2026-06-01 00:00:00-04:00,2026-07-01 00:00:00-04:00,AAPL,5,-0.00876994988994828,0.2,-0.052288207913766205,-0.010457641582753242,0.2000022464879208,0.17845545775989222
Market-Residual Momentum,2026-07-01 00:00:00-04:00,2026-08-03 00:00:00-04:00,MCD,1,-0.007588417330091968,0.2,0.020203483645062414,0.004040696729012483,0.20000381626883693,0.19015833261203224
Market-Residual Momentum,2026-07-01 00:00:00-04:00,2026-08-03 00:00:00-04:00,KO,2,-0.007727532321049058,0.2,0.0829866176492835,0.0165973235298567,0.20000381626883693,0.20357363098151737
Market-Residual Momentum,2026-07-01 00:00:00-04:00,2026-08-03 00:00:00-04:00,JNJ,3,-0.007877999407724046,0.2,0.006791712618768431,0.0013583425237536863,0.20000381626883693,0.1922086520713805
Market-Residual Momentum,2026-07-01 00:00:00-04:00,2026-08-03 00:00:00-04:00,TRV,4,-0.007936101317327582,0.2,0.13615948033777614,0.02723189606755523,0.20000381626883693,0.2141826513353383
Market-Residual Momentum,2026-07-01 00:00:00-04:00,2026-08-03 00:00:00-04:00,AAPL,5,-0.010167538740148085,0.2,0.05500269831438409,0.01100053966287682,0.20000381626883693,0.19989490340197522
Market-Residual Momentum,2026-08-03 00:00:00-04:00,2026-08-21 00:00:00-04:00,KO,1,-0.009701193311478229,0.2,0.02961115526429503,0.005922231052859006,0.2000425358181709,0.20360059699354904
Market-Residual Momentum,2026-08-03 00:00:00-04:00,2026-08-21 00:00:00-04:00,MCD,2,-0.009831722559352163,0.2,-0.017264442332777907,-0.003452888466555582,0.2000425358181709,0.1943311756140346
Market-Residual Momentum,2026-08-03 00:00:00-04:00,2026-08-21 00:00:00-04:00,JNJ,3,-0.01034612260202561,0.2,0.05988935537735718,0.011977871075471436,0.2000425358181709,0.20958796376535446
Market-Residual Momentum,2026-08-03 00:00:00-04:00,2026-08-21 00:00:00-04:00,JPM,4,-0.011078875515247444,0.2,-0.006134313576634298,-0.0012268627153268598,0.2000425358181709,0.1965321044285483
Market-Residual Momentum,2026-08-03 00:00:00-04:00,2026-08-21 00:00:00-04:00,PG,5,-0.012111711725854124,0.2,-0.008022032079340269,-0.0016044064158680538,0.2000425358181709,0.19615881727820847
