rebalance_date,next_rebalance_date,symbol,rank,momentum_score,incumbent,forward_return,spy_forward_return,active_return,volatility_63d,beta_spy_126d,log_dollar_volume_20d,distance_from_252d_high,momentum_acceleration_63_189,volatility_63d_z,beta_spy_126d_z,log_dollar_volume_20d_z,distance_from_252d_high_z,momentum_acceleration_63_189_z
2021-08-23 00:00:00-04:00,2021-09-01 00:00:00-04:00,GS,1,0.7875196376408078,,0.0330377955274465,0.0166233494732019,0.016414446054244598,0.2428278256321325,0.9197412197330935,20.411066717561617,-0.04609652066257364,-0.7030251745236651,1.0607575930838846,-0.5023207474568137,-0.5411833365014135,-0.21463958090539642,-1.6127818711437398
2021-08-23 00:00:00-04:00,2021-09-01 00:00:00-04:00,MSFT,2,0.4513490224703516,,-0.0012528456041481,0.0166233494732019,-0.01787619507735,0.14448921579049956,1.1716080345566822,22.507319278400406,0.0,-0.20754806150370397,-1.181721976938258,1.4426770857109783,1.710686354523709,1.0363350018487894,1.0855614208772613
2021-08-23 00:00:00-04:00,2021-09-01 00:00:00-04:00,CSCO,3,0.4405873667431674,,0.0202247208293444,0.0166233494732019,0.0036013713561425,0.15712540889377144,1.023935936319792,20.40165655373971,0.0,-0.3224123566153445,-0.8935706097125512,0.3023048961818918,-0.551292072010677,1.0363350018487894,0.46001628052134474
2021-08-23 00:00:00-04:00,2021-09-01 00:00:00-04:00,AXP,4,0.4111655997246428,,0.0316939014275126,0.0166233494732019,0.015070551954310698,0.23115983683591457,0.9863762053107239,20.27529670341482,-0.0797811617857136,-0.39014910410789416,0.7946848212508971,0.01225638193768554,-0.6870323556123964,-1.128778636707441,0.0911253803830809
2021-08-23 00:00:00-04:00,2021-09-01 00:00:00-04:00,JPM,5,0.3679420793852932,,0.0314813622297607,0.0166233494732019,0.014858012756558802,0.20595183002919035,0.8222839511501313,20.97891663189587,-0.06505920182035985,-0.41127427115036985,0.2198501723160276,-1.2549176163737437,0.06882140960077024,-0.7292517860847415,-0.02392121063794765
2021-09-01 00:00:00-04:00,2021-10-01 00:00:00-04:00,GS,1,0.8251442469404124,True,-0.0816147248966058,-0.0446335289386206,-0.036981195957985206,0.24326463306896037,0.9291363785016217,20.490197567593402,-0.009937527357892217,-0.7414823744125418,0.9210497292088441,-0.7697763099228379,-0.4464070773411517,0.608400011365154,-1.6155348671313834
2021-09-01 00:00:00-04:00,2021-10-01 00:00:00-04:00,MSFT,2,0.4194165339748306,True,-0.0685115013009536,-0.0446335289386206,-0.023877972362333,0.1410896836123687,1.2059961765126637,22.480059335351562,-0.009092413071172034,-0.1963762795196009,-1.1806789688150972,1.2961801270031463,1.6830996428385498,0.6574925690666631,1.0104068355397495
2021-09-01 00:00:00-04:00,2021-10-01 00:00:00-04:00,AXP,3,0.4122469451628137,True,0.0129857422611283,-0.0446335289386206,0.0576192711997489,0.24338140804735242,1.062982619746466,20.10195616649307,-0.04400937253588444,-0.3983968742923798,0.9234517790713885,0.22899818043168402,-0.8618945680257902,-1.3708281849643336,0.03721224171218413
2021-09-01 00:00:00-04:00,2021-10-01 00:00:00-04:00,CSCO,4,0.402673268338396,True,-0.0748900831083643,-0.0446335289386206,-0.030256554169743703,0.15391015825304905,1.0933827662738747,20.472258454599768,-0.0055602251528616975,-0.2804776962318525,-0.9169630617565523,0.45584721685006685,-0.46560512531261755,0.8626768168270347,0.605264755002568
2021-09-01 00:00:00-04:00,2021-10-01 00:00:00-04:00,JPM,5,0.3826312536388239,True,0.0235929879528398,-0.0446335289386206,0.06822651689146039,0.2107944148516693,0.869974386038578,20.99218330816828,-0.033455256314122384,-0.41387466203121415,0.2531405222914162,-1.211249214362062,0.0908071278410171,-0.7577412122945182,-0.03734896512311919
2021-10-01 00:00:00-04:00,2021-11-01 00:00:00-04:00,GS,1,0.4748390647449059,True,0.0991723088135883,0.0680311573192442,0.0311411514943441,0.24299197734335273,1.3309597765726575,20.579752198700277,-0.09488679403710598,-0.4618334883017772,0.8729041098198479,1.2922865520741889,-0.4913006396460269,-1.2915620292174916,-1.2986648954205893
2021-10-01 00:00:00-04:00,2021-11-01 00:00:00-04:00,AXP,2,0.4155798506066497,True,0.0386586412414109,0.0680311573192442,-0.029372516077833297,0.2463159303133446,1.239921378696198,20.17573913030256,-0.052271440981060735,-0.41204605380608506,0.963320751061698,0.4830742470022992,-0.9106876640807646,0.13644686926802707,-0.8237344236206954
2021-10-01 00:00:00-04:00,2021-11-01 00:00:00-04:00,JPM,3,0.3305323926179362,True,0.0553454182126273,0.0680311573192442,-0.012685739106616897,0.2199562651345472,1.1373977901095869,21.18812302424103,-0.019702991326640884,-0.28244727733024755,0.2462972518596458,-0.42822638415551406,0.14022059130899445,1.2277914805686652,0.41252947870357853
2021-10-01 00:00:00-04:00,2021-11-01 00:00:00-04:00,MSFT,4,0.2800609003480947,True,0.1745359338462984,0.0680311573192442,0.1065047765270542,0.16522664712011342,1.1895808037617661,22.65111792793052,-0.07633879897907137,-0.240077174598484,-1.2424326676032889,0.035612366833719364,1.6588870093406072,-0.6700324608221511,0.8167048109824004
2021-10-01 00:00:00-04:00,2021-11-01 00:00:00-04:00,HD,5,0.2581517287336221,False,0.1366756589734266,0.0680311573192442,0.0686445016541824,0.18001783965836163,1.0300118702549568,20.670481026829172,-0.03851675686912881,-0.23206177373498393,-0.8400894451379013,-1.3827467817546932,-0.397119296922799,0.5973561402029505,0.8931650293553062
2021-11-01 00:00:00-04:00,2021-12-01 00:00:00-05:00,GS,1,0.5229433546363447,True,-0.0748663477715079,0.0029112157771542,-0.0777775635486621,0.23161351287783102,1.3678771426823486,20.610490479077665,-0.010320753306154895,-0.42466367843821207,0.44213160733677637,1.1828916691468543,-0.3697715774439292,0.2039084968288392,-0.865414725801044
2021-11-01 00:00:00-04:00,2021-12-01 00:00:00-05:00,AXP,2,0.4969800312412002,True,-0.1058541409664696,0.0029112157771542,-0.1087653567436238,0.26669037461626294,1.2238078435678361,20.14604242786388,-0.07109265386313968,-0.4677838354648074,1.4816608957686588,0.5581730424518713,-0.838872048417252,-1.771366015006803,-1.266289050645205
2021-11-01 00:00:00-04:00,2021-12-01 00:00:00-05:00,HD,3,0.3994251058266127,True,0.0824206107874121,0.0029112157771542,0.0795093950102579,0.17931307535881694,0.9622056886593302,20.604437926997676,-0.0015579156625292745,-0.2575938209676487,-1.1078313569739333,-0.5761959033218611,-0.37588475850668407,0.4887277914397955,0.6877803674824647
2021-11-01 00:00:00-04:00,2021-12-01 00:00:00-05:00,UNH,4,0.3934920867435094,False,-0.0193365673241953,0.0029112157771542,-0.022247783101349502,0.20821053139947804,0.7763654330583702,20.831454952908448,0.0,-0.28155845783181555,-0.25143342321787476,-1.3820432974387489,-0.14659368172124818,0.5393648633690841,0.4649887942251329
2021-11-01 00:00:00-04:00,2021-12-01 00:00:00-05:00,MSFT,5,0.3928188825609289,True,0.0132276398352404,0.0029112157771542,0.0103164240580862,0.19764578292751728,1.1451685642630784,22.690547991110826,0.0,-0.22627573426921144,-0.5645277229136304,0.21717448916188248,1.7311220660891171,0.5393648633690841,0.9789346147386516
2021-12-01 00:00:00-05:00,2022-01-03 00:00:00-05:00,HD,1,0.5825870254776637,True,0.0360375573404858,0.035380950761124,0.0006566065793617987,0.19795535706491774,0.9416619368451759,20.953330841157218,-0.02790510299094584,-0.34815525408682624,-0.8145086919841544,-0.8888710971605808,-0.7445170554870307,0.33548958655007644,-0.8198320716422145
2021-12-01 00:00:00-05:00,2022-01-03 00:00:00-05:00,MSFT,2,0.4615711284175419,True,0.0006566685148512,0.035380950761124,-0.034724282246272796,0.20389871809762503,1.0780138851986276,22.77814732265552,-0.03648955881403815,-0.36446327072617546,-0.5914253040477344,0.7312751790392853,0.8794094805050418,0.04086251359998259,-1.2111463761876902
2021-12-01 00:00:00-05:00,2022-01-03 00:00:00-05:00,CRM,3,0.3833011424158741,False,-0.0599057648001407,0.035380950761124,-0.0952867155612647,0.26525318141319165,0.9861652904153263,21.060151872499468,-0.08065533397856317,-0.3090745689814438,1.7115075762088585,-0.36007819441318123,-0.6494557114244818,-1.4749508739291755,0.11791722377325325
2021-12-01 00:00:00-05:00,2022-01-03 00:00:00-05:00,AAPL,4,0.3605674061979242,False,0.0617984019858588,0.035380950761124,0.0264174512247348,0.21362294588825564,1.1306668457032016,23.23548069160599,0.0,-0.2702612961554196,-0.22642750757175434,1.3569024540618257,1.2863960466410127,1.2932205113778408,1.0492499050511381
2021-12-01 00:00:00-05:00,2022-01-03 00:00:00-05:00,UNH,5,0.348879317514523,True,0.107621657117028,0.035380950761124,0.07224070635590399,0.21754680032456555,0.94583988457228,20.922636011605373,-0.04335078894882516,-0.27798944591044084,-0.0791460726052111,-0.8392283415273492,-0.7718327602345387,-0.19462173759872478,0.8638113190055147
2022-01-03 00:00:00-05:00,2022-02-01 00:00:00-05:00,AAPL,1,0.4169825906634088,True,-0.0214810415604882,-0.0537897150820693,0.032308673521581094,0.24030865589631226,1.2125236533959523,23.630717391981023,-0.015305445793068473,-0.17037052605907155,0.8572038483535388,1.2867681781587021,1.3292009940942724,0.2441527915228314,-0.8434189625621565
2022-01-03 00:00:00-05:00,2022-02-01 00:00:00-05:00,UNH,2,0.3706781273462911,True,-0.0499999724297312,-0.0537897150820693,0.003789742652338099,0.20353077814259188,0.831356900701367,20.93928216704669,-0.0068041071660459584,-0.08693894920476386,-1.2236638615788638,-0.9719117548960382,-0.6506339383564224,0.6206843235355124,0.7199889354142218
2022-01-03 00:00:00-05:00,2022-02-01 00:00:00-05:00,MSFT,3,0.358493040861624,True,-0.0743703417465373,-0.0537897150820693,-0.020580626664468,0.22477065958224643,1.1387359422452104,22.917535728641386,-0.019789422871747897,-0.1930299682167289,-0.021925584385890463,0.8495243175543095,0.8045805398540801,0.04555362578930083,-1.2680297894063257
2022-01-03 00:00:00-05:00,2022-02-01 00:00:00-05:00,HD,4,0.3349446982810564,True,-0.1130662826415641,-0.0537897150820693,-0.0592765675594948,0.2123341481319175,0.8978038629133521,21.056329982345666,-0.0028112003012306097,-0.07160102286389303,-0.7255750791851441,-0.578166972331246,-0.5645329052165293,0.7975335710427183,1.0074033183614777
2022-01-03 00:00:00-05:00,2022-02-01 00:00:00-05:00,NKE,5,0.2402498779611888,False,-0.1076224857501868,-0.0537897150820693,-0.05383277066811751,0.2448466528116518,0.8964459143545883,20.574982687445374,-0.05937949290796962,-0.10486605126825799,1.1139606767963564,-0.5862137684857314,-0.9186146903754111,-1.707924311890363,0.3840564981927832
2022-02-01 00:00:00-05:00,2022-03-01 00:00:00-05:00,AAPL,1,0.3248459389491605,True,-0.0522969055995223,-0.0347030187785348,-0.017593886820987496,0.2916735553933303,1.303624593344457,23.581215155319455,-0.03972318195363167,-0.1563875300279789,1.3140308613074159,1.118356622252984,1.1790935880602122,0.31259094055633624,0.08899429906653111
2022-02-01 00:00:00-05:00,2022-03-01 00:00:00-05:00,CVX,2,0.291453062791835,False,0.1200217693191907,-0.0347030187785348,0.1547247880977255,0.21797101382265263,0.5744946691141162,21.198218743767093,-0.029844147059540194,-0.13110841822722796,-0.159186454000531,-0.5662601118054025,-0.7105286671359272,0.6375977077457264,0.39413841190800675
2022-02-01 00:00:00-05:00,2022-03-01 00:00:00-05:00,MSFT,3,0.2422223662067795,True,-0.0431593521140181,-0.0347030187785348,-0.008456333335483297,0.25480494579760415,1.1952683114157223,23.359179261170983,-0.09364330600791426,-0.30274647241845654,0.5770756235336114,0.8680050734941257,1.0030278730631803,-1.4613075620002631,-1.677704229907587
2022-02-01 00:00:00-05:00,2022-03-01 00:00:00-05:00,PG,4,0.2099052031506092,False,-0.0403014884409966,-0.0347030187785348,-0.0055984696624617955,0.15981807874477005,0.2623384413272958,21.053453014021898,-0.017622052052972847,-0.08174038964521824,-1.3215874929193818,-1.2874808263787527,-0.8253221865009144,1.0396879553205987,0.9900597956625766
2022-02-01 00:00:00-05:00,2022-03-01 00:00:00-05:00,UNH,5,0.1764424046864823,True,-0.0086526129670563,-0.0347030187785348,0.0260504058114785,0.20540660496176397,0.7621809381091925,21.279254371462894,-0.06529141515480286,-0.14681769807482814,-0.41033253792111546,-0.1326207575629555,-0.6462706074865538,-0.5285690416223982,0.20451172327047198
2022-03-01 00:00:00-05:00,2022-04-01 00:00:00-04:00,CVX,1,0.4373073508616467,True,0.1225434075986682,0.0452333325742557,0.0773100750244125,0.23563771888759996,0.4280746229576394,21.261882213364075,0.0,-0.16657227823811738,-0.7392518336164751,-0.8723947968424055,-0.41116189086962457,1.1078258050187277,0.00015223533593973013
2022-03-01 00:00:00-05:00,2022-04-01 00:00:00-04:00,AAPL,2,0.3307095900555674,True,0.0566484472150878,0.0452333325742557,0.0114151146408321,0.30096431897640513,1.2197417382529876,23.394648951437915,-0.09164119907224944,-0.2763740983397496,0.47817039991739296,0.8401781740168446,1.1774767251440625,-0.6508674647380043,-0.8542901536776466
2022-03-01 00:00:00-05:00,2022-04-01 00:00:00-04:00,AXP,3,0.2241507302312868,False,-0.0332357973763645,0.0452333325742557,-0.07846912995062019,0.32940959414888005,1.003890234971855,20.443966285075497,-0.019356779085572873,0.019493244912307528,1.0082746818926358,0.3732376593780695,-1.0204047138824286,0.7363483751443559,1.4480541914834641
2022-03-01 00:00:00-05:00,2022-04-01 00:00:00-04:00,MSFT,4,0.2036603966595056,True,0.0437583577498643,0.0452333325742557,-0.0014749748243913993,0.3079586707358771,1.252078855024526,23.095958537128578,-0.1273704377086905,-0.2954829368054349,0.6085166804457307,0.9101314044447569,0.954990544197015,-1.3365500197414686,-1.0029889782944181
2022-03-01 00:00:00-05:00,2022-04-01 00:00:00-04:00,PG,5,0.176827240148381,True,-0.005119102198015,0.0452333325742557,-0.0503524347722707,0.20255871775241874,0.2529872096641227,20.872904372154583,-0.05026203175309718,-0.11402313924405871,-1.3557099286392837,-1.2511524409972645,-0.7009006645890244,0.14324330431638932,0.40907270515266053
2022-04-01 00:00:00-04:00,2022-05-02 00:00:00-04:00,CVX,1,0.5882234713750156,True,-0.0397468310367302,-0.0909753496551118,0.0512285186183816,0.29632645139617786,0.043725017887950926,21.848749355712645,-0.04722087841438294,-0.1870520683966903,0.9188852367399327,-1.2095855368054311,0.3649044669393345,-1.1905070970209293,-0.05795390866327856
2022-04-01 00:00:00-04:00,2022-05-02 00:00:00-04:00,AAPL,2,0.277408977249848,True,-0.0995228818172687,-0.0909753496551118,-0.00854753216215691,0.301620063915368,1.1918594812680736,23.474245802446173,-0.03943480478925809,-0.2963063544072976,1.0278891910251828,1.479482299986041,1.423601565644459,-0.7072518050185886,-1.1437896180646547
2022-04-01 00:00:00-04:00,2022-05-02 00:00:00-04:00,UNH,3,0.2718233175260609,False,0.0002544922306542,-0.0909753496551118,0.091229841885766,0.24492138782547618,0.6994324708748664,21.114647854470398,-0.020832492629734967,-0.2578488549347435,-0.1396272968424059,0.32615951606979043,-0.11322092735606733,0.44733088034933943,-0.7615755398221815
2022-04-01 00:00:00-04:00,2022-05-02 00:00:00-04:00,TRV,4,0.2235884007935764,False,-0.0701699961666403,-0.0909753496551118,0.020805353488471498,0.23077275155193586,0.5093125531952664,19.29537138548393,-0.026737768167900633,-0.052172959129827445,-0.43097036284293133,-0.11912400434692268,-1.2981282972423225,0.08081037310140413,1.282556918344374
2022-04-01 00:00:00-04:00,2022-05-02 00:00:00-04:00,KO,5,0.1755789898863391,False,0.0473286830987249,-0.0909753496551118,0.13830403275383668,0.18487022909034892,0.35654139544024693,20.70940745412055,-0.005972867086398104,-0.11272416164338384,-1.3761767680797796,-0.4769322749034766,-0.3771568079854128,1.3696176485887745,0.6807621482057408
2022-05-02 00:00:00-04:00,2022-06-01 00:00:00-04:00,CVX,1,0.5941826687498402,True,0.1399390873615333,0.0075229678451058,0.13241611951642748,0.31992741125412877,0.198675227017956,21.05135218612357,-0.09902827569840666,-0.38206345770272576,1.5992027104744917,-0.9170602440507511,0.676649537262335,-1.0152716063857967,-1.733356930362376
2022-05-02 00:00:00-04:00,2022-06-01 00:00:00-04:00,UNH,2,0.2457297986675901,True,-0.0244512001243956,0.0075229678451058,-0.0319741679695014,0.2525374199852958,0.6579883268381164,21.130108301438884,-0.06860686785343872,-0.15133191374823274,0.244655263950876,1.5229999534582408,0.7799610219921895,-0.28717785241059557,0.133233473769188
2022-05-02 00:00:00-04:00,2022-06-01 00:00:00-04:00,MRK,3,0.1856029895690127,False,0.0332507673432342,0.0075229678451058,0.0257277994981284,0.20416939875146348,0.20482538679253212,20.62876289339175,-0.002343730934612709,-0.07955969211992686,-0.7275481511575665,-0.8843880644849174,0.12230112776716241,1.2987374462918344,0.7138621033813675
2022-05-02 00:00:00-04:00,2022-06-01 00:00:00-04:00,TRV,4,0.1678265463874162,True,0.0382575038072743,0.0075229678451058,0.0307345359621685,0.22947902279529545,0.41564337339694823,19.236628615537494,-0.08889514173022184,-0.13702512701603875,-0.2188214697089404,0.23556383376016077,-1.7038867004747835,-0.7727492488398193,0.24897365549976688
2022-05-02 00:00:00-04:00,2022-06-01 00:00:00-04:00,KO,5,0.1591200598640092,True,-0.0284926243593733,0.0075229678451058,-0.0360155922044791,0.1957147161300178,0.37937372219747767,20.630801242273993,-0.024165614096299137,-0.08902514892736102,-0.8974883535588591,0.04288452131726772,0.1249750134531012,0.7764612613443771,0.637287697712054
2022-06-01 00:00:00-04:00,2022-07-01 00:00:00-04:00,CVX,1,0.8294786719885716,True,-0.1704859774341296,-0.0890800621448936,-0.081405915289236,0.34338543019298784,0.3403468087353823,21.195471355406845,-0.02030508125020436,-0.6533037750065367,1.492379688896454,-0.23775648060607585,1.0025146510351475,0.4678678622963943,-1.743469481571704
2022-06-01 00:00:00-04:00,2022-07-01 00:00:00-04:00,MRK,2,0.2362024222512055,True,0.0041147264599197,-0.0890800621448936,0.0931947886048133,0.17766606813279612,0.18847798003970215,20.73430918179147,-0.02757830551989726,-0.019951112702206508,-0.8740594567606221,-1.1367097440115652,-0.4117815670097078,0.25321140923404056,0.6660870675393495
2022-06-01 00:00:00-04:00,2022-07-01 00:00:00-04:00,UNH,3,0.1992106130460387,True,0.0317607133910078,-0.0890800621448936,0.12084077553590139,0.2555065005612446,0.6342134993780357,21.111089221041926,-0.09016326675637265,-0.1530161458651027,0.23748625596453957,1.5017210858453138,0.743730777745504,-1.5938739130275739,0.15984821958251832
2022-06-01 00:00:00-04:00,2022-07-01 00:00:00-04:00,AMGN,4,0.1743774451130635,False,-0.056731689312193,-0.0890800621448936,0.032348372832700596,0.1709964702277121,0.29534435957659694,20.37997514522742,0.0,-0.02521559475351376,-0.9692999728486006,-0.5041383239374353,-1.49845631292039,1.067136709054478,0.6460586253153083
2022-06-01 00:00:00-04:00,2022-07-01 00:00:00-04:00,KO,5,0.1542568886324888,True,0.0024603387085344,-0.0890800621448936,0.091540400853428,0.2468234110409617,0.44418385128344484,20.92205287673863,-0.042742800986702245,-0.1236748635238254,0.11349348474823001,0.37688346270976153,0.16399245114944638,-0.19434206755733896,0.27147556913452775
2022-07-01 00:00:00-04:00,2022-08-01 00:00:00-04:00,CVX,1,0.4439990587032341,True,0.0994540328132167,0.0865467376871371,0.012907295126079604,0.3701281250624434,0.37752907227937155,21.216980424236354,-0.20068458120335186,-0.5618919883281899,1.5713695866945552,-0.1931926278271065,0.8674440987709896,-1.7756517362309474,-1.6529023316021452
2022-07-01 00:00:00-04:00,2022-08-01 00:00:00-04:00,UNH,2,0.2953551737226814,True,0.0584594078267886,0.0865467376871371,-0.028087329860348495,0.27662549334261927,0.6162283048474374,21.355941646973694,-0.05594835852216595,-0.30564335857514213,0.24841956119691475,1.6043977425944853,1.2324218676830012,0.30652160921483446,-0.2070155598362753
2022-07-01 00:00:00-04:00,2022-08-01 00:00:00-04:00,MRK,3,0.246684820617917,True,-0.0214676448421876,0.0865467376871371,-0.10801438252932469,0.22715813565098367,0.3005405337098751,20.74596794842088,-0.034318354150003505,-0.13119737919829721,-0.45148418392489464,-0.7729760401005191,-0.3696570087645407,0.6176905600917508,0.777298519079192
2022-07-01 00:00:00-04:00,2022-08-01 00:00:00-04:00,KO,4,0.2149679643919866,True,0.0153675611475618,0.0865467376871371,-0.0711791765395753,0.23938465040353818,0.43277308720221186,20.640407652584642,-0.04297660153374727,-0.1964095409390123,-0.2784936733250751,0.22283765505370254,-0.6469081764001684,0.4931331301219387,0.4093379094555425
2022-07-01 00:00:00-04:00,2022-08-01 00:00:00-04:00,AMGN,5,0.1606998643448702,True,0.0168141265869097,0.0865467376871371,-0.0697326111002274,0.18204285296776024,0.28884310789213186,20.474256026008327,-0.05234868688405869,-0.1496318988553007,-1.0898112906415005,-0.8610667297205631,-1.0833007812892912,0.3583064368024234,0.6732814629036858
2022-08-01 00:00:00-04:00,2022-09-01 00:00:00-04:00,CVX,1,0.5061083254968604,True,-0.0203385554727428,-0.0397408256273555,0.0194022701546127,0.40339115615536525,0.4652981189798189,20.79609602188789,-0.09578760010397203,-0.48548079265726574,1.4708251643620367,0.15412679860491293,0.6058028563759229,-1.1811188973666424,-1.7749033334155786
2022-08-01 00:00:00-04:00,2022-09-01 00:00:00-04:00,AMGN,2,0.228141525269949,True,-0.0176193439491263,-0.0397408256273555,0.0221214816782292,0.15802973971540007,0.26672534983228385,20.14968159316126,-0.03610653876287018,-0.18056960710834913,-1.292876618757544,-1.3830189056979483,-1.2051987310851324,0.31588165758748954,0.4311805637854278
2022-08-01 00:00:00-04:00,2022-09-01 00:00:00-04:00,UNH,3,0.2076941745529326,True,-0.0423035692329837,-0.0397408256273555,-0.0025627436056281996,0.2942538453540217,0.62964988955422,21.068962166106015,-0.003179492397909045,-0.16983510380518974,0.24152438495302211,1.4263688044829181,1.3702675687692507,1.1418020680779175,0.5088465071942234
2022-08-01 00:00:00-04:00,2022-09-01 00:00:00-04:00,KO,4,0.1821584757866292,True,-0.0391635938193322,-0.0397408256273555,0.0005772318080232985,0.24557637315589562,0.42373969995282457,20.461414590301203,-0.02380874344839423,-0.20567235709515053,-0.30676889874112223,-0.167575646091823,-0.3318442272314197,0.6243514802882486,0.24955793022526615
2022-08-01 00:00:00-04:00,2022-09-01 00:00:00-04:00,IBM,5,0.1344870580575363,False,-0.0056003543396501,-0.0397408256273555,0.0341404712877054,0.2628054500847884,0.4415248880797113,20.423156869781796,-0.08461673725188379,-0.15926564411399902,-0.11270403181639102,-0.029901051298060685,-0.43902746682861166,-0.9009163085870132,0.58531833221066
2022-09-01 00:00:00-04:00,2022-10-03 00:00:00-04:00,CVX,1,0.4396796813391423,True,-0.0479930998972152,-0.077189100878414,0.029196000981198802,0.3708408120207803,0.5142572888256001,20.822187697797503,-0.11943815524006385,-0.5350962312371913,1.575724127195893,0.5399072780540958,1.2199034405225435,-1.3693918238650142,-1.6642211175130572
2022-09-01 00:00:00-04:00,2022-10-03 00:00:00-04:00,AMGN,2,0.2379036712531186,True,-0.0532928890746317,-0.077189100878414,0.023896211803782305,0.15295632283408672,0.23659127120671847,20.16990107308882,-0.05680556766680733,-0.28235249080071567,-0.890756225374854,-1.1812405563114121,-0.6787131248060054,0.7149022404659107,-0.047926025197343014
2022-09-01 00:00:00-04:00,2022-10-03 00:00:00-04:00,KO,3,0.1941208234145901,True,-0.0780951419319327,-0.077189100878414,-0.0009060410535186997,0.1672910777031083,0.4794906565690636,20.06970839818942,-0.061231782197390894,-0.20861511173024982,-0.7284849623981462,0.3244019226286694,-0.9703448478595579,0.5676061916996001,0.42362418493247955
2022-09-01 00:00:00-04:00,2022-10-03 00:00:00-04:00,UNH,4,0.1805618780397593,True,-0.0205244095987894,-0.077189100878414,0.056664691279624604,0.26093753629862854,0.6202869482085334,20.7218516040624,-0.05287050808108451,-0.12243163079960317,0.33160495531861534,1.197145496077353,0.9278542669695808,0.8458535815344487,0.9747671609220279
2022-09-01 00:00:00-04:00,2022-10-03 00:00:00-04:00,MRK,5,0.1700416642185369,False,0.0207744167973906,-0.077189100878414,0.0979635176758046,0.20619497167723716,0.2851546801259157,20.231746275904555,-0.10109511665242987,-0.22579548150939566,-0.2880878947415082,-0.880214140448706,-0.49869973482656116,-0.7589701898349457,0.31375579685589355
2022-10-03 00:00:00-04:00,2022-11-01 00:00:00-04:00,CVX,1,0.257793772917684,True,0.2342749284250664,0.0804810086891407,0.1537939197359257,0.34093266006417744,0.7207084151439236,21.077567189153505,-0.19960574816501842,-0.2682680959156607,0.7071067811865478,0.7071067811865477,0.7071067811865506,-0.7071067811865476,-0.7071067811865476
2022-10-03 00:00:00-04:00,2022-11-01 00:00:00-04:00,MRK,2,0.144715213890485,True,0.1606318096086312,0.0804810086891407,0.08015080091949049,0.1846588535360047,0.32125763888624437,20.260270159096034,-0.08578054231378907,-0.20536993507173917,-0.7071067811865472,-0.7071067811865474,-0.7071067811865445,0.7071067811865476,0.7071067811865476
2022-11-01 00:00:00-04:00,2022-12-01 00:00:00-05:00,CVX,1,0.4161100775433246,True,0.0098728337978102,0.0477517366004642,-0.037878902802654005,0.3237991363973375,0.7443611985410163,20.91191946034603,0.0,-0.26904656023778983,1.538493086924733,1.3373239248006101,0.7255976415684217,0.6783342479786716,-1.3325425537117617
2022-11-01 00:00:00-04:00,2022-12-01 00:00:00-05:00,MRK,2,0.2735102667970386,True,0.0904123346822596,0.0477517366004642,0.042660598081795405,0.1995269601366621,0.3287380946701203,20.527325933813458,0.0,-0.10907884848840776,-0.8263590721362217,-1.0815938145845003,0.18979876376214685,0.6783342479786716,0.04419456571714209
2022-11-01 00:00:00-04:00,2022-12-01 00:00:00-05:00,AMGN,3,0.2194305354053001,False,0.0756069190363788,0.0477517366004642,0.027855182435914595,0.2548892180718887,0.3646737084616507,20.208722345668864,-0.012636364462269012,-0.10246998677018282,0.22716360001834526,-0.8724492967113396,-0.2540658184943307,-1.5414144659750555,0.10107270159313467
2022-11-01 00:00:00-04:00,2022-12-01 00:00:00-05:00,UNH,4,0.1861349964413587,False,-0.0047569559904906,0.0477517366004642,-0.0525086925909548,0.19314063026261785,0.6040884655605666,21.055173046587477,0.0,-0.14610985244142793,-0.9478884960631777,0.5209395635889698,0.9251722715469908,0.6783342479786716,-0.2745069844538928
2022-11-01 00:00:00-04:00,2022-12-01 00:00:00-05:00,TRV,5,0.1281553401943813,False,0.0334433087266177,0.0477517366004642,-0.0143084278738465,0.24340329607558284,0.5310366658606589,19.252306270010774,-0.006671403869377257,0.055635430072694,0.008590881256318572,0.09577962290625819,-1.5865028583832088,-0.4935882779609593,1.461782270855378
2022-12-01 00:00:00-05:00,2023-01-03 00:00:00-05:00,MRK,1,0.4726983680009939,True,0.0126790343253662,-0.0553731986910811,0.0680522330164473,0.21235494177348485,0.31893849533058805,20.590828636089824,0.0,-0.17223271808918006,-1.2410917933157466,-1.038571998717191,0.2959043950513745,0.9162838123005277,-1.3851864990188856
2022-12-01 00:00:00-05:00,2023-01-03 00:00:00-05:00,AMGN,2,0.2814842226102156,True,-0.0942013372540496,-0.0553731986910811,-0.038828138562968496,0.28167217907343245,0.4018553956558962,20.49483887616032,-0.01373979800606473,-0.08143139241076014,-0.04614914002960084,-0.722633698786438,-0.051670788239238014,-0.8164038088211327,-0.17921130954040665
2022-12-01 00:00:00-05:00,2023-01-03 00:00:00-05:00,CAT,3,0.2501884103295002,False,0.0159559519020018,-0.0553731986910811,0.0713291505930829,0.35364774329161225,0.9707708807524014,20.39839311592458,-0.003582523170967189,0.038273886826706294,1.1946197513570176,1.4451052116224947,-0.40089713088409756,0.4645018029888602,1.4106509059215773
2022-12-01 00:00:00-05:00,2023-01-03 00:00:00-05:00,IBM,4,0.2467663771293127,False,-0.059207926960299,-0.0553731986910811,-0.0038347282692179005,0.24548424560775525,0.5382013959778807,20.15324774954851,-0.0013415795523470386,-0.0737395923149351,-0.6699839452931324,-0.20311447682949216,-1.2885589576621082,0.7471009551671401,-0.07705288829835011
2022-12-01 00:00:00-05:00,2023-01-03 00:00:00-05:00,CVX,5,0.2192809722560975,True,-0.0337566088471138,-0.0553731986910811,0.021616589843967297,0.32858707604390813,0.7277742276146623,20.908235552713876,-0.017665655573119166,-0.050560482469212076,0.7626051272814646,0.5192149627106256,1.4452224817340948,-1.3114827616353952,0.23079979093606534
2023-01-03 00:00:00-05:00,2023-02-01 00:00:00-05:00,MRK,1,0.3833866956793685,True,-0.0311566436548847,0.0542183535908311,-0.0853749972457158,0.19393910831286557,0.26927967965622074,20.596391481073724,-0.010435320080283916,-0.08653244212714051,-1.4227565296489368,-1.2868219661689195,0.6236526066101569,1.0864985296929832,-1.6014619305369782
2023-01-03 00:00:00-05:00,2023-02-01 00:00:00-05:00,CVX,2,0.1301572783245856,True,-0.0349886524861425,0.0542183535908311,-0.0892070060769736,0.29720241838417727,0.7611288184837957,20.867287279155192,-0.03813642466080225,0.12882817171696104,1.3902410822214046,0.7604130213742087,1.3999100612592976,0.2613551489222393,0.5930887067995698
2023-01-03 00:00:00-05:00,2023-02-01 00:00:00-05:00,IBM,3,0.1238064688660016,True,-0.0468462149453788,0.0542183535908311,-0.1010645685362099,0.25136144620965684,0.6046942008608434,20.068017234010288,-0.0642891671348752,0.07617515533832409,0.14148636804761022,0.10928161302399468,-0.8904146141898852,-0.5176665784878595,0.05654811755758671
2023-01-03 00:00:00-05:00,2023-02-01 00:00:00-05:00,HON,4,0.1213268663329385,False,-0.038858846800082,0.0542183535908311,-0.0930772003909131,0.24077924599907022,0.8478811617666033,20.066222869812826,-0.026130391691979393,0.1722923488415966,-0.1467835305267911,1.1215042959127155,-0.8955564015284115,0.6189834378860917,1.0359939154521873
2023-01-03 00:00:00-05:00,2023-02-01 00:00:00-05:00,AMGN,5,0.1108771299186797,True,-0.0448882813581125,0.0542183535908311,-0.0991066349489436,0.2475556500767397,0.40921235685472923,20.295837264913988,-0.09556093056571424,0.06236600314799956,0.03781260990671612,-0.7043769641420008,-0.23759165215113734,-1.4491705380134552,-0.08416880927236571
2023-02-01 00:00:00-05:00,2023-03-01 00:00:00-05:00,BA,1,0.4310669527057491,False,-0.050162648432566,-0.0241847628594948,-0.0259778855730712,0.3303807127433347,1.0598442394709817,21.162172990163373,-0.027086250738440953,0.04974509834330321,1.5923181263715005,0.8525148482173079,1.207331640923802,1.4086000103255745,1.556450620658579
2023-02-01 00:00:00-05:00,2023-03-01 00:00:00-05:00,MRK,2,0.2389819712455749,True,-0.0094417864520689,-0.0241847628594948,0.0147429764074259,0.19364839509615042,0.29828239532722167,20.56697722678705,-0.06469856349420611,-0.16602719427816193,-0.9112020526329294,-1.7324014298909256,-0.9991675204495782,-0.5900801021049888,-0.9934851752004358
2023-02-01 00:00:00-05:00,2023-03-01 00:00:00-05:00,GS,3,0.2218432602047859,False,-0.0200731130285015,-0.0241847628594948,0.0041116498309933,0.25137725532127075,0.8762733661529312,20.882401590407497,-0.05310637830903808,-0.14464171071061016,0.14579287710591557,0.2294330298787319,0.1701680774001003,0.025916849203362177,-0.740757591884995
2023-02-01 00:00:00-05:00,2023-03-01 00:00:00-05:00,CAT,4,0.2205127379283635,False,-0.0386892032435871,-0.0241847628594948,-0.0145044403840923,0.24094102653626187,0.9229174936547769,20.556307592592816,-0.04630680669742826,-0.0648039778156424,-0.04529076577794118,0.3877539402353133,-1.0387217988069848,0.3872391811062018,0.202742106318873
2023-02-01 00:00:00-05:00,2023-03-01 00:00:00-05:00,JPM,5,0.2023596684852064,False,0.0281456426179163,-0.0241847628594948,0.0523304054774111,0.20072575068953882,0.8860742867892316,21.014637205553104,-0.07677248323370534,-0.08407098807442126,-0.7816181850665435,0.26269961155957244,0.660389600932674,-1.2316759385301503,-0.024949959892021194
2023-03-01 00:00:00-05:00,2023-04-03 00:00:00-04:00,BA,1,0.5779378200479552,True,0.0562366692927305,0.0379364734424652,0.0183001958502653,0.31716670577765355,1.040144073841822,20.86514051148375,-0.07736321415691538,-0.4479198655623666,1.6764135610251172,1.0963984062353507,1.044346342588787,-0.17436162120415571,-1.6798010337950022
2023-03-01 00:00:00-05:00,2023-04-03 00:00:00-04:00,MRK,2,0.1774275304211572,True,0.006857206513184,0.0379364734424652,-0.031079266929281202,0.1952409217774162,0.28469499105977686,20.494970034755006,-0.07488664947404688,-0.18260059935866102,-0.39409355124019063,-1.432285394287247,-0.9910681331797063,-0.1115128231895956,0.17638977504172867
2023-03-01 00:00:00-05:00,2023-04-03 00:00:00-04:00,CAT,3,0.1455491755063633,True,-0.0495847124006989,0.0379364734424652,-0.0875211858431641,0.22621809918522015,0.8637757971267186,20.544030312002192,-0.09446574949415498,-0.12436785938654005,0.1319515889791861,0.506048090879632,-0.7213059431298707,-0.6083796770952169,0.5837898039059748
2023-03-01 00:00:00-05:00,2023-04-03 00:00:00-04:00,WMT,4,0.1371996137419309,False,0.0515774440104774,0.0379364734424652,0.013640970568012195,0.17140420694640196,0.5414423892728376,20.59604332598173,-0.1026175016369143,-0.204679812959631,-0.7988814965902804,-0.5728853347930962,-0.435307874029737,-0.8152500356322007,0.021922163477487783
2023-03-01 00:00:00-05:00,2023-04-03 00:00:00-04:00,JPM,5,0.1355816785871288,True,-0.0857847261530044,0.0379364734424652,-0.12372119959546961,0.18220944977266043,0.8329075982518117,20.875868589065384,-0.003129249447133331,-0.07949842329635626,-0.6153901021738352,0.4027242319653617,1.1033356077505856,1.7095041571211693,0.8976992913698106
2023-04-03 00:00:00-04:00,2023-05-01 00:00:00-04:00,BA,1,0.5537594410408297,True,-0.0307800890875208,0.0161915722105765,-0.046971661298097295,0.3038375148717422,0.9131672633162203,20.936077530694767,-0.02755781348849029,-0.4292557696749635,1.1202440192110028,0.08446618999447807,-0.19921316420965035,0.900985396600558,-1.1522034082391968
2023-04-03 00:00:00-04:00,2023-05-01 00:00:00-04:00,CAT,2,0.3038826322439716,True,-0.0412129825090658,0.0161915722105765,-0.0574045547196423,0.2838536648181575,0.8416039440460874,20.39546864854419,-0.13495104465327,-0.3466330371927939,0.768371546620789,-0.14711635407947243,-0.6981406089493902,-1.6046267137099957,-0.7187466698003395
2023-04-03 00:00:00-04:00,2023-05-01 00:00:00-04:00,CSCO,3,0.2585819364987909,False,-0.0865433944103312,0.0161915722105765,-0.1027349666209077,0.20959845029141183,0.8134605190746943,20.57532260758538,-0.03287239033089728,-0.14915630836762173,-0.5391025321068899,-0.23818990992206263,-0.5321535540312766,0.7769899831738118,0.31725899380569333
2023-04-03 00:00:00-04:00,2023-05-01 00:00:00-04:00,WMT,4,0.2276664712664895,True,0.0224056584579199,0.0161915722105765,0.0062140862473434,0.16268179600732172,0.503732569450869,20.798270732002614,-0.06521213285959304,-0.18568602059096562,-1.3652035639069005,-1.240485321541259,-0.3263949331545583,0.0224652366383904,0.12561621656085004
2023-04-03 00:00:00-04:00,2023-05-01 00:00:00-04:00,AAPL,5,0.2116407729233664,False,0.0304984635500682,0.0161915722105765,0.0143068913394917,0.24110674443541544,1.3633638913720438,23.05452736801556,-0.07028170404380218,0.06258026103959602,0.015690530182002026,1.5413253955483177,1.7559022603448822,-0.09581390270276453,1.428074867672993
2023-05-01 00:00:00-04:00,2023-06-01 00:00:00-04:00,MRK,1,0.3118381198195845,False,-0.0443867746288858,0.0063060328970978,-0.0506928075259836,0.22252204624262034,0.19714354821622204,20.30483980128983,-0.009096537060091614,-0.20847126799381122,-1.6420423268593287,-1.5478207860535165,-0.13775272091699442,0.9029982197127897,0.9150050323071831
2023-05-01 00:00:00-04:00,2023-06-01 00:00:00-04:00,BA,2,0.2997674494888895,True,0.001018214370265,0.0063060328970978,-0.0052878185268328,0.29700882455918304,0.8838437454282282,20.903981497205663,-0.05342182802460882,-0.320556384601425,0.6094405365459304,0.9505376740930035,0.6777472069852751,0.18197424204214838,-0.810116085348802
2023-05-01 00:00:00-04:00,2023-06-01 00:00:00-04:00,JPM,3,0.2334275743333056,False,-0.0403487357587721,0.0063060328970978,-0.0466547686558699,0.29782827301702314,0.7536261160309033,21.196793300620996,-0.031120072309184788,-0.24051905214418678,0.6342096862120612,0.47677879447440497,1.0762973432917329,0.5447490882997006,0.4217521287531875
2023-05-01 00:00:00-04:00,2023-06-01 00:00:00-04:00,CAT,4,0.1846029948146685,True,-0.0531594445551611,0.0063060328970978,-0.0594654774522589,0.2991415650144154,0.7718361574264518,20.34643074825592,-0.16841435618240397,-0.3530171778063099,0.6739060523806929,0.5430307209554179,-0.08114271616613611,-1.6885689230576315,-1.3097256815956508
2023-05-01 00:00:00-04:00,2023-06-01 00:00:00-04:00,TRV,5,0.1817203676315233,False,-0.057025393549033,0.0063060328970978,-0.0633314264461308,0.2677314937818428,0.5064425886736986,19.27818312642158,-0.060991110690272965,-0.21704244379545612,-0.2755139482793542,-0.42252640346930986,-1.5351491131938824,0.05884737300299232,0.7830846058840805
2023-06-01 00:00:00-04:00,2023-07-03 00:00:00-04:00,CRM,1,0.3942947782213408,False,0.0112860837429176,0.0633243175591702,-0.0520382338162526,0.32383987213721155,1.3287253647548714,20.95669085996717,0.0,-0.059487763320222875,1.030372097196218,0.8742012144061715,-0.19020921782917752,1.2834736242614877,0.5347027099162306
2023-06-01 00:00:00-04:00,2023-07-03 00:00:00-04:00,MRK,2,0.2880057836981786,True,0.041341036687247,0.0633243175591702,-0.0219832808719232,0.19878111167594956,0.2377751614121638,20.323283736497427,-0.06732560442258995,-0.2455528338566988,-1.5452048644219025,-1.5965187714669768,-0.8245027283271316,-1.0139323312201,-0.6784918587353425
2023-06-01 00:00:00-04:00,2023-07-03 00:00:00-04:00,MSFT,3,0.2451091383425325,False,0.0406837112805611,0.0633243175591702,-0.0226406062786091,0.2694520381185919,1.2897676145863135,22.868274510221458,-0.013517888006757461,0.09126123171724765,-0.08974177386728086,0.7859719884972488,1.724049493832124,0.8221918180511094,1.5176269174626928
2023-06-01 00:00:00-04:00,2023-07-03 00:00:00-04:00,BA,4,0.2435013857161239,True,0.0195679218965241,0.0633243175591702,-0.0437563956626461,0.267890666397219,1.009557951037691,20.619369612457536,-0.058365759570236486,-0.23787931835202136,-0.12189812196522833,0.15136958974148357,-0.5280025111479821,-0.7081883115335698,-0.6284584628599287
2023-06-01 00:00:00-04:00,2023-07-03 00:00:00-04:00,JPM,5,0.2152997292824663,True,0.0708321542867469,0.0633243175591702,0.007507836727576697,0.309083843835769,0.8477762895699953,20.96555264013393,-0.04885206408537235,-0.2558112193412969,0.726472663058192,-0.215024021177927,-0.18133503652783287,-0.38354479955892673,-0.7453793057836523
2023-07-03 00:00:00-04:00,2023-08-01 00:00:00-04:00,BA,1,0.5824340512495878,True,0.1285035774430301,0.0301408881846099,0.09836268925842019,0.24300878428925282,1.0406310830915981,21.010728303968556,-0.046939853814242816,-0.5818653894802812,-0.6764907958945884,-0.30516043667082066,-0.32763666626020893,-0.3565395432109751,-1.5747130965636742
2023-07-03 00:00:00-04:00,2023-08-01 00:00:00-04:00,CAT,2,0.4915866501058323,False,0.1144570225252452,0.0301408881846099,0.0843161343406353,0.3049527581682545,1.0410469077589446,20.46230708375288,-0.06484616139808674,-0.38984247952368145,1.6033700187188145,-0.3017734427200815,-0.9271582282234998,-1.036615696466433,-0.2544706893577488
2023-07-03 00:00:00-04:00,2023-08-01 00:00:00-04:00,MSFT,3,0.4205781003409325,True,-0.0099323817937434,0.0301408881846099,-0.0400732699783533,0.2641117156513972,1.24908497750486,22.8648950750802,-0.021717778216549855,-0.21908383939959997,0.10020697264070591,1.3927476838146782,1.6992961324380669,0.6013872694097194,0.9195704609382306
2023-07-03 00:00:00-04:00,2023-08-01 00:00:00-04:00,CRM,4,0.4068056256591648,True,0.063256783138617,0.0301408881846099,0.0331158949540071,0.26009381292247885,1.1385405996374562,21.246815187193505,-0.054257300439617406,-0.3322380466045489,-0.047672771182032406,0.49233660066659,-0.06955187345367972,-0.634453955734911,0.14158525625872326
2023-07-03 00:00:00-04:00,2023-08-01 00:00:00-04:00,JPM,5,0.3796214514134954,True,0.0842820596346864,0.0301408881846099,0.05414117145007649,0.2347783558087205,0.9211761221929512,20.96744831314426,0.0,-0.2411249516800753,-0.9794134242828946,-1.2781504050903634,-0.3749493645006861,1.4262219260026001,0.7680280687244692
2023-08-01 00:00:00-04:00,2023-09-01 00:00:00-04:00,BA,1,0.7852606180545505,True,-0.0486213550973572,-0.0067941416932796,-0.0418272134040776,0.28246156389881677,1.070052634354975,21.05607721093022,0.0,-0.6301682130176005,-0.2319958049201494,-0.7690447052544591,-0.1783456339733353,0.9622842076595066,-1.6161918580848518
2023-08-01 00:00:00-04:00,2023-09-01 00:00:00-04:00,MSFT,2,0.4631190585853335,True,-0.0094827632229819,-0.0067941416932796,-0.0026886215297023007,0.24220821647609492,1.2921341921462832,23.13458567473213,-0.06556486574538334,-0.3647039432831336,-0.7623919333561688,0.9693668422146209,1.70864918458529,-1.3869416800309216,-0.22005802984533512
2023-08-01 00:00:00-04:00,2023-09-01 00:00:00-04:00,CRM,3,0.4071038598809373,True,-0.0017418409072229,-0.0067941416932796,0.0050523007860567,0.2699943393381883,1.0939730947612745,20.832057464446226,-0.039936849196957946,-0.27280938592512505,-0.39626953773192547,-0.5817999605550169,-0.38172421444679877,-0.4686754830173335,0.2632352596317861
2023-08-01 00:00:00-04:00,2023-09-01 00:00:00-04:00,CAT,4,0.3668128342895265,True,0.0441796514560228,-0.0067941416932796,0.0509737931493024,0.27250449128240456,1.0630870703014954,20.23570286917651,0.0,-0.1488822617658836,-0.3631946518344376,-0.8235697955214474,-0.9231307330612101,0.9622842076595066,0.9149947240908614
2023-08-01 00:00:00-04:00,2023-09-01 00:00:00-04:00,INTC,5,0.354102140352529,False,0.0027571821682059,-0.0067941416932796,0.0095513238614855,0.43317348359407765,1.322242341250558,21.004193698031678,-0.02878089111672355,-0.19774407681587247,1.7538519278426792,1.205047619116306,-0.22544860310394266,-0.06895125227075803,0.6580199042075395
2023-09-01 00:00:00-04:00,2023-10-02 00:00:00-04:00,CRM,1,0.4600476346957345,True,-0.1015661029505736,-0.0552665017156198,-0.046299601234953795,0.25987143182682687,1.0937647267997779,20.800743315753394,-0.05508382244496157,-0.41984087921945434,-0.2280501845893133,-0.7879002882335358,-0.7003180155059534,0.1422390624153149,-1.0813510276637202
2023-09-01 00:00:00-04:00,2023-10-02 00:00:00-04:00,MSFT,2,0.3705173887287478,True,-0.0471594302168636,-0.0552665017156198,0.008107071498756203,0.2336196608889135,1.1264080103817897,22.60357392968563,-0.08633352899416691,-0.38292330644783856,-0.5607811533948315,-0.4234027371729485,0.8812855615569459,-1.5828168367636157,-0.7948357271632209
2023-09-01 00:00:00-04:00,2023-10-02 00:00:00-04:00,AAPL,3,0.336484633437615,False,-0.0964167372015716,-0.0552665017156198,-0.04115023548595179,0.19067419754765424,1.1455116305078532,23.065713757604627,-0.04238392282532366,-0.29187521228791224,-1.1050981694595332,-0.21009016600198385,1.2867157774027205,0.8433028219530423,-0.08821635595997995
2023-09-01 00:00:00-04:00,2023-10-02 00:00:00-04:00,BA,4,0.2778347559899361,True,-0.1527876052181277,-0.0552665017156198,-0.0975211035025079,0.3086919899242285,1.1352143631000389,20.750968384560455,-0.06204733910618321,-0.2005603207782638,0.3907313685406679,-0.3250702887379395,-0.7439850181707811,-0.24216312313982033,0.6204736151524496
2023-09-01 00:00:00-04:00,2023-10-02 00:00:00-04:00,INTC,5,0.2402186841362834,True,-0.0050294636428385,-0.0552665017156198,0.0502370380727813,0.39646326933483955,1.3207345787246563,20.774092704447348,-0.04245393342121562,-0.107342837914022,1.5031981389030085,1.7464634801463952,-0.7236983052829382,0.8394380755350789,1.3439294956344705
2023-10-02 00:00:00-04:00,2023-11-01 00:00:00-04:00,CRM,1,0.5784231402532132,True,0.0005977301653818,-0.0173925740019409,0.0179903041673227,0.22775937104598548,1.0763199890545616,20.719090456560494,-0.1347869074346778,-0.6185630018075715,-0.1439498315245027,-0.3699429246027112,-0.7865903197414692,-0.9710849562525143,-1.1952544211189453
2023-10-02 00:00:00-04:00,2023-11-01 00:00:00-04:00,INTC,2,0.419753727990503,True,0.0249930106880564,-0.0173925740019409,0.0423855846899973,0.3522908912959758,1.4552126612215324,21.140308339835933,-0.08517745827794465,-0.35283093982355274,1.7192485006753024,1.138210085643874,-0.42905039849436816,0.7959710662579641,0.25433570602439176
2023-10-02 00:00:00-04:00,2023-11-01 00:00:00-04:00,AAPL,3,0.3641738665398282,True,-0.0012849567243802,-0.0173925740019409,0.0161076172775607,0.2123368978985332,1.2307440346946477,23.179675068795962,-0.12730367285393873,-0.48031949466620916,-0.3746956394054727,0.24473005905404163,1.302013377801959,-0.7045370513971961,-0.4411247854341095
2023-10-02 00:00:00-04:00,2023-11-01 00:00:00-04:00,MSFT,4,0.3529489817159941,True,0.0743329545285302,-0.0173925740019409,0.0917255285304711,0.21630034313934549,1.2929062311564223,22.614554988540043,-0.11981277504465926,-0.4237822890086277,-0.3153959171534487,0.49216187973610337,0.8223257932704822,-0.43771618737030143,-0.1327097055013336
2023-10-02 00:00:00-04:00,2023-11-01 00:00:00-04:00,CSCO,5,0.1686975346391099,False,-0.0264515862247471,-0.0173925740019409,-0.009059012222806199,0.17821558683772676,0.7911200874549192,20.575234830107238,-0.0705394552243862,-0.12177711642502143,-0.8852071125918787,-1.5051590998313065,-0.9086984528366068,1.3173671287620483,1.5147532060299957
2023-11-01 00:00:00-04:00,2023-12-01 00:00:00-05:00,MSFT,1,0.3737019358669253,True,0.1131447096460431,0.0872374415245491,0.025907268121494006,0.20421359229700425,1.2627952859653848,22.81158361839978,-0.05748179805747278,-0.33911891992405097,-0.2805109126367278,0.5409071434039409,1.028792878295616,0.4318552885730323,-0.9414319496321552
2023-11-01 00:00:00-04:00,2023-12-01 00:00:00-05:00,INTC,2,0.3173919641097313,True,0.2193387903075951,0.0872374415245491,0.132101348783046,0.3637598714923913,1.3603713809853772,20.95018110247262,-0.06073084048142485,-0.2522185773890253,1.599167028627087,0.7968510294717371,-0.4882597546525459,0.3718692169373811,0.07451822083690057
2023-11-01 00:00:00-04:00,2023-12-01 00:00:00-05:00,CRM,3,0.1956300025986805,True,0.2442763018932343,0.0872374415245491,0.1570388603686852,0.22233479279013776,1.128721275694703,20.507037395490922,-0.14310702639778805,-0.28483650275248407,-0.06701786843700534,0.18922855652934772,-0.8494241571386655,-1.149016984185234,-0.30681729369224336
2023-11-01 00:00:00-04:00,2023-12-01 00:00:00-05:00,AAPL,4,0.1885685869177369,True,0.1145074337709541,0.0872374415245491,0.027269992246405,0.2204625684561085,1.1342255811198547,22.945329885271946,-0.12954644994660092,-0.3006226100625409,-0.0890752852537422,0.20366645056813615,1.1377967743198687,-0.8986522291962313,-0.49137235924024
2023-11-01 00:00:00-04:00,2023-12-01 00:00:00-05:00,WMT,5,0.1488744543740983,False,-0.0537727105366157,0.0872374415245491,-0.1410101520611648,0.12934538243454327,0.39678520319756827,20.532213207404737,-0.013496371050885192,-0.1161662400497574,-1.1625629622996116,-1.730653179973162,-0.8289057408242676,1.2439447078710517,1.6651033817277385
2023-12-01 00:00:00-05:00,2024-01-02 00:00:00-05:00,INTC,1,0.7249095270839203,True,0.1091072747813202,0.0401614693927505,0.0689458053885697,0.37026152782528166,1.581080613367216,21.173464120738785,-0.005340446014080458,-0.44867243818011904,1.556225289861776,1.1372932312293365,-0.34945362364582794,0.3014976118079998,-1.3722960358202412
2023-12-01 00:00:00-05:00,2024-01-02 00:00:00-05:00,MSFT,2,0.5185164982689359,True,-0.0076974638988059,0.0401614693927505,-0.047858933291556396,0.21530882648905958,1.2222599722681884,22.994396240433513,-0.00990325040553608,-0.3601106647862402,-0.3653292451832675,0.24943104996019794,1.0441641801359174,-0.05961431278745355,-0.555772930459262
2023-12-01 00:00:00-05:00,2024-01-02 00:00:00-05:00,CRM,3,0.3500187972067159,True,0.0421598952989605,0.0401614693927505,0.001998425906210001,0.27664896423817015,1.2494270862115995,20.942413838190895,0.0,-0.21256751105541216,0.39534429490775586,0.31665308314843743,-0.5262838216773308,0.7241540688663055,0.8045475491594852
2023-12-01 00:00:00-05:00,2024-01-02 00:00:00-05:00,AAPL,4,0.3071105742737152,True,-0.0167079829065543,0.0401614693927505,-0.0568694522993048,0.19074104931723904,1.0760618628035308,22.97984204994189,-0.030506293271463814,-0.2947071692382315,-0.6699920437882011,-0.11232007998912916,1.033025390957902,-1.690191436753157,0.04723515350051758
2023-12-01 00:00:00-05:00,2024-01-02 00:00:00-05:00,IBM,5,0.2752296752815306,False,0.0279021516060549,0.0401614693927505,-0.012259317786695596,0.17088313179580528,0.47844497712102846,20.060223866315418,0.0,-0.18309417185123555,-0.9162482957980624,-1.5910572843488422,-1.2014521257706714,0.7241540688663055,1.0762862636195
2024-01-02 00:00:00-05:00,2024-02-01 00:00:00-05:00,INTC,1,0.5831660990831418,True,-0.1229674763689142,0.026410585016064,-0.1493780613849782,0.37170695995091885,1.5835095666090888,21.351194249386918,-0.01004723860870349,-0.16501621143957879,1.282818218328019,1.2906175596982312,-0.09216645649952716,0.06203044866334515,-0.16770993610174437
2024-01-02 00:00:00-05:00,2024-02-01 00:00:00-05:00,JPM,2,0.3505706750559536,False,0.0332411375837959,0.026410585016064,0.006830552567731896,0.14721143020120195,0.7698568826803804,21.07484797079733,-0.0011743399871981808,-0.16897409415810793,-1.2953936455906458,-1.3604811851288416,-0.3973108949064489,1.4485277499756193,-0.22065728544124044
2024-01-02 00:00:00-05:00,2024-02-01 00:00:00-05:00,CRM,3,0.338453426632086,True,0.0824060156874033,0.026410585016064,0.0559954306713393,0.284140005013623,1.3476745223510038,21.176623060626405,-0.015378842793948189,-0.040791146811045564,0.27715827330253495,0.5222037116666948,-0.2849297809351992,-0.7710969350520889,1.4941351364709854
2024-01-02 00:00:00-05:00,2024-02-01 00:00:00-05:00,CAT,4,0.3373600722317804,False,0.0382199492996955,0.026410585016064,0.0118093642836315,0.2947481525006331,1.189440026733166,20.595432971283635,-0.00821794791581798,-0.2487235195052846,0.398987210100074,0.006633271100740968,-0.9266859295083151,0.34787915686949494,-1.2875208040879536
2024-01-02 00:00:00-05:00,2024-02-01 00:00:00-05:00,MSFT,5,0.332253426921296,True,0.0748143985633058,0.026410585016064,0.0484038135472418,0.20222691337662532,1.0465399994812825,22.975213998946508,-0.017402645063918643,-0.13889341409229217,-0.6635700561399828,-0.45897335733682537,1.7010930618494944,-1.087340420456371,0.18175288915995363
2024-02-01 00:00:00-05:00,2024-03-01 00:00:00-05:00,IBM,1,0.5103676059446207,False,0.019338169722316,0.0502443627582436,-0.0309061930359276,0.2316938112629608,0.6125753408206019,20.750950957524775,-0.03555120876821238,-0.2080967020597948,-0.5821409901959751,-1.0949126586384406,-0.15975620123850157,0.1595585520585133,-0.689315887615113
2024-02-01 00:00:00-05:00,2024-03-01 00:00:00-05:00,INTC,2,0.4374516409085811,True,0.0089742714745171,0.0502443627582436,-0.0412700912837265,0.4095594527349336,1.5373890878299437,21.511511613108944,-0.1513001755521256,-0.22642164247562935,1.578776365708421,1.0310844900440206,1.3966370551414362,-1.7499600124103663,-0.9055851433818645
2024-02-01 00:00:00-05:00,2024-03-01 00:00:00-05:00,CRM,3,0.4211536202188632,True,0.0886137480157398,0.0502443627582436,0.038369385257496204,0.2863782387032711,1.389754979730359,21.115878669625495,-0.023518412386642096,-0.010555195290025576,0.08222862821670528,0.6916975660466367,0.5870231989442156,0.3580644110004503,1.6420507462007647
2024-02-01 00:00:00-05:00,2024-03-01 00:00:00-05:00,CAT,4,0.4026882479936637,True,0.1014376465582869,0.0502443627582436,0.051193283800043295,0.27952857537516695,1.2693586537263024,20.427048271750106,-0.014601645336809188,-0.1568121387496575,-0.0009889974321163153,0.41492589540030617,-0.8225829622097789,0.5051649224761753,-0.08406020395557413
2024-02-01 00:00:00-05:00,2024-03-01 00:00:00-05:00,AMGN,5,0.3491412573965542,False,-0.1139538758717571,0.0502443627582436,-0.1641982386300007,0.1908898219144696,0.6352465171985203,20.33970454446427,-0.0011442718365296534,-0.14656204227586445,-1.0778750062970373,-1.0427952928525221,-1.0013210906373569,0.7271721268752275,0.0369104887517872
2024-03-01 00:00:00-05:00,2024-04-01 00:00:00-04:00,CAT,1,0.6146304021175157,True,0.1002397562490167,0.0323737866151416,0.06786596963387509,0.24252641872074004,1.3099855184205902,20.523283860184506,0.0,-0.25904568293251384,-0.5748341985634648,0.7671881439141222,-0.5241136415629042,0.518227505238033,-0.1988625569238709
2024-03-01 00:00:00-05:00,2024-04-01 00:00:00-04:00,IBM,2,0.4751895899538065,True,0.0243140465091413,0.0323737866151416,-0.008059740106000298,0.2502338996218998,0.7142241927762828,20.449457157491434,-0.01949849298304196,-0.2755950661363338,-0.4545678257572036,-1.5562263656277178,-0.6843250613316687,0.2191028941431351,-0.2932498053662212
2024-03-01 00:00:00-05:00,2024-04-01 00:00:00-04:00,INTC,3,0.4496165337957032,True,0.0202718835186339,0.0323737866151416,-0.012101903096507698,0.379556556654551,1.1409934873342007,21.280354453204193,-0.1494052849026467,-0.47344229771472146,1.5633634649508679,0.10813472751716152,1.118806198391515,-1.7737854098572337,-1.421645683969727
2024-03-01 00:00:00-05:00,2024-04-01 00:00:00-04:00,CRM,4,0.410974722707804,True,-0.0160126346179101,0.0323737866151416,-0.0483864212330517,0.3046759234935194,1.3571740981619036,21.246404403146954,0.0,-0.03795323580618315,0.39493732686488975,0.9512192754030068,1.0451311523380045,0.518227505238033,1.0621093765088714
2024-03-01 00:00:00-05:00,2024-04-01 00:00:00-04:00,AXP,5,0.4036534955450279,False,0.037070775565146,0.0323737866151416,0.004696988950004401,0.21983557140289534,1.0439526124313094,20.324498201520083,0.0,-0.07485435267273743,-0.9288987674950908,-0.27031578120656885,-0.9554986478349621,0.518227505238033,0.8516486697509473
2024-04-01 00:00:00-04:00,2024-05-01 00:00:00-04:00,CAT,1,0.5374470593478877,True,-0.0894870999896871,-0.0428575225935694,-0.0466295773961177,0.21468999907125952,1.3030579606088162,20.390648705641254,0.0,-0.3026164416530417,0.09861782581972015,0.8949874264389908,-0.21642631621033329,0.713903090997157,-0.4975454026118751
2024-04-01 00:00:00-04:00,2024-05-01 00:00:00-04:00,IBM,2,0.4961228088772393,True,-0.1279471550094961,-0.0428575225935694,-0.08508963241592671,0.2730351219089235,0.779573182355785,20.61435052890572,-0.03448264710855076,-0.3172348918049057,1.074979234006959,-0.26993179380694204,0.07121581013896602,-0.7728883422733118,-0.7342261989150909
2024-04-01 00:00:00-04:00,2024-05-01 00:00:00-04:00,JPM,3,0.4749733259913198,False,-0.0329938254697296,-0.0428575225935694,0.009863697123839797,0.13322103524962736,0.6119436294385875,21.140693041313508,0.0,-0.2852729786821173,-1.264703534592189,-0.6429605736047915,0.7480018874612819,0.713903090997157,-0.21674514102666875
2024-04-01 00:00:00-04:00,2024-05-01 00:00:00-04:00,CRM,4,0.4213762423358274,True,-0.1082900793837354,-0.0428575225935694,-0.065432556790166,0.2584024934712961,1.4282369162966948,21.309360169072864,-0.04830390857669553,-0.29070202174475757,0.8301132878576458,1.1735501994345385,0.9648788470047606,-1.368820930718159,-0.3046443520840254
2024-04-01 00:00:00-04:00,2024-05-01 00:00:00-04:00,TRV,5,0.3892835189114485,False,-0.0768026517209179,-0.0428575225935694,-0.0339451291273485,0.16463546799356865,0.381556299654953,19.339774375559376,0.0,-0.16360287886965597,-0.7390068130921359,-1.1556452584617958,-1.5676702283946709,0.713903090997157,1.7531610946376601
2024-05-01 00:00:00-04:00,2024-06-03 00:00:00-04:00,AXP,1,0.4002911056992668,False,0.0298430807489766,0.0551280643105003,-0.025284983561523696,0.21107877179779658,0.9028656513432757,20.467447787357063,-0.021286387390083705,-0.2503764019923522,-0.4974879443894985,0.42952528546505236,-0.14004156392465894,1.2336721408624904,-1.0059824660097063
2024-05-01 00:00:00-04:00,2024-06-03 00:00:00-04:00,CAT,2,0.2787585556936893,True,0.0224666427183439,0.0551280643105003,-0.032661421592156396,0.27014617714954725,1.2903354782207872,20.660489274149153,-0.11471225721288114,-0.17694196405322815,0.7590725111789891,1.4981414340917438,0.15935545541992294,-1.1352955175870503,0.14090726896588956
2024-05-01 00:00:00-04:00,2024-06-03 00:00:00-04:00,DIS,3,0.2539327010417771,False,-0.0639769609953556,0.0551280643105003,-0.1191050253058559,0.29843925716975767,0.49641259332857784,20.722286179566815,-0.09542431828847964,-0.10786305894518056,1.3609605627688084,-0.6914453587614297,0.25519914992427506,-0.6462178820592999,1.2197728447799236
2024-05-01 00:00:00-04:00,2024-06-03 00:00:00-04:00,TRV,4,0.2492837012988709,True,0.0115007517443599,0.0551280643105003,-0.0436273125661404,0.19925945949862503,0.3759723500435304,19.57441053642704,-0.08112072091999856,-0.25122207530238594,-0.7489240851630842,-1.0236115817577192,-1.5250945674797647,-0.2835264815972492,-1.0191900844737372
2024-05-01 00:00:00-04:00,2024-06-03 00:00:00-04:00,JPM,5,0.2375256954951867,True,0.052218079831295,0.0551280643105003,-0.002909984479205298,0.19339780293888353,0.6700337195082655,21.364076449344935,-0.037152217560644796,-0.14341722201741436,-0.8736210443952114,-0.21260977903764774,1.2505815260602091,0.8313677403811082,0.6644924367376295
2024-06-03 00:00:00-04:00,2024-07-01 00:00:00-04:00,AXP,1,0.5141017826769776,True,-0.0326838644845914,0.0347249216802354,-0.0674087861648268,0.21558952624147268,0.8663352881382221,20.200246437280963,-0.012670801907994966,-0.41811921540552177,0.34175693486568914,0.1848264083027972,-0.46661519526597783,0.7634042480999031,-1.3509641522739826
2024-06-03 00:00:00-04:00,2024-07-01 00:00:00-04:00,GS,2,0.4192449319492115,False,-0.0095014422825802,0.0347249216802354,-0.0442263639628156,0.20755348943824167,0.886120950762153,20.6855609025603,-0.023654530307927746,-0.2358318149347265,-1.0441325035279674,0.24797265741496613,-0.10090483716911676,0.27826991973613285,1.0890979610809262
2024-06-03 00:00:00-04:00,2024-07-01 00:00:00-04:00,JPM,3,0.3943164487067681,True,0.0026198507207917,0.0347249216802354,-0.032105070959443704,0.22259208716321705,0.6247598382133923,21.267033029236337,-0.01054736928229083,-0.2943544886374996,1.5494138260401693,-0.586165386628906,0.3372654521661481,0.8571929893348919,0.3057253390260825
2024-06-03 00:00:00-04:00,2024-07-01 00:00:00-04:00,TRV,4,0.3590183284167711,True,-0.0400477852384749,0.0347249216802354,-0.0747727069187103,0.2119033219862129,0.4150617405909353,19.183972359214668,-0.06578887605578643,-0.36878857181195823,-0.29396334245711664,-1.2554201173145352,-1.2324319668725299,-1.5827390911530472,-0.6906341780180097
2024-06-03 00:00:00-04:00,2024-07-01 00:00:00-04:00,MSFT,5,0.2697875708389303,False,0.081762204822458,0.0347249216802354,0.047037283142222594,0.21040087159242496,1.2498396222470178,22.76051858366347,-0.0371120525966695,-0.26887601360505653,-0.5530749149207841,1.4087864382256776,1.462686547141471,-0.3161280660178807,0.6467750301849814
2024-07-01 00:00:00-04:00,2024-08-01 00:00:00-04:00,AXP,1,0.5608753530924575,True,0.0958813534696974,0.0127192657401074,0.08316208772959,0.21447343885925946,0.6515735944522677,20.332500282770045,-0.047432867295340686,-0.5407717746697029,-0.06236969748272455,-0.23866915288101948,-0.608490713329158,-1.4822863095506433,-1.3765631648369934
2024-07-01 00:00:00-04:00,2024-08-01 00:00:00-04:00,GS,2,0.4351458316693251,True,0.122087484710269,0.0127192657401074,0.10936821897016161,0.20374550094837957,0.786641782009269,20.624272639006048,-0.03263687009946126,-0.3456842864082519,-0.5947556323015544,0.10693437569867034,-0.35016872011974653,-0.4788909862689979,0.1940140971396442
2024-07-01 00:00:00-04:00,2024-08-01 00:00:00-04:00,MSFT,3,0.434349034612046,True,-0.0638806439159538,0.0127192657401074,-0.0765999096560612,0.19065173600775917,1.3897495736969119,22.84691313902951,-0.01302871729979449,-0.3700874162329928,-1.2445483833521112,1.6501266305972553,1.6176562361609395,0.8508422217676187,-0.0024464814723330706
2024-07-01 00:00:00-04:00,2024-08-01 00:00:00-04:00,JPM,4,0.4144919226562553,True,0.0568987898284902,0.0127192657401074,0.0441795240883828,0.22727960673809053,0.5134961292607682,21.30290484681527,-0.012354149152906557,-0.398816583400178,0.5731507272490365,-0.5919726216743856,0.2506614162197792,0.8965882782761059,-0.23373438778765962
2024-07-01 00:00:00-04:00,2024-08-01 00:00:00-04:00,MMM,5,0.3597373555796106,False,0.2395490137093185,0.0127192657401074,0.2268297479692111,0.24250087041221552,0.3827882697610064,19.992334307586624,-0.02242328185252851,-0.19355758573047122,1.3285229858873495,-0.9264192317405204,-0.9096582189318078,0.21374679577591638,1.4187299369573418
2024-08-01 00:00:00-04:00,2024-09-03 00:00:00-04:00,MMM,1,0.8123643343264348,True,0.0488393871477028,0.0142968317604754,0.0345425553872274,0.4932740382274233,0.6754432261615205,20.2116109332601,0.0,-0.481560563464416,1.7816021420424688,-0.2690018069670904,-0.9920334639870539,0.5698723616448962,0.5104859677445509
2024-08-01 00:00:00-04:00,2024-09-03 00:00:00-04:00,AXP,2,0.8073914133743341,True,0.0075635216407654,0.0142968317604754,-0.006733310119710001,0.18312238541540038,0.7393839857731769,20.287595190463126,0.0,-0.7229415757817261,-0.5822911828713742,0.0023252391975697112,-0.8233831650497277,0.5698723616448962,-1.5409654811330042
2024-08-01 00:00:00-04:00,2024-09-03 00:00:00-04:00,GS,3,0.7935719406263337,True,0.0009257480944206,0.0142968317604754,-0.0133710836660548,0.19891756737551947,0.7413974813121643,20.864697023680208,0.0,-0.593435210782586,-0.4619045111809448,0.010869332204553475,0.4575189622065074,0.5698723616448962,-0.44031544422329016
2024-08-01 00:00:00-04:00,2024-09-03 00:00:00-04:00,JPM,4,0.595950277943496,True,0.0426828730006105,0.0142968317604754,0.0283860412401351,0.20744552177749614,0.44011694871719004,21.31441473776541,-0.01876697617484957,-0.47996420345352653,-0.3969067131578583,-1.2675883757174498,1.455686605212181,0.02959554666542201,0.5240531287479375
2024-08-01 00:00:00-04:00,2024-09-03 00:00:00-04:00,CAT,5,0.4692044397865726,False,0.0170663314813459,0.0142968317604754,0.0027694997208705004,0.2148463284777917,1.0978384649291801,20.614506786182552,-0.08020803753271932,-0.4302291603040136,-0.3404997348322921,1.52339561128242,-0.0977889383818832,-1.7392126316001104,0.9467418288638051
2024-09-03 00:00:00-04:00,2024-10-01 00:00:00-04:00,MMM,1,0.6836724971450587,True,0.0224796144117684,0.0262079650841107,-0.0037283506723423017,0.48343095351477705,0.6473605273829498,19.86978103328001,0.0,-0.33729865374216517,1.7520203777203402,-0.13976849391934304,-1.2775467771435678,0.447213595499958,0.7562520223971914
2024-09-03 00:00:00-04:00,2024-10-01 00:00:00-04:00,AXP,2,0.5592477952037964,True,0.0606404010635734,0.0262079650841107,0.0344324359794627,0.2504666756960639,0.9030282055198394,20.190901650817942,-0.004579737096188419,-0.47832938458583496,-0.2295864099319984,0.8840972442437621,-0.6491169208548951,-1.788854381999832,-1.5669839164304724
2024-09-03 00:00:00-04:00,2024-10-01 00:00:00-04:00,GS,3,0.5283431341334743,True,-0.0254005208729845,0.0262079650841107,-0.051608485957095204,0.24711333319399195,0.9287842807959404,20.50985580106728,0.0,-0.40403606236136125,-0.25811012320532617,0.9872419327586328,-0.02492681951333593,0.447213595499958,-0.3431306812222783
2024-09-03 00:00:00-04:00,2024-10-01 00:00:00-04:00,WMT,4,0.5044697585490965,False,0.0433206396668452,0.0262079650841107,0.017112674582734497,0.19409441491903398,0.3157216638683146,20.947564385148652,0.0,-0.32951297979488037,-0.7090919188323725,-1.4678740732807727,0.8316645283096789,0.447213595499958,0.8845074559053427
2024-09-03 00:00:00-04:00,2024-10-01 00:00:00-04:00,JPM,5,0.4824143733208297,True,-0.0602789522730973,0.0262079650841107,-0.086486917357208,0.21218270690351113,0.6164146597142904,21.09486276285597,0.0,-0.3668554563615689,-0.5552319257506431,-0.26369660980227927,1.1199259892021132,0.447213595499958,0.2693551193502157
2024-10-01 00:00:00-04:00,2024-11-01 00:00:00-04:00,WMT,1,0.5524000994980325,True,0.0229301730196853,-0.0036275018480911,0.0265576748677764,0.19974432132203576,0.280890942586785,21.05149179421779,-0.007985291107141967,-0.3523383152625479,-0.726587061317477,-1.3176198868675681,1.3286193146870822,-0.0432184072751805,-1.3351212202034488
2024-10-01 00:00:00-04:00,2024-11-01 00:00:00-04:00,MMM,2,0.5340082650774975,True,-0.0553676433697573,-0.0036275018480911,-0.0517401415216662,0.4867079584831095,0.7018109295634914,19.986651145182673,-0.01964991394140192,-0.16797159201126166,1.6519951819985403,-0.1374837274069066,-1.389216936661607,-1.4646281463918278,0.4423142719783036
2024-10-01 00:00:00-04:00,2024-11-01 00:00:00-04:00,AXP,3,0.4575723200850858,True,0.0063828064610387,-0.0036275018480911,0.0100103083091298,0.27209927980514664,0.9360098141169045,20.379596251749895,0.0,-0.2942008573122099,-0.12685177371658285,0.5191412386632622,-0.3862871026191325,0.9298409629803395,-0.774631890221098
2024-10-01 00:00:00-04:00,2024-11-01 00:00:00-04:00,IBM,4,0.3879745932260192,False,-0.0582876754249122,-0.0036275018480911,-0.0546601735768211,0.18473852032461544,0.6050439100566233,20.553057407114345,-0.01051791797617685,-0.11433880846982647,-0.850967042531485,-0.4087900618566651,0.05644488425375222,-0.35183537229367046,0.9593751131644757
2024-10-01 00:00:00-04:00,2024-11-01 00:00:00-04:00,CAT,5,0.3337726992384111,False,-0.0302647362685125,-0.0036275018480911,-0.026637234420421402,0.2937263689405545,1.2304811361442556,20.683915697652182,0.0,-0.14040639702843838,0.05241069556700577,1.3447524374678779,0.3904398403399232,0.9298409629803395,0.7080637252817682
2024-11-01 00:00:00-04:00,2024-12-02 00:00:00-05:00,MMM,1,0.6487849800637611,True,0.0449144452524865,0.055397994127027,-0.010483548874540498,0.1976762170750407,0.8036321477670466,20.02336477333243,-0.07867172174257808,-0.6174645988161727,-0.9996264281789932,0.1410230524897474,-1.3142662307097033,-1.4622809780085293,-1.727391774844215
2024-11-01 00:00:00-04:00,2024-12-02 00:00:00-05:00,WMT,2,0.4749375833518037,True,0.1246819017396601,0.055397994127027,0.06928390761263309,0.19713987717699677,0.2572664003328731,20.639253222816674,-0.015851886847725538,-0.2744765891629739,-1.0237861434970557,-1.5557505466912556,0.091019072640718,0.7755688667038563,0.154908407158985
2024-11-01 00:00:00-04:00,2024-12-02 00:00:00-05:00,GS,3,0.3748041317965962,False,0.1750230127204275,0.055397994127027,0.1196250185934005,0.24083882099091306,1.079514610486797,20.662344687325966,-0.022779592625128853,-0.26811300023245166,0.944655969600645,0.997793597528916,0.14370734067841312,0.5287811232447369,0.18983144897093324
2024-11-01 00:00:00-04:00,2024-12-02 00:00:00-05:00,AXP,4,0.3405851422915777,True,0.1245316383552821,0.055397994127027,0.0691336442282551,0.24269895894938984,0.9826441833267727,20.436518184638906,-0.05493746173072289,-0.1748125895638153,1.0284468710290504,0.696956321183516,-0.371565620843927,-0.6167883056575922,0.7018592022446392
2024-11-01 00:00:00-04:00,2024-12-02 00:00:00-05:00,JPM,5,0.2998721773895325,False,0.1162551437577315,0.055397994127027,0.060857149630704495,0.22098454853416863,0.6680543506724385,21.235332524915044,-0.015875735648331335,-0.17865127166958805,0.050309731046350836,-0.2800224245109241,1.4511054382344992,0.7747192937175282,0.6807927164696572
2024-12-02 00:00:00-05:00,2025-01-02 00:00:00-05:00,MMM,1,0.7694069986670948,True,-0.0242641312497282,-0.0192318973463662,-0.005032233903362,0.23102136830158904,0.9126495654094536,19.77232015877427,-0.037290846688841195,-0.7727476204454774,-0.5433309795541461,0.047237839745756655,-1.4628508291821711,-1.7828985254183218,-1.6676395597097935
2024-12-02 00:00:00-05:00,2025-01-02 00:00:00-05:00,WMT,2,0.5895470845460471,True,-0.0284490274182378,-0.0192318973463662,-0.0092171300718716,0.17148947952000498,0.2869468500949197,21.092028549950747,0.0,-0.3918259410458971,-1.3526937557614207,-1.5884750357969397,0.474768191247478,0.5260631078701887,0.06508495549963322
2024-12-02 00:00:00-05:00,2025-01-02 00:00:00-05:00,GS,3,0.5868973732818907,True,-0.0471873981196512,-0.0192318973463662,-0.027955500773284996,0.3554653564170219,1.3086976765356744,21.05314188129744,0.0,-0.3942076060920119,1.1485409526962094,1.0825873417498695,0.4176741018807914,0.5260631078701887,0.05425131269168053
2024-12-02 00:00:00-05:00,2025-01-02 00:00:00-05:00,AXP,4,0.3991408580395077,True,-0.020280003551636,-0.0192318973463662,-0.0010481062052697977,0.27112698492807685,1.1024609815388067,20.414320534208642,-0.0029127231279639787,-0.21810027896964423,0.0019228983029962738,0.5434430977518723,-0.5202546110466854,0.34571413357689634,0.8553227652115567
2024-12-02 00:00:00-05:00,2025-01-02 00:00:00-05:00,JPM,5,0.3714513524920497,True,-0.0345822707395827,-0.0192318973463662,-0.015350373393216498,0.3258245509374276,0.8621442423193943,21.511513357207846,-0.002277297819576418,-0.25378955198345965,0.7455608843163614,-0.08479324345055897,1.0906631471005925,0.38505817610104826,0.6929805263069251
2025-01-02 00:00:00-05:00,2025-02-03 00:00:00-05:00,WMT,1,0.5402742270535144,True,0.0754611971308212,0.0055649024539221,0.06989629467689909,0.1788375038481792,0.3671868265361619,21.24036831648473,-0.05381212878225361,-0.426084377521162,-0.8086063574555974,-1.535358170971574,0.14525591234549506,-0.35397727499489784,-0.7086562301101248
2025-01-02 00:00:00-05:00,2025-02-03 00:00:00-05:00,AAPL,2,0.4885462157028499,False,-0.0760856098048489,0.0055649024539221,-0.081650512258771,0.16783415233938037,0.8934682984563124,23.169389223233924,-0.033202016135922996,-0.38030337724264207,-0.9673539314207108,-0.14078630154965777,1.6184701585288042,0.8783806857464015,-0.2929994104123756
2025-01-02 00:00:00-05:00,2025-02-03 00:00:00-05:00,GS,3,0.4198810864341062,True,0.0805959478070537,0.0055649024539221,0.0750310453531316,0.337533480975863,1.355995101638871,20.766036895608178,-0.054411570152157585,-0.24588695966499352,1.480932547749574,1.0848446639841423,-0.216996152524719,-0.38982018167257454,0.9273998885453685
2025-01-02 00:00:00-05:00,2025-02-03 00:00:00-05:00,MMM,4,0.4151477939957975,True,0.1449839823265475,0.0055649024539221,0.1394190798726254,0.2246826228070094,0.9192175506161556,19.721939506511063,-0.06930183754601027,-0.4682885878899843,-0.147189569394557,-0.07255440543187612,-1.0143846840014574,-1.280166579834934,-1.091838505574521
2025-01-02 00:00:00-05:00,2025-02-03 00:00:00-05:00,AXP,5,0.327435496773613,True,0.0430799713420713,0.0055649024539221,0.037515068888149206,0.2655364822987061,1.197122347529643,20.353120055211416,-0.028733284484337762,-0.2195968413363587,0.4422173105212924,0.6638542139689644,-0.5323452343481228,1.1455833507560054,1.1660942575516529
2025-02-03 00:00:00-05:00,2025-03-03 00:00:00-05:00,WMT,1,0.6680607125133438,True,0.0125039395998132,0.0059223891656297,0.006581550434183499,0.17580532870550628,0.3693879972170269,21.05096140081205,-0.004966993181925172,-0.46392975834434713,-1.369647045460423,-1.2368055241238651,0.12295601142555733,0.7519577939356656,-1.1408846967333905
2025-02-03 00:00:00-05:00,2025-03-03 00:00:00-05:00,MMM,2,0.6050427081745196,True,0.0475067856461572,0.0059223891656297,0.0415843964805275,0.2284385539561176,0.7398195510464204,20.284273838488247,-0.01424873217529965,-0.4214004774980882,-0.6502150350564216,-0.3725422700396157,-1.361272657579683,-1.4282093627986312,-0.7139335760441367
2025-02-03 00:00:00-05:00,2025-03-03 00:00:00-05:00,IBM,3,0.5797224807231136,False,0.0159948867881782,0.0059223891656297,0.010072497622548499,0.32828845916221727,0.8078045514500644,20.74571902376566,-0.009950793641762767,-0.35501525566981584,0.7146114162779268,-0.21392474118613813,-0.46796199647114406,-0.4186760803858674,-0.04749284878978011
2025-02-03 00:00:00-05:00,2025-03-03 00:00:00-05:00,GS,4,0.526324024891788,True,-0.000820824893686,0.0059223891656297,-0.0067432140593157,0.35386374849370006,1.5295622484239824,21.181182677180303,-0.008208093543887074,-0.298788062570454,1.0641944359922462,1.4700264487125634,0.3750510775231434,-0.009337106284320697,0.5169715068094827
2025-02-03 00:00:00-05:00,2025-03-03 00:00:00-05:00,JPM,5,0.41767464463289,False,0.0082878921310813,0.0059223891656297,0.0023655029654516,0.2936434384795151,1.0508994302898034,21.675101596631304,-0.0034670984362420443,-0.21228853287897698,0.24105622824667158,0.35324608663705603,1.3312275651021264,1.1042647555331544,1.3853396147578236
2025-03-03 00:00:00-05:00,2025-04-01 00:00:00-04:00,MMM,1,0.5966664126312824,True,-0.0630223735470129,-0.0621507302691362,-0.0008716432778766992,0.20689648940603111,0.8207835148017865,20.088582616388422,0.0,-0.39353505826202495,-0.5454521457691052,-0.10117561031692958,-1.6537365037693887,1.2352333981016832,-0.47827092834838214
2025-03-03 00:00:00-05:00,2025-04-01 00:00:00-04:00,WMT,2,0.5238344022677,True,-0.1040989142649826,-0.0621507302691362,-0.041948183995846405,0.24225393688420932,0.3706184534248943,21.417691446531453,-0.06130415267177147,-0.41596621314377735,0.059745060762231905,-1.0781926947171407,1.0092974803587593,-0.7667485026709244,-1.0170913188139714
2025-03-03 00:00:00-05:00,2025-04-01 00:00:00-04:00,IBM,3,0.5228380468531655,True,-0.0263405264875606,-0.0621507302691362,0.0358102037815756,0.3242605474180232,0.7355465401641714,20.951139160740595,-0.04646057900799361,-0.3990515962960226,1.4634145887392744,-0.28616993259689544,0.0745022519649963,-0.28200865190137414,-0.61078408663944
2025-03-03 00:00:00-05:00,2025-04-01 00:00:00-04:00,CSCO,4,0.4174022565587592,False,-0.0467464096083826,-0.0621507302691362,0.015404320660753604,0.1672836024480027,0.7838122957866164,20.957296934179485,-0.011715601422999544,-0.3185449433136336,-1.2234877574867324,-0.1814162058408036,0.08684011291545018,0.852642317672137,1.3230720355139838
2025-03-03 00:00:00-05:00,2025-04-01 00:00:00-04:00,GS,5,0.3832184804930987,True,-0.1271688342869179,-0.0621507302691362,-0.06501810401778169,0.25312267437064107,1.626242380898979,21.155066875125602,-0.06964459553238633,-0.3410251112765603,0.24578025375433182,1.6469544434717687,0.48309665853019,-1.0391185612015217,0.7830742982878068
2025-04-01 00:00:00-04:00,2025-05-01 00:00:00-04:00,IBM,1,0.4895871143742236,True,-0.0265694460325675,0.0052381869973223,-0.0318076330298898,0.3498031389264968,0.8056101560477384,20.884916232224896,-0.06073872483036458,-0.37652440230493833,1.4081494594424069,0.6084763391359825,-0.3226513614195345,0.21303336821754995,-1.0645620941869378
2025-04-01 00:00:00-04:00,2025-05-01 00:00:00-04:00,MMM,2,0.4458579811589269,True,-0.0509267085403435,0.0052381869973223,-0.0561648955376658,0.2540854406136113,0.8497620780234034,20.210380040341406,-0.05324914092266564,-0.32080483174852814,0.03207993388413386,1.0236574973737875,-1.4914062593303452,0.3586414476687634,-0.1006043894348227
2025-04-01 00:00:00-04:00,2025-05-01 00:00:00-04:00,CSCO,3,0.3306992041917049,True,-0.0523661437349596,0.0052381869973223,-0.0576043307322819,0.18814531039433585,0.7819344554376703,21.07441269580908,-0.04871288375749294,-0.2948455585861376,-0.9158973504157961,0.3858426606565404,0.0056852387744068264,0.44683268791091135,0.34849529178611166
2025-04-01 00:00:00-04:00,2025-05-01 00:00:00-04:00,V,4,0.3219641077593891,False,-0.0138681892027237,0.0052381869973223,-0.019106376200046002,0.18346440046249912,0.6809761949091498,21.67090520723071,-0.033773653901616685,-0.22804477430983305,-0.9831916713472101,-0.5635150493658642,1.0392154669219968,0.7372723965252033,1.5041598104391485
2025-04-01 00:00:00-04:00,2025-05-01 00:00:00-04:00,WMT,5,0.3034415622780153,True,0.108293267472274,0.0052381869973223,0.1030550804749517,0.2837717095778574,0.5862296123928684,21.515043385826928,-0.16200777685616052,-0.3547284541796778,0.4588596284364646,-1.4544614478004485,0.7691569150534637,-1.7557799003224275,-0.6874886186034977
2025-05-01 00:00:00-04:00,2025-06-02 00:00:00-04:00,WMT,1,0.4078094709679003,True,0.0212222352703601,0.048878246737126,-0.027656011466765898,0.37331466981282235,0.7088855934066411,21.500958964486482,-0.0717082453314255,-0.4042722436375237,0.59151970869726,0.5771451526920631,0.7122006146636326,-0.7613971832806619,-1.47404393628586
2025-05-01 00:00:00-04:00,2025-06-02 00:00:00-04:00,V,2,0.3281142340355374,True,0.0514858014154526,0.048878246737126,0.0026075546783266013,0.309103924991737,0.7659399213776432,21.621803906977167,-0.047448432471201674,-0.29774182620937606,-0.29417906629129736,0.8396696198723629,0.8803985489765739,-0.11973193501687379,-0.4517176515091613
2025-05-01 00:00:00-04:00,2025-06-02 00:00:00-04:00,IBM,3,0.2924043488517589,True,0.075073973262699,0.048878246737126,0.026195726525573004,0.4321249545299579,0.6923066800864607,20.99658900322677,-0.08657533540535711,-0.22766625689205555,1.4027265756450276,0.5008604861191636,0.01019369683236838,-1.1546275473487468,0.22076724213267518
2025-05-01 00:00:00-04:00,2025-06-02 00:00:00-04:00,TRV,4,0.2503413045733633,False,0.0445447232330871,0.048878246737126,-0.0043335235040389,0.2887135183189288,0.5185957055139443,19.80531006545177,-0.0037718112326071696,-0.18745818717237706,-0.5754366387107709,-0.29843700216600966,-1.6478869178339475,1.0355024508318722,0.6066266757755248
2025-05-01 00:00:00-04:00,2025-06-02 00:00:00-04:00,MCD,5,0.244401840518952,False,-0.0021000522519812,0.048878246737126,-0.0509782989891072,0.2488984559355589,0.23154654487883056,21.021663818076654,-0.0051044618814468645,-0.13621684265324352,-1.1246305793402174,-1.6192382565175816,0.04509405736135784,1.0002542148144105,1.0983676698868208
2025-06-02 00:00:00-04:00,2025-07-01 00:00:00-04:00,V,1,0.3560453716691165,True,-0.024671252919548,0.0517595100214076,-0.0764307629409556,0.3088321804612387,0.7504504100105596,21.363058069271236,-0.007366133576442002,-0.3475361469398015,-0.7076030120945057,-0.3870019284748487,1.050415194703374,1.31502193284363,-1.5177513295763896
2025-06-02 00:00:00-04:00,2025-07-01 00:00:00-04:00,IBM,2,0.3314056442599982,True,0.1423307576098942,0.0517595100214076,0.09057124758848659,0.3497508652664396,0.6914438642614187,20.641551787560836,-0.034834854091107315,-0.29835262319873035,-0.14751834163298866,-0.7583262497927119,-1.3521490856236054,-0.22856219340329406,-0.061365503860027426
2025-06-02 00:00:00-04:00,2025-07-01 00:00:00-04:00,WMT,3,0.3063220221463534,True,-0.0125455666368656,0.0517595100214076,-0.0643050766582732,0.329487924393459,0.6987591609285402,21.327492771163833,-0.05539812797316579,-0.3000301160364336,-0.42487238210259043,-0.712291567781229,0.9319852973926169,-1.3840999306294273,-0.11103817075623044
2025-06-02 00:00:00-04:00,2025-07-01 00:00:00-04:00,CSCO,4,0.2696040116036349,False,0.1060098470851806,0.0517595100214076,0.054250337063773,0.32596683101888996,0.8448193455451048,20.94588383386512,-0.021722115358663974,-0.2797292477548323,-0.47306822299406154,0.2068555918387244,-0.3387451522910145,0.5082983148324812,0.4900960011406419
2025-06-02 00:00:00-04:00,2025-07-01 00:00:00-04:00,DIS,5,0.2490747383625229,False,0.1006980625197571,0.0517595100214076,0.048938552498349504,0.48860352516390937,1.0742685137028982,20.96006999404667,-0.03451624373489326,-0.2557531271807296,1.7530619588241447,1.6507641542100675,-0.29150625418137105,-0.21065812364338934,1.2000590030520037
2025-07-01 00:00:00-04:00,2025-08-01 00:00:00-04:00,GS,1,0.46260925062036,False,0.0035452547857017,0.0161268179234199,-0.012581563137718202,0.42881507991975737,1.3138927479944456,21.02071841228866,0.0,-0.15299481828013506,0.5123663693785733,1.1533206355945758,-0.39772719239624893,0.447213595499958,0.7726105834812379
2025-07-01 00:00:00-04:00,2025-08-01 00:00:00-04:00,JPM,2,0.4034870099484264,False,0.0031249835075748,0.0161268179234199,-0.013001834415845102,0.3299224783602933,0.9400901761291016,21.572653123355472,0.0,-0.2023517235643526,-0.6023359007091525,-0.26478216551462813,1.3019594399980992,0.447213595499958,-1.1184509005558763
2025-07-01 00:00:00-04:00,2025-08-01 00:00:00-04:00,BA,3,0.3764945283077499,False,0.0474940188460246,0.0161268179234199,0.0313672009226047,0.5189957748432045,1.245026325418133,21.363269566605634,-0.03668794965322053,-0.16750484663368703,1.5288693611500026,0.8920606173167478,0.6571613772652736,-1.788854381999832,0.21667305875837692
2025-07-01 00:00:00-04:00,2025-08-01 00:00:00-04:00,IBM,4,0.3609041070412722,True,-0.1464606171452261,0.0161268179234199,-0.162587435068646,0.31671705561171926,0.6880419009770973,20.73466459141609,0.0,-0.14474980529902548,-0.7511854049509071,-1.220983090575569,-1.2786318460330326,0.447213595499958,1.0885101803902852
2025-07-01 00:00:00-04:00,2025-08-01 00:00:00-04:00,CSCO,5,0.3458032845752794,True,-0.0211015497745222,0.0161268179234199,-0.037228367697942105,0.3223479855131918,0.8623739172449933,21.058050824692078,0.0,-0.19819898845225725,-0.6877144248685186,-0.5596159968211264,-0.2827617788340583,0.447213595499958,-0.9593429220740248
2025-08-01 00:00:00-04:00,2025-09-02 00:00:00-04:00,GS,1,0.4327414101794755,True,0.041972681711913,0.0178828919343241,0.0240897897775889,0.21766065050716518,1.3124210651207826,21.1018928602843,-0.011462045589253012,-0.10464902738397486,-0.25599007389659806,0.9593274543558842,-0.44857391351736914,0.5278564176839319,-0.31556171731444793
2025-08-01 00:00:00-04:00,2025-09-02 00:00:00-04:00,BA,2,0.4311335023504403,True,0.0539075051062536,0.0178828919343241,0.036024613171929495,0.2765884580761159,1.2998371632027816,21.308311812126327,-0.06163024871419165,-0.22048086271074885,0.9931637352345853,0.8966677888931759,-0.21963322194127322,-1.459978829770065,-1.1835743588477945
2025-08-01 00:00:00-04:00,2025-09-02 00:00:00-04:00,JPM,3,0.3541786949602936,True,0.0339531250459703,0.0178828919343241,0.0160702331116462,0.17026922052567223,0.9655893517014635,21.67318511201504,-0.011314128793398992,-0.13732321775362877,-1.260595331139326,-0.767669408487178,0.18505028637390758,0.5337173854319059,-0.5604133180226263
2025-08-01 00:00:00-04:00,2025-09-02 00:00:00-04:00,DIS,4,0.2643162776207588,False,-0.0048473460921666,0.0178828919343241,-0.0227302380264907,0.2789573058378936,1.159017478267887,20.514564496894323,-0.039512966793519566,0.050889258863811904,1.0433786562871654,0.19547714023098506,-1.0999838761048244,-0.5836167150995932,0.8500003954211038
2025-08-01 00:00:00-04:00,2025-09-02 00:00:00-04:00,MSFT,5,0.2533529323343046,False,-0.0630043691405576,0.0178828919343241,-0.0808872610748817,0.20520822766225785,0.8619345662899277,22.933740240829994,0.0,0.09886917600048961,-0.5199569864858278,-1.2838029749928699,1.583140725189567,0.9820217417538206,1.209548998763765
2025-09-02 00:00:00-04:00,2025-10-01 00:00:00-04:00,BA,1,0.5328542346177758,True,-0.0746714128485496,0.0431507211904504,-0.11782213403899999,0.28132376144429244,1.312679481927544,21.03345013592652,-0.007317841713672779,-0.40088440833479955,1.4120015845045757,0.9662431913934177,-0.1980081303487374,0.4628202939608035,-1.6715226865432837
2025-09-02 00:00:00-04:00,2025-10-01 00:00:00-04:00,GS,2,0.2610593260392919,True,0.0777169186259121,0.0431507211904504,0.034566197435461694,0.20763434607262585,1.3239499474857461,20.856053010183462,-0.002636362204737508,-0.013262668052036908,-0.004351078067646205,1.0220768650529994,-0.35004173253567616,0.6772476671502469,0.936703499054969
2025-09-02 00:00:00-04:00,2025-10-01 00:00:00-04:00,JPM,3,0.2238264652086059,True,0.0456605408345776,0.0431507211904504,0.0025098196441271994,0.16662434770091206,0.9768868163184997,21.400738702068995,0.0,-0.0765835367490153,-0.7925866759876252,-0.6972673363728616,0.11676700210519037,0.7980018478016462,0.5106305246397305
2025-09-02 00:00:00-04:00,2025-10-01 00:00:00-04:00,MSFT,4,0.2165386846951016,True,0.0286330249521971,0.0431507211904504,-0.014517696238253303,0.15174721841222388,0.8677277900569734,23.109934844502906,-0.052492323668188234,-0.11409065786743966,-1.0785336002940233,-1.2380390922342077,1.5815891929372152,-1.606321626283068,0.25825289644963806
2025-09-02 00:00:00-04:00,2025-10-01 00:00:00-04:00,MMM,5,0.2107764961072087,False,0.0032478713061223,0.0431507211904504,-0.0399028498843281,0.2319739372580109,1.1069344874970346,19.922281542791932,-0.024665235314944356,-0.1575333912048944,0.46346976984471855,-0.053013627839350104,-1.1503063321580012,-0.3317481826296288,-0.03406423360105332
2025-10-01 00:00:00-04:00,2025-11-03 00:00:00-05:00,INTC,1,0.6413893522731928,False,0.2004175802372052,0.0339280057208404,0.1664895745163648,0.6925761964408537,1.5027016122968766,22.10837977731532,-0.05492959895604088,-0.17311807538218615,1.7808711034327345,0.9640639719893781,1.4417602250402852,-1.7457856522878885,-0.029131043242242124
2025-10-01 00:00:00-04:00,2025-11-03 00:00:00-05:00,GS,2,0.3911764177650505,True,-0.0051031531866412,0.0339280057208404,-0.0390311589074816,0.20729003287805792,1.284646130816296,21.02122777306876,-0.012364875467562597,-0.2579021642351351,-0.3947135624961532,0.5475345173410457,-0.6986160148478995,0.06344666387231883,-1.1899580141772006
2025-10-01 00:00:00-04:00,2025-11-03 00:00:00-05:00,JPM,3,0.3183716618596903,True,-0.0046437382777473,0.0339280057208404,-0.0385717439985877,0.1702083105377301,0.944750546253759,21.699475071832953,-0.0019932609359234466,-0.22698504100532513,-0.5609544994261644,-0.10173383176861896,0.6367118853653848,0.5042967069009717,-0.766654172684837
2025-10-01 00:00:00-04:00,2025-11-03 00:00:00-05:00,CAT,4,0.3155585066079036,False,0.2185072697289451,0.0339280057208404,0.1845792640081047,0.22419469721634488,1.1209813465456535,20.926719129600695,0.0,-0.09050515183871122,-0.31892832220196327,0.23490214105538573,-0.8846838822233531,0.589021140757299,1.1019692739809905
2025-10-01 00:00:00-04:00,2025-11-03 00:00:00-05:00,JNJ,5,0.304370107172019,False,0.0161291106248822,0.0339280057208404,-0.0177988950959582,0.1824051885233782,0.13696422340980452,21.124562099270438,0.0,-0.10644162788530487,-0.5062747193084526,-1.6447667986171906,-0.4951722133344104,0.589021140757299,0.8837739561232888
2025-11-03 00:00:00-05:00,2025-12-01 00:00:00-05:00,INTC,1,1.0581575424789995,True,-0.0096894258297748,-0.0100049078391443,0.00031548200936949884,0.6748029392914149,1.5989086048542724,22.22119598272009,-0.03708155901988086,-0.007388225634548551,1.6599935590697763,0.9846136063400707,0.5073137558164804,-0.7013341295255219,1.5349060016320522
2025-11-03 00:00:00-05:00,2025-12-01 00:00:00-05:00,CAT,2,0.5718200175351136,True,-0.0095845080269396,-0.0100049078391443,0.00042039981220469945,0.33992184872587067,1.195372742910144,21.25629935976094,-0.014056569666711205,-0.2369839078820275,0.15910950418368608,0.3075940830094983,-0.6351112817771942,1.1565929686004022,-0.6378603498875521
2025-11-03 00:00:00-05:00,2025-12-01 00:00:00-05:00,JNJ,3,0.2712676266819382,True,0.0995296712488029,-0.0100049078391443,0.1095345790879472,0.11984891051104044,0.07761627829065347,21.156688779068585,-0.025036177596783116,-0.15891771627486162,-0.8272225796038936,-1.5676864564463182,-0.7530489122802405,0.270628993235059,0.10091484246341224
2025-11-03 00:00:00-05:00,2025-12-01 00:00:00-05:00,MSFT,4,0.2544097235706353,False,-0.0585901517173714,-0.0100049078391443,-0.0485852438782271,0.16108928837179792,0.8144531644032148,23.086874088340732,-0.044754455176012065,-0.28610761147557817,-0.6423897320873105,-0.33148168642917875,1.5322653608129813,-1.3204736857234032,-1.1027398684624776
2025-11-03 00:00:00-05:00,2025-12-01 00:00:00-05:00,GS,5,0.2515709331606137,True,0.0367542108595198,-0.0100049078391443,0.0467591186986641,0.22644165833298702,1.373809349537286,21.242525863020603,-0.021021432742683088,-0.15850935215759865,-0.3494907515622589,0.6069604535259275,-0.6514189225720397,0.5945858534134641,0.10477937425456588
2025-12-01 00:00:00-05:00,2026-01-02 00:00:00-05:00,INTC,1,0.7092289151164737,True,-0.0524335203358005,0.0131498937288176,-0.0655834140646181,0.6802504540075163,2.020273302719524,21.780739523705684,-0.023356547905544645,-0.043520465922483265,1.6747518868060312,1.3018802363676822,0.07603377878895855,0.1859534083384684,1.3131810441663414
2025-12-01 00:00:00-05:00,2026-01-02 00:00:00-05:00,CAT,2,0.6930360923907999,True,0.0125875580057712,0.0131498937288176,-0.0005623357230463994,0.34036550056744796,1.182960546682269,21.07464697946098,-0.01661845004873408,-0.31509078661219103,0.10696747624681983,0.14076056829268455,-0.7004965614604906,0.3796821471889348,-1.0528514160084317
2025-12-01 00:00:00-05:00,2026-01-02 00:00:00-05:00,GS,3,0.3411775719579488,True,0.0852592967732839,0.0131498937288176,0.0721094030444663,0.24455171620394595,1.3168598247316168,21.14603709338285,-0.01541180024342692,-0.23277113645353165,-0.33499194537926213,0.32644158672114726,-0.6219847716022676,0.41437483791322277,-0.33564872651364724
2025-12-01 00:00:00-05:00,2026-01-02 00:00:00-05:00,JNJ,4,0.2820294730120676,True,0.0015496602443296,0.0131498937288176,-0.011600233484488,0.1361005047490299,0.044062693066202016,21.294778601528154,-0.003083364532000532,-0.10669626889962447,-0.8352439185966022,-1.4385736628260597,-0.45840523111464043,0.7688327803664669,0.7627674343068486
2025-12-01 00:00:00-05:00,2026-01-02 00:00:00-05:00,MSFT,5,0.2459953350656381,True,-0.0082917257658194,0.0131498937288176,-0.021441619494637,0.18461023558825126,0.8431163388635737,23.26181102454943,-0.0906508934986483,-0.27315026664787767,-0.6114834990769867,-0.33050872855545377,1.704852785388436,-1.7488431738070926,-0.6874483359511111
2026-01-02 00:00:00-05:00,2026-02-02 00:00:00-05:00,CAT,1,0.7527206087640408,True,0.1450401581965366,0.0056437867781864,0.1393963714183502,0.3709540917760304,1.3828123611966567,21.090490840706966,-0.08430164618501634,-0.5578536383286568,0.4868498930909155,0.27907749775356244,-0.26410256435232793,-0.27455973069318,-0.6365209875612534
2026-01-02 00:00:00-05:00,2026-02-02 00:00:00-05:00,INTC,2,0.6734695148587222,True,0.2081016816280161,0.0056437867781864,0.2024578948498297,0.49765556089544477,1.9908871174154437,21.708472451872247,-0.1567641009775511,-0.6467582478622764,1.4523257590591891,1.1256337404043033,1.3519993501094196,-1.641807900631929,-1.1327717330870013
2026-01-02 00:00:00-05:00,2026-02-02 00:00:00-05:00,GS,3,0.6273369905387438,True,0.0544456805537805,0.0056437867781864,0.048801893775594095,0.2508846515727262,1.361724317563127,21.30199762025233,-0.035158034669771854,-0.5027714358944335,-0.42808935396196646,0.24971891182201214,0.2890150449246914,0.6526999529702151,-0.3290612937773584
2026-01-02 00:00:00-05:00,2026-02-02 00:00:00-05:00,JNJ,4,0.380692838782964,True,0.1039552063127939,0.0056437867781864,0.0983114195346075,0.15470441599423457,0.026216878888827712,21.20803092282073,-0.033711555539114535,-0.26129502805158844,-1.1609908497343462,-1.6095626119606377,0.04327996661304551,0.6799926516499396,1.0188198571271527
2026-01-02 00:00:00-05:00,2026-02-02 00:00:00-05:00,AXP,5,0.3792449687793278,False,-0.0518268175765028,0.0056437867781864,-0.0574706043546892,0.26111995911232583,1.1501251648456619,20.64841359271202,-0.03881627002822807,-0.25041790353640314,-0.3500954484537916,-0.04486753801924054,-1.4201917972947822,0.5836750267049545,1.0795341572984605
2026-02-02 00:00:00-05:00,2026-03-02 00:00:00-05:00,INTC,1,1.3119403153615865,True,-0.0313390372934928,-0.0157776454801544,-0.015561391813338401,0.7509194736464916,1.907284612184887,22.649678767535434,-0.14451396388481696,-1.1878474017384573,1.742960256279488,1.1000439507520745,1.700705029005381,-1.7323722173757432,-1.2459840951353174
2026-02-02 00:00:00-05:00,2026-03-02 00:00:00-05:00,CAT,2,1.1444427900618463,True,0.1116516705036692,-0.0157776454801544,0.1274293159838236,0.3111499719493686,1.412275159267622,21.18631600635441,-0.01184544222658912,-1.0190637909226679,-0.14705087084446988,0.4375450987761201,-0.6324121890706439,0.5482957232535428,-0.8507963159513479
2026-02-02 00:00:00-05:00,2026-03-02 00:00:00-05:00,GS,3,0.7346183849129881,True,-0.0940955575624855,-0.0157776454801544,-0.0783179120823311,0.26911915355473665,1.350856442489567,21.56665069593763,-0.04145058676669322,-0.5341392496665043,-0.3276880322242774,0.35534499307006107,-0.026024329246980966,0.03936185419113631,0.2845997785188696
2026-02-02 00:00:00-05:00,2026-03-02 00:00:00-05:00,JNJ,4,0.4864464202386775,True,0.0972087460631587,-0.0157776454801544,0.1129863915433131,0.1698534879225653,-0.057706942576632766,21.435618054478446,-0.0020639835583947663,-0.2608682515299461,-0.7543051847602044,-1.52981420953145,-0.23493665094065963,0.7164460796328082,0.9244329847585272
2026-02-02 00:00:00-05:00,2026-03-02 00:00:00-05:00,CSCO,5,0.3804070731454279,False,0.0080644243842706,-0.0157776454801544,0.023842069864424997,0.22578742206655786,0.8140300322013614,21.076604016625467,-0.018827531106970108,-0.27653645778641356,-0.5139161684505356,-0.36311983306680684,-0.807331859747102,0.4282685602982558,0.8877476478092686
2026-03-02 00:00:00-05:00,2026-04-01 00:00:00-04:00,INTC,1,1.239077011843071,True,0.0180995299378212,-0.0339092644447434,0.0520087943825646,0.7503059129462345,2.0315297260455805,22.189817017359065,-0.16034608124827687,-0.966121436082527,1.6971173741580707,1.0559046331103836,1.5792436057120556,-1.3272714179229683,-1.315963314830137
2026-03-02 00:00:00-05:00,2026-04-01 00:00:00-04:00,CAT,2,1.1443891516952522,True,-0.0156648286836891,-0.0339092644447434,0.018244435761054303,0.3493094429186508,1.5435355756482152,21.6412643891138,-0.04150962786180712,-0.8303145467348048,-0.08439650429027433,0.5429586705901338,0.027940655650954688,0.3163458794176226,-0.800485722549686
2026-03-02 00:00:00-05:00,2026-04-01 00:00:00-04:00,MRK,3,0.6722400023084141,False,-0.0140447943889761,-0.0339092644447434,0.019864470055767303,0.24060395942534765,0.18192570137847452,21.210437540341914,-0.0008876146770365745,-0.49035200679626634,-0.5673442157587457,-0.8882721893815422,-1.1904346233141305,0.8781856316201925,0.489898531111917
2026-03-02 00:00:00-05:00,2026-04-01 00:00:00-04:00,JNJ,4,0.6609673127826889,True,-0.0144066550887187,-0.0339092644447434,0.019502609356024703,0.17197388903830002,-0.14820726902171333,21.548917169991434,0.0,-0.452515711720066,-0.8722482037290183,-1.2352853126407093,-0.233216626400046,0.8904621578457455,0.633512469847784
2026-03-02 00:00:00-05:00,2026-04-01 00:00:00-04:00,GS,5,0.4344625324690216,True,0.0237500060641413,-0.0339092644447434,0.057659270508884704,0.32933699275078476,1.5261595628158264,21.566485677452473,-0.11916666366698225,-0.3577956898057044,-0.17312845038003355,0.5246941983217343,-0.183533011648874,-0.7577222509605923,0.993038036420122
2026-04-01 00:00:00-04:00,2026-05-01 00:00:00-04:00,INTC,1,0.9700893669484234,True,1.071111043294271,0.1029973404891479,0.9681137028051231,0.7727861160916538,2.2654578080231325,22.085390910365614,-0.18759202290054355,-0.7669813870968472,1.5112389033904912,1.3475734926084368,1.3232280110292687,-1.629495453685996,-0.9879773518463196
2026-04-01 00:00:00-04:00,2026-05-01 00:00:00-04:00,CAT,2,0.8411855465047862,True,0.2445255007235589,0.1029973404891479,0.141528160234411,0.3865705014751671,1.617532597668269,21.354218190059616,-0.08585806883080283,-0.6139035502626362,-0.09106976485130945,0.644156864245634,0.2584235789044752,-0.29367334506497256,-0.5560805412675552
2026-04-01 00:00:00-04:00,2026-05-01 00:00:00-04:00,DOW,3,0.6384986180218442,False,-0.0156287470726979,0.1029973404891479,-0.1186260875618458,0.4901178757942527,0.8742045649385949,20.215054839889934,-0.005254253308389467,0.166354278991113,0.33852150273610604,-0.1628333410959536,-1.4005362680481919,0.7646985603486179,1.6453541984248945
2026-04-01 00:00:00-04:00,2026-05-01 00:00:00-04:00,JNJ,4,0.6308669500475856,True,-0.067345338191001,0.1029973404891479,-0.1703426786801489,0.15970717822874633,0.009361143630263758,21.33409301262135,-0.016575424460381627,-0.446922732993031,-1.0322670018010458,-1.1017460948461457,0.22911534907254683,0.6160454301464192,-0.08495758906197243
2026-04-01 00:00:00-04:00,2026-05-01 00:00:00-04:00,MRK,5,0.5591705939559386,True,-0.0707312687543639,0.1029973404891479,-0.1737286092435118,0.23342673332984537,0.35440510062929254,20.895071203001535,-0.022182246594598554,-0.4226020425898567,-0.7264236394742404,-0.7271509209119711,-0.4102306709581039,0.542424808255931,-0.016338716249046512
2026-05-01 00:00:00-04:00,2026-06-01 00:00:00-04:00,INTC,1,3.64503454514049,True,0.174141672622015,0.0472928909003491,0.1268487817216659,0.7941415255465297,2.552082064856281,23.0083546069856,-0.0028495687922576174,-2.703398629538276,1.4561489654429876,1.3866612347571632,1.4335185043058598,0.9310063775548764,-1.7508978856972959
2026-05-01 00:00:00-04:00,2026-06-01 00:00:00-04:00,CAT,2,1.065003553255962,True,-0.0408991833063631,0.0472928909003491,-0.0881920742067122,0.4271395929748426,1.776741346691656,21.319024628939403,0.0,-0.7244280110325807,-0.11907499858833834,0.6929129847930774,-0.19724058627773297,1.0085802997747084,0.11078210537106611
2026-05-01 00:00:00-04:00,2026-06-01 00:00:00-04:00,DOW,3,0.7633384417512812,True,-0.1549030054831187,0.0472928909003491,-0.2021958963834678,0.5346012010390778,0.07097828685533947,20.1473115291449,-0.032959050232741594,-0.2548855432598536,0.34216535251815156,-0.833345226456403,-1.3283291325519724,0.11133479156271088,0.5524954936523948
2026-05-01 00:00:00-04:00,2026-06-01 00:00:00-04:00,UNH,4,0.4217478094785809,False,0.0111570866158641,0.0472928909003491,-0.036135804284485,0.3551070381110766,0.5864911363636552,21.84257435948345,-0.0741617333402056,-0.14438581197767175,-0.42824886537619705,-0.37208203106150106,0.3081571119533397,-1.0103274554801185,0.6564460712015463
2026-05-01 00:00:00-04:00,2026-06-01 00:00:00-04:00,JNJ,5,0.4004897543476498,True,-0.0199788620620886,0.0472928909003491,-0.0672717529624377,0.16342143661854808,0.025377815840898005,21.29948174497949,-0.0752735327241254,-0.38385037398793465,-1.2509904539966052,-0.8741469620323357,-0.21610589742949757,-1.0405940134121774,0.4311742154722883
2026-06-01 00:00:00-04:00,2026-07-01 00:00:00-04:00,INTC,1,3.614889277454134,True,0.2336653534087107,-0.0111743916906438,0.2448397450993545,0.8864745781111658,2.7810096764470797,23.51828529534307,-0.11402968060752239,-2.1005284186395823,1.669817581544621,1.3159525106069396,1.469335355617424,-0.4912910429276291,-1.7045696423126346
2026-06-01 00:00:00-04:00,2026-07-01 00:00:00-04:00,CAT,2,1.0387771961607966,True,0.2020090217941528,-0.0111743916906438,0.2131834134847966,0.4130245667074531,1.907418281466265,21.574976516609393,-0.055085066661389126,-0.8574336346261442,-0.31038684796189975,0.6118105877869944,0.04892604241136507,0.31721455966214396,-0.06705615464187074
2026-06-01 00:00:00-04:00,2026-07-01 00:00:00-04:00,CSCO,3,0.7892366782923492,False,-0.0272119968030684,-0.0111743916906438,-0.0160376051124246,0.38229790692022514,1.0788019385716914,21.851503611114477,0.0,-0.2655450728958566,-0.4389010867391079,-0.05608003970554148,0.25104608874017503,1.0727812184829846,0.7126313764264907
2026-06-01 00:00:00-04:00,2026-07-01 00:00:00-04:00,MRK,4,0.4489478697236397,False,0.0968144232596039,-0.0111743916906438,0.1079888149502477,0.25775817983305926,0.31464917799514314,20.741474848095745,-0.036207157589628,-0.48303511877018945,-0.959788431310846,-0.6720110084078564,-0.5602995966047112,0.5761507749989213,0.42613441084232545
2026-06-01 00:00:00-04:00,2026-07-01 00:00:00-04:00,DOW,5,0.4355453467109833,True,-0.2175182704507869,-0.0111743916906438,-0.2063438787601431,0.49662185908503104,-0.33999178387307366,19.853955659090868,-0.1857370721577679,-0.32610235725152026,0.03925878446723368,-1.1996720502805365,-1.2090078901642607,-1.4748555102164211,0.6328600096856895
2026-07-01 00:00:00-04:00,2026-08-03 00:00:00-04:00,INTC,1,2.9332395741637325,True,-0.3451851738823784,0.0059597348206794,-0.3511449087030578,0.9532544006143717,2.895418409698991,23.495815384538915,-0.009294717865060087,-0.5433388813224442,1.6774809018577344,1.3606345850866417,1.6505513463823531,0.41955695785259434,-0.29361222888268695
2026-07-01 00:00:00-04:00,2026-08-03 00:00:00-04:00,CAT,2,1.3026800381095511,True,-0.2135895033134451,0.0059597348206794,-0.2195492381341245,0.4684661716230595,1.865154805790189,22.03778975963622,0.0,-0.7041191858317908,-0.012386233579637447,0.5442584022026078,0.0303255663933942,0.6526606435328435,-1.1922457114688074
2026-07-01 00:00:00-04:00,2026-08-03 00:00:00-04:00,CSCO,3,0.776931423399928,True,-0.0129679982065394,0.0059597348206794,-0.0189277330272188,0.42367166409366086,1.1898627665792425,21.883843811090056,-0.09646153884216957,-0.24400720733731807,-0.16853021892254305,0.009160068910609073,-0.1407463203411017,-1.7665134031613516,1.3794127443095372
2026-07-01 00:00:00-04:00,2026-08-03 00:00:00-04:00,MRK,4,0.6738424746241625,True,0.0145301202262939,0.0059597348206794,0.0085703854056145,0.29671346498063783,0.09853321828827184,21.15043909651217,-0.006801706984085998,-0.5779570407455852,-0.6110790999087942,-0.8556044899092368,-0.9557396959231246,0.4820795683538296,-0.4871000895884752
2026-07-01 00:00:00-04:00,2026-08-03 00:00:00-04:00,JNJ,5,0.4379772255319267,False,0.0067917126187684,0.0059597348206794,0.0008319777980890005,0.21799193892218355,-0.1574552261883408,21.484612316075843,-0.017562169878505673,-0.38461181617828033,-0.88548534944676,-1.0584485662906225,-0.5843908965115171,0.21221623342208418,0.5935452856304302
