operatingPoint,scale,drawdownRule,structure,accounts,aggregateEffectiveExposure,expectedCapitalCommitted,upfrontCapitalCommitted,expectedNetProfit,medianNetProfit,p05NetProfit,p01NetProfit,probabilityAnnualLoss,probabilityTarget35000,expectedReturnOnCommittedCapital,expectedFees,breachProbabilityAtLeastOne,dependence
020_trailing,0.2,trailing_to_breakeven,prop,1,20000.0,518.8,500.0,2949.030825899602,2766.168059732421,-500.0,-1000.0,0.2184,0.0,5.684330813222055,518.8,0.0374,perfectly_correlated_identical_paths
020_trailing,0.2,none,self_funded_a,1,20000.0,20000.0,20000.0,12267.14299983857,12504.92296627664,4528.6322461566315,1288.3991720838635,0.0032,0.0,0.6133571499919285,0.0,,perfectly_correlated_identical_paths
020_trailing,0.2,trailing_to_breakeven,prop,2,40000.0,1037.6,1000.0,5898.061651799204,5532.336119464842,-1000.0,-2000.0,0.2184,0.0,5.684330813222055,1037.6,0.0374,perfectly_correlated_identical_paths
020_trailing,0.2,none,self_funded_a,2,40000.0,40000.0,40000.0,24534.28599967714,25009.84593255328,9057.264492313263,2576.798344167727,0.0032,0.1176,0.6133571499919285,0.0,,perfectly_correlated_identical_paths
020_trailing,0.2,trailing_to_breakeven,prop,3,60000.0,1556.4,1500.0,8847.092477698807,8298.504179197264,-1500.0,-3000.0,0.2184,0.0012,5.684330813222055,1556.4,0.0374,perfectly_correlated_identical_paths
020_trailing,0.2,none,self_funded_a,3,60000.0,60000.0,60000.0,36801.42899951571,37514.76889882992,13585.896738469894,3865.1975162515905,0.0032,0.5736,0.6133571499919285,0.0,,perfectly_correlated_identical_paths
020_trailing,0.2,trailing_to_breakeven,prop,4,80000.0,2075.2,2000.0,11796.123303598408,11064.672238929685,-2000.0,-4000.0,0.2184,0.028,5.684330813222055,2075.2,0.0374,perfectly_correlated_identical_paths
020_trailing,0.2,none,self_funded_a,4,80000.0,80000.0,80000.0,49068.57199935428,50019.69186510656,18114.528984626526,5153.596688335454,0.0032,0.7928,0.6133571499919285,0.0,,perfectly_correlated_identical_paths
020_trailing,0.2,trailing_to_breakeven,prop,5,100000.0,2594.0,2500.0,14745.154129498007,13830.840298662108,-2500.0,-5000.0,0.2184,0.088,5.684330813222053,2594.0,0.0374,perfectly_correlated_identical_paths
020_trailing,0.2,none,self_funded_a,5,100000.0,100000.0,100000.0,61335.714999192845,62524.614831383195,22643.161230783156,6441.995860419318,0.0032,0.8774,0.6133571499919285,0.0,,perfectly_correlated_identical_paths
020_trailing,0.2,trailing_to_breakeven,prop,6,120000.0,3112.8,3000.0,17694.184955397614,16597.008358394527,-3000.0,-6000.0,0.2184,0.1696,5.684330813222055,3112.8,0.0374,perfectly_correlated_identical_paths
020_trailing,0.2,none,self_funded_a,6,120000.0,120000.0,120000.0,73602.85799903142,75029.53779765984,27171.793476939787,7730.395032503181,0.0032,0.9188,0.6133571499919285,0.0,,perfectly_correlated_identical_paths
020_trailing,0.2,trailing_to_breakeven,prop,7,140000.0,3631.6,3500.0,20643.215781297215,19363.17641812695,-3500.0,-7000.0,0.2184,0.2484,5.684330813222055,3631.6,0.0374,perfectly_correlated_identical_paths
020_trailing,0.2,none,self_funded_a,7,140000.0,140000.0,140000.0,85870.00099886999,87534.46076393647,31700.425723096418,9018.794204587044,0.0032,0.94,0.6133571499919285,0.0,,perfectly_correlated_identical_paths
020_trailing,0.2,trailing_to_breakeven,prop,8,160000.0,4150.4,4000.0,23592.246607196816,22129.34447785937,-4000.0,-8000.0,0.2184,0.3138,5.684330813222055,4150.4,0.0374,perfectly_correlated_identical_paths
020_trailing,0.2,none,self_funded_a,8,160000.0,160000.0,160000.0,98137.14399870856,100039.38373021311,36229.05796925305,10307.193376670908,0.0032,0.9532,0.6133571499919285,0.0,,perfectly_correlated_identical_paths
020_trailing,0.2,trailing_to_breakeven,prop,9,180000.0,4669.2,4500.0,26541.277433096413,24895.512537591792,-4500.0,-9000.0,0.2184,0.3668,5.684330813222054,4669.2,0.0374,perfectly_correlated_identical_paths
020_trailing,0.2,none,self_funded_a,9,180000.0,180000.0,180000.0,110404.28699854712,112544.30669648976,40757.690215409675,11595.592548754772,0.0032,0.9608,0.6133571499919285,0.0,,perfectly_correlated_identical_paths
020_trailing,0.2,trailing_to_breakeven,prop,10,200000.0,5188.0,5000.0,29490.308258996014,27661.680597324215,-5000.0,-10000.0,0.2184,0.413,5.684330813222053,5188.0,0.0374,perfectly_correlated_identical_paths
020_trailing,0.2,none,self_funded_a,10,200000.0,200000.0,200000.0,122671.42999838569,125049.22966276639,45286.32246156631,12883.991720838636,0.0032,0.966,0.6133571499919285,0.0,,perfectly_correlated_identical_paths
025_static,0.25,static,prop,1,25000.0,514.5,500.0,5216.255273713146,5182.5497686524295,-500.0,-500.0,0.1186,0.0,10.1384942151859,514.5,0.0288,perfectly_correlated_identical_paths
025_static,0.25,none,self_funded_a,1,25000.0,25000.0,25000.0,15333.928749798188,15631.153707845766,5660.7903076956845,1610.4989651047415,0.0032,0.0,0.6133571499919275,0.0,,perfectly_correlated_identical_paths
025_static,0.25,static,prop,2,50000.0,1029.0,1000.0,10432.510547426293,10365.099537304859,-1000.0,-1000.0,0.1186,0.0004,10.1384942151859,1029.0,0.0288,perfectly_correlated_identical_paths
025_static,0.25,none,self_funded_a,2,50000.0,50000.0,50000.0,30667.857499596375,31262.30741569153,11321.580615391369,3220.997930209483,0.0032,0.3568,0.6133571499919275,0.0,,perfectly_correlated_identical_paths
025_static,0.25,static,prop,3,75000.0,1543.5,1500.0,15648.765821139437,15547.64930595729,-1500.0,-1500.0,0.1186,0.0478,10.1384942151859,1543.5,0.0288,perfectly_correlated_identical_paths
025_static,0.25,none,self_funded_a,3,75000.0,75000.0,75000.0,46001.786249394565,46893.4611235373,16982.370923087055,4831.496895314224,0.0032,0.758,0.6133571499919276,0.0,,perfectly_correlated_identical_paths
025_static,0.25,static,prop,4,100000.0,2058.0,2000.0,20865.021094852586,20730.199074609718,-2000.0,-2000.0,0.1186,0.185,10.1384942151859,2058.0,0.0288,perfectly_correlated_identical_paths
025_static,0.25,none,self_funded_a,4,100000.0,100000.0,100000.0,61335.71499919275,62524.61483138306,22643.161230782738,6441.995860418966,0.0032,0.8774,0.6133571499919275,0.0,,perfectly_correlated_identical_paths
025_static,0.25,static,prop,5,125000.0,2572.5,2500.0,26081.276368565726,25912.748843262147,-2500.0,-2500.0,0.1186,0.3262,10.138494215185899,2572.5,0.0288,perfectly_correlated_identical_paths
025_static,0.25,none,self_funded_a,5,125000.0,125000.0,125000.0,76669.64374899094,78155.76853922883,28303.951538478424,8052.494825523708,0.0032,0.9252,0.6133571499919276,0.0,,perfectly_correlated_identical_paths
025_static,0.25,static,prop,6,150000.0,3087.0,3000.0,31297.531642278875,31095.29861191458,-3000.0,-3000.0,0.1186,0.439,10.1384942151859,3087.0,0.0288,perfectly_correlated_identical_paths
025_static,0.25,none,self_funded_a,6,150000.0,150000.0,150000.0,92003.57249878913,93786.9222470746,33964.74184617411,9662.993790628449,0.0032,0.947,0.6133571499919276,0.0,,perfectly_correlated_identical_paths
025_static,0.25,static,prop,7,175000.0,3601.5,3500.0,36513.78691599202,36277.84838056701,-3500.0,-3500.0,0.1186,0.5162,10.1384942151859,3601.5,0.0288,perfectly_correlated_identical_paths
025_static,0.25,none,self_funded_a,7,175000.0,175000.0,175000.0,107337.50124858732,109418.07595492036,39625.5321538698,11273.49275573319,0.0032,0.959,0.6133571499919275,0.0,,perfectly_correlated_identical_paths
025_static,0.25,static,prop,8,200000.0,4116.0,4000.0,41730.04218970517,41460.398149219436,-4000.0,-4000.0,0.1186,0.5766,10.1384942151859,4116.0,0.0288,perfectly_correlated_identical_paths
025_static,0.25,none,self_funded_a,8,200000.0,200000.0,200000.0,122671.4299983855,125049.22966276613,45286.322461565476,12883.991720837932,0.0032,0.966,0.6133571499919275,0.0,,perfectly_correlated_identical_paths
025_static,0.25,static,prop,9,225000.0,4630.5,4500.0,46946.29746341831,46642.94791787186,-4500.0,-4500.0,0.1186,0.6192,10.1384942151859,4630.5,0.0288,perfectly_correlated_identical_paths
025_static,0.25,none,self_funded_a,9,225000.0,225000.0,225000.0,138005.35874818367,140680.38337061187,50947.11276926116,14494.490685942674,0.0032,0.9728,0.6133571499919275,0.0,,perfectly_correlated_identical_paths
025_static,0.25,static,prop,10,250000.0,5145.0,5000.0,52162.55273713145,51825.49768652429,-5000.0,-5000.0,0.1186,0.652,10.138494215185899,5145.0,0.0288,perfectly_correlated_identical_paths
025_static,0.25,none,self_funded_a,10,250000.0,250000.0,250000.0,153339.2874979819,156311.53707845765,56607.90307695685,16104.989651047415,0.0032,0.9766,0.6133571499919276,0.0,,perfectly_correlated_identical_paths
