ticker,effective_start,effective_end,source
A,2000-06-05,2025-05-17,qzzcl+leandroloi_single_source
AABA,1999-12-08,2017-06-18,qzzcl
AAL,1996-01-02,1997-01-14,qzzcl
AAL,2015-03-23,2024-09-21,qzzcl+leandroloi_single_source
AAMRQ,1996-01-02,2003-03-13,qzzcl
AAP,2015-07-09,2023-08-28,qzzcl+leandroloi_single_source
AAPL,1996-01-02,2025-05-17,qzzcl+leandroloi_single_source
ABBV,2013-01-02,2025-05-17,qzzcl+leandroloi_single_source
ABC,2001-08-30,2023-08-30,qzzcl+leandroloi_single_source
ABC,2023-09-01,2023-09-01,leandroloi_single_source
ABI,1996-01-02,2008-11-23,qzzcl
ABKFQ,2000-12-11,2008-06-10,qzzcl
ABMD,2018-05-31,2022-12-21,qzzcl
ABNB,2023-09-18,2025-05-17,leandroloi_single_source
ABS,1996-01-02,2006-06-01,qzzcl
ABT,1996-01-02,2025-05-17,qzzcl+leandroloi_single_source
ABX,1996-01-02,2002-07-21,qzzcl
ACAS,2007-07-09,2009-03-03,qzzcl
ACGL,2022-11-01,2025-05-17,qzzcl+leandroloi_single_source
ACKH,1996-01-02,2000-11-16,qzzcl
ACN,2011-07-06,2025-05-17,qzzcl+leandroloi_single_source
ACS,2004-04-02,2010-02-07,qzzcl
ACV,1996-01-02,2006-11-16,qzzcl
ADBE,1997-05-06,2025-05-17,qzzcl+leandroloi_single_source
ADCT,1999-08-02,2007-07-01,qzzcl
ADI,1999-10-12,2025-05-17,qzzcl+leandroloi_single_source
ADM,1996-01-02,2025-05-17,qzzcl+leandroloi_single_source
ADP,1996-01-02,2025-05-17,qzzcl+leandroloi_single_source
ADS,2013-12-23,2020-06-21,qzzcl
ADSK,1996-01-02,2025-05-17,qzzcl+leandroloi_single_source
ADT,2012-10-02,2016-05-01,qzzcl
AEE,1996-01-02,2025-05-17,qzzcl+leandroloi_single_source
AEP,1996-01-02,2025-05-17,qzzcl+leandroloi_single_source
AES,1998-10-02,2025-05-17,qzzcl+leandroloi_single_source
AET,1996-01-02,2018-11-28,qzzcl
AFL,1999-05-28,2025-05-17,qzzcl+leandroloi_single_source
AFS-A,1998-04-08,2000-11-30,qzzcl
AGC,1996-01-02,2001-08-28,qzzcl
AGN,1996-01-02,2020-05-11,qzzcl
AHM,1996-01-02,1998-09-30,qzzcl
AIG,1996-01-02,2025-05-17,qzzcl+leandroloi_single_source
AIT,1996-01-02,1999-10-10,qzzcl
AIV,2003-03-14,2020-12-20,qzzcl
AIZ,2007-04-10,2025-05-17,qzzcl+leandroloi_single_source
AJG,2016-05-31,2025-05-17,qzzcl+leandroloi_single_source
AKAM,2007-07-12,2025-05-17,qzzcl+leandroloi_single_source
AKS,2008-07-01,2011-12-18,qzzcl
AL,1996-01-02,2002-07-21,qzzcl
ALB,2016-07-01,2025-05-17,qzzcl+leandroloi_single_source
ALGN,2017-06-19,2025-05-17,qzzcl+leandroloi_single_source
ALK,2016-05-13,2023-12-16,qzzcl+leandroloi_single_source
ALL,1996-01-02,2025-05-17,qzzcl+leandroloi_single_source
ALLE,2013-12-02,2025-05-17,qzzcl+leandroloi_single_source
ALTR,2000-04-18,2015-12-27,qzzcl
ALXN,2012-05-25,2021-07-20,qzzcl
AM,1996-01-02,2004-05-02,qzzcl
AMAT,1996-01-02,2025-05-17,qzzcl+leandroloi_single_source
AMCC,2001-01-02,2006-05-17,qzzcl
AMCR,2019-06-07,2025-05-17,qzzcl+leandroloi_single_source
AMD,1996-01-02,2013-09-22,qzzcl
AMD,2017-03-20,2025-05-17,qzzcl+leandroloi_single_source
AME,2013-09-23,2025-05-17,qzzcl+leandroloi_single_source
AMG,2014-07-01,2019-12-22,qzzcl
AMGN,1996-01-02,2025-05-17,qzzcl+leandroloi_single_source
AMH,1996-01-02,1997-09-14,qzzcl
AMP,1996-01-02,1999-04-04,qzzcl
AMP,2005-10-03,2025-05-17,qzzcl+leandroloi_single_source
AMT,2007-11-19,2025-05-17,qzzcl+leandroloi_single_source
AMTM,2024-10-01,2024-12-25,leandroloi_single_source
AMZN,2005-11-21,2025-05-17,qzzcl+leandroloi_single_source
AN,1996-01-02,1999-01-03,qzzcl
AN,2003-02-24,2017-08-07,qzzcl
ANDV,2007-09-27,2018-09-30,qzzcl
ANDW,1996-01-02,2006-10-01,qzzcl
ANET,2018-08-28,2025-05-17,qzzcl+leandroloi_single_source
ANF,2007-03-29,2013-12-22,qzzcl
ANRZQ,2011-06-02,2012-10-01,qzzcl
ANSS,2017-06-19,2025-05-17,qzzcl+leandroloi_single_source
ANTM,2002-07-25,2022-06-27,qzzcl
ANV,1996-01-02,1999-04-11,qzzcl
AON,1996-04-23,2025-05-17,qzzcl+leandroloi_single_source
AOS,2017-07-26,2025-05-17,qzzcl+leandroloi_single_source
APA,1997-07-28,2025-05-17,qzzcl+leandroloi_single_source
APC,1997-07-28,2019-08-08,qzzcl
APCC,2000-06-01,2007-02-14,qzzcl
APD,1996-01-02,2025-05-17,qzzcl+leandroloi_single_source
APH,2008-09-30,2025-05-17,qzzcl+leandroloi_single_source
APO,2024-12-26,2025-05-17,leandroloi_single_source
APOL,2002-05-15,2013-06-30,qzzcl
APTV,2012-12-24,2025-05-17,qzzcl+leandroloi_single_source
AR,1996-01-02,1999-10-26,qzzcl
ARC,1996-01-02,2000-04-17,qzzcl
ARE,2017-03-20,2025-05-17,qzzcl+leandroloi_single_source
ARG,2009-09-09,2016-05-22,qzzcl
ARNC,1996-01-02,2020-04-05,qzzcl
AS,1996-01-02,1998-11-23,qzzcl
ASC,1996-01-02,1999-06-23,qzzcl
ASH,1996-01-02,2008-11-13,qzzcl
ASN,2004-12-20,2007-10-07,qzzcl
ASND,1998-06-12,1999-06-24,qzzcl
ASO,1999-03-10,2006-11-05,qzzcl
AT,1996-01-02,2007-11-18,qzzcl
ATGE,2009-06-09,2012-09-30,qzzcl
ATI,1996-01-02,2015-07-01,qzzcl
ATO,2019-02-15,2025-05-17,qzzcl+leandroloi_single_source
ATVI,2015-08-31,2023-10-13,qzzcl+leandroloi_single_source
AV,2000-10-02,2007-10-25,qzzcl
AVB,2007-01-10,2025-05-17,qzzcl+leandroloi_single_source
AVGO,2014-05-08,2025-05-17,qzzcl+leandroloi_single_source
AVP,1996-01-02,2015-03-22,qzzcl
AVY,1996-01-02,2025-05-17,qzzcl+leandroloi_single_source
AW,1999-08-02,2008-12-04,qzzcl
AWE,2001-07-09,2004-10-26,qzzcl
AWK,2016-03-04,2025-05-17,qzzcl+leandroloi_single_source
AXON,2023-05-07,2025-05-17,leandroloi_single_source
AXP,1996-01-02,2025-05-17,qzzcl+leandroloi_single_source
AYE,2000-12-11,2011-02-27,qzzcl
AYI,2016-05-03,2018-06-17,qzzcl
AZA-A,1996-01-02,2001-06-24,qzzcl
AZO,1997-01-02,2025-05-17,qzzcl+leandroloi_single_source
BA,1996-01-02,2025-05-17,qzzcl+leandroloi_single_source
BAC,1996-01-02,2025-05-17,qzzcl+leandroloi_single_source
BALL,2022-05-10,2025-05-17,qzzcl+leandroloi_single_source
BAX,1996-01-02,2025-05-17,qzzcl+leandroloi_single_source
BAY,1996-02-12,1998-08-30,qzzcl
BBBY,1999-10-01,2017-07-25,qzzcl
BBI,1996-01-02,1998-01-11,qzzcl
BBT,1997-12-04,2019-12-08,qzzcl
BBWI,2021-08-03,2024-09-30,qzzcl+leandroloi_single_source
BBY,1999-06-30,2025-05-17,qzzcl+leandroloi_single_source
BC,1996-01-02,2008-06-22,qzzcl
BCO,1996-01-02,1996-01-21,qzzcl
BCR,1996-01-02,2017-12-28,qzzcl
BDK,1996-01-02,2010-03-14,qzzcl
BDX,1996-01-02,2025-05-17,qzzcl+leandroloi_single_source
BEAM,1996-01-02,2014-04-30,qzzcl
BEN,1998-04-29,2025-05-17,qzzcl+leandroloi_single_source
BEV,1996-01-02,1997-12-03,qzzcl
BF-B,1996-01-02,2025-05-17,qzzcl+leandroloi_single_source
BFI,1996-01-02,1999-08-01,qzzcl
BFO,1996-01-02,2000-10-02,qzzcl
BG,2023-03-15,2025-05-17,qzzcl+leandroloi_single_source
BGEN,2000-01-31,2003-11-12,qzzcl
BGG,1996-01-02,2001-04-02,qzzcl
BHF,2017-08-07,2019-04-01,qzzcl
BHGE,1996-01-02,2019-10-17,qzzcl
BHMSQ,1996-01-02,2000-12-10,qzzcl
BIG,1998-01-20,2013-02-13,qzzcl
BIIB,2003-11-13,2025-05-17,qzzcl+leandroloi_single_source
BIO,2020-06-22,2024-09-21,qzzcl+leandroloi_single_source
BJS,2002-05-15,2010-04-28,qzzcl
BK,1996-01-02,2025-05-17,qzzcl+leandroloi_single_source
BKB,1996-01-02,1999-09-30,qzzcl
BKNG,2009-11-06,2025-05-17,qzzcl+leandroloi_single_source
BKR,2019-10-18,2025-05-17,qzzcl+leandroloi_single_source
BLDR,2023-12-17,2025-05-17,leandroloi_single_source
BLK,2011-04-04,2025-05-17,qzzcl+leandroloi_single_source
BLL,1996-01-02,2022-05-09,qzzcl
BLS,1996-01-02,2007-01-02,qzzcl
BLY,1996-01-02,1996-12-18,qzzcl
BMC,1998-10-01,2013-09-10,qzzcl
BMET,1996-01-02,2007-07-11,qzzcl
BMGCA,1996-07-22,1999-08-08,qzzcl
BMS,1996-01-02,2014-12-04,qzzcl
BMY,1996-01-02,2025-05-17,qzzcl+leandroloi_single_source
BNI,1996-01-02,2010-02-15,qzzcl
BNL,1996-01-02,1998-06-30,qzzcl
BOAT,1996-01-02,1997-01-06,qzzcl
BOL,1996-01-02,2007-10-28,qzzcl
BR,1996-01-02,2006-04-02,qzzcl
BR,2018-06-18,2025-05-17,qzzcl+leandroloi_single_source
BRCM,2000-07-03,2016-01-31,qzzcl
BRK-B,2010-02-16,2025-05-17,qzzcl+leandroloi_single_source
BRL,2006-02-27,2008-12-22,qzzcl
BRO,2021-09-20,2025-05-17,qzzcl+leandroloi_single_source
BSC,1998-07-01,2008-06-01,qzzcl
BSX,1996-01-02,2025-05-17,qzzcl+leandroloi_single_source
BT,1996-01-02,1999-06-03,qzzcl
BTUUQ,2006-11-20,2014-09-21,qzzcl
BUD,1996-01-02,2008-11-17,qzzcl
BVSN,2000-11-06,2001-09-03,qzzcl
BWA,2011-12-19,2025-03-24,qzzcl+leandroloi_single_source
BX,2023-09-18,2025-05-17,leandroloi_single_source
BXLT,2015-07-01,2016-06-02,qzzcl
BXP,2006-04-03,2025-05-17,qzzcl+leandroloi_single_source
C,1996-01-02,2025-05-17,qzzcl+leandroloi_single_source
CA,1996-01-02,2018-11-05,qzzcl
CAG,1996-01-02,2025-05-17,qzzcl+leandroloi_single_source
CAH,1997-05-27,2025-05-17,qzzcl+leandroloi_single_source
CAL,1996-01-02,1996-07-21,qzzcl
CAM,2008-01-29,2016-04-03,qzzcl
CAR,1996-01-02,2006-07-31,qzzcl
CARR,2020-04-03,2025-05-17,qzzcl+leandroloi_single_source
CAT,1996-01-02,2025-05-17,qzzcl+leandroloi_single_source
CB,1996-01-02,2025-05-17,qzzcl+leandroloi_single_source
CBB,1996-01-02,1998-01-27,qzzcl
CBE,1996-01-02,2009-09-08,qzzcl
CBE,2011-11-23,2012-12-02,qzzcl
CBH,2006-06-06,2008-03-30,qzzcl
CBOE,2017-03-01,2025-05-17,qzzcl+leandroloi_single_source
CBRE,2006-11-10,2025-05-17,qzzcl+leandroloi_single_source
CBS,1996-01-02,2019-12-04,qzzcl
CBSS,2004-12-20,2007-09-06,qzzcl
CCB,1996-01-02,1996-02-11,qzzcl
CCE,1998-10-08,2016-05-30,qzzcl
CCEP,2016-01-04,2016-05-30,qzzcl
CCI,1996-01-02,1998-10-07,qzzcl
CCI,2012-03-13,2025-05-17,qzzcl+leandroloi_single_source
CCK,1996-01-02,2000-12-10,qzzcl
CCL,1998-12-22,2025-05-17,qzzcl+leandroloi_single_source
CCTYQ,1996-01-02,2008-03-30,qzzcl
CCU,1997-09-02,2008-07-30,qzzcl
CDAY,2021-09-20,2024-02-01,qzzcl+leandroloi_single_source
CDNS,2017-09-18,2025-05-17,qzzcl+leandroloi_single_source
CDW,2019-09-23,2025-05-17,qzzcl+leandroloi_single_source
CE,2001-04-02,2004-02-26,qzzcl
CE,2018-12-24,2025-03-24,qzzcl+leandroloi_single_source
CEG,1996-01-02,2012-03-12,qzzcl
CEG,2022-02-02,2023-05-06,qzzcl+leandroloi_single_source
CEG,2023-05-17,2025-05-17,leandroloi_single_source
CELG,2006-11-06,2019-11-20,qzzcl
CEN,1996-01-02,2001-04-01,qzzcl
CEPH,2008-11-17,2011-10-13,qzzcl
CERN,2010-04-30,2022-06-07,qzzcl
CF,2000-06-19,2004-08-31,qzzcl
CF,2008-08-27,2025-05-17,qzzcl+leandroloi_single_source
CFC,1997-06-18,2008-06-30,qzzcl
CFG,2016-02-01,2025-05-17,qzzcl+leandroloi_single_source
CFL,1996-01-02,1998-04-27,qzzcl
CFN,2009-09-01,2015-03-16,qzzcl
CG,1996-01-02,2000-11-01,qzzcl
CGP,1996-01-02,2001-01-29,qzzcl
CHA,1996-01-02,2000-06-18,qzzcl
CHD,2015-12-29,2025-05-17,qzzcl+leandroloi_single_source
CHIR,2000-11-24,2006-04-19,qzzcl
CHK,2006-03-03,2018-03-18,qzzcl
CHRS,1996-01-02,1998-04-07,qzzcl
CHRW,2007-03-02,2025-05-17,qzzcl+leandroloi_single_source
CHTR,2016-09-08,2025-05-17,qzzcl+leandroloi_single_source
CI,1996-01-02,2025-05-17,qzzcl+leandroloi_single_source
CIEN,2001-08-30,2009-12-20,qzzcl
CIN,1996-01-02,2006-04-02,qzzcl
CINF,1997-12-18,2025-05-17,qzzcl+leandroloi_single_source
CIT-A,2000-07-17,2001-06-03,qzzcl
CITGQ,2004-10-27,2009-07-26,qzzcl
CL,1996-01-02,2025-05-17,qzzcl+leandroloi_single_source
CLF,2009-12-21,2014-04-01,qzzcl
CLX,1996-01-02,2025-05-17,qzzcl+leandroloi_single_source
CMA,1996-01-02,2024-06-22,qzzcl+leandroloi_single_source
CMB,1996-01-02,1996-03-31,qzzcl
CMCSA,1996-01-02,2025-05-17,qzzcl+leandroloi_single_source
CMCSK,2015-09-21,2015-12-13,qzzcl
CME,2006-08-11,2025-05-17,qzzcl+leandroloi_single_source
CMG,2011-04-28,2025-05-17,qzzcl+leandroloi_single_source
CMI,1996-01-02,2025-05-17,qzzcl+leandroloi_single_source
CMS,1999-05-03,2025-05-17,qzzcl+leandroloi_single_source
CMVT,1999-10-27,2007-01-31,qzzcl
CMX,2004-03-25,2007-03-22,qzzcl
CNC,1997-01-15,2002-07-24,qzzcl
CNC,2016-03-30,2025-05-17,qzzcl+leandroloi_single_source
CNG,1996-01-02,2000-01-30,qzzcl
CNP,1996-01-02,2025-05-17,qzzcl+leandroloi_single_source
CNW,1996-01-02,1996-12-02,qzzcl
CNX,2006-06-28,2016-03-03,qzzcl
CNXT,2000-01-31,2002-06-25,qzzcl
COC-B,1999-08-09,2002-09-02,qzzcl
COF,1998-07-01,2025-05-17,qzzcl+leandroloi_single_source
COG,2008-06-23,2021-10-03,qzzcl
COIN,2025-05-13,2025-05-13,leandroloi_single_source
COIN,2025-05-17,2025-05-17,leandroloi_single_source
COL,2001-07-02,2018-11-26,qzzcl
COMS,1996-01-02,2000-07-27,qzzcl
COO,2016-09-23,2025-05-17,qzzcl+leandroloi_single_source
COP,1996-01-02,2025-05-17,qzzcl+leandroloi_single_source
COR,2023-09-03,2025-05-17,leandroloi_single_source
COST,1996-01-02,2025-05-17,qzzcl+leandroloi_single_source
COTY,2016-10-03,2020-09-20,qzzcl
COV,1996-01-02,1996-08-15,qzzcl
COV,2007-07-02,2009-06-04,qzzcl
COV,2011-03-01,2015-01-26,qzzcl
CPAY,2024-03-27,2025-05-17,leandroloi_single_source
CPB,1996-01-02,2025-05-17,qzzcl+leandroloi_single_source
CPGX,2015-07-02,2016-06-30,qzzcl
CPNLQ,2000-12-01,2005-12-01,qzzcl
CPQ,1996-01-02,2002-05-05,qzzcl
CPRI,2016-01-04,2020-05-11,qzzcl
CPRT,2018-07-02,2025-05-17,qzzcl+leandroloi_single_source
CPT,2022-04-04,2025-05-17,qzzcl+leandroloi_single_source
CPWR,1999-01-04,2012-01-02,qzzcl
CR,1996-01-02,2004-12-19,qzzcl
CRL,2021-05-14,2025-05-17,qzzcl+leandroloi_single_source
CRM,2008-09-15,2025-05-17,qzzcl+leandroloi_single_source
CRR,1996-01-02,1997-05-26,qzzcl
CRWD,2024-06-23,2025-05-17,leandroloi_single_source
CSCO,1996-01-02,2025-05-17,qzzcl+leandroloi_single_source
CSE,1996-01-22,1999-11-14,qzzcl
CSGP,2022-09-19,2025-05-17,qzzcl+leandroloi_single_source
CSR,1996-01-02,2000-06-15,qzzcl
CSRA,2015-11-30,2018-04-03,qzzcl
CSX,1996-01-02,2025-05-17,qzzcl+leandroloi_single_source
CTAS,2001-03-01,2025-05-17,qzzcl+leandroloi_single_source
CTB,1996-01-02,2006-07-17,qzzcl
CTL,1999-03-25,2020-09-17,qzzcl
CTLT,2020-09-21,2024-12-18,qzzcl+leandroloi_single_source
CTRA,2021-10-04,2025-05-17,qzzcl+leandroloi_single_source
CTSH,2006-11-17,2025-05-17,qzzcl+leandroloi_single_source
CTVA,2019-06-03,2025-05-17,qzzcl+leandroloi_single_source
CTX,1996-01-02,2009-08-18,qzzcl
CTXS,1999-12-01,2022-10-02,qzzcl
CVC,2010-12-20,2016-06-20,qzzcl
CVG,2000-06-13,2009-12-20,qzzcl
CVH,2005-08-30,2013-05-06,qzzcl
CVS,1996-01-02,2025-05-17,qzzcl+leandroloi_single_source
CVX,1996-01-02,2025-05-17,qzzcl+leandroloi_single_source
CXO,2016-02-22,2021-01-20,qzzcl
CYM,1996-01-02,1999-10-17,qzzcl
CYR,1996-01-02,1996-03-27,qzzcl
CZR,2021-03-22,2025-05-17,qzzcl+leandroloi_single_source
D,1996-01-02,2025-05-17,qzzcl+leandroloi_single_source
DAL,2013-09-11,2025-05-17,qzzcl+leandroloi_single_source
DALRQ,1996-01-02,2005-08-18,qzzcl
DASH,2025-03-25,2025-05-17,leandroloi_single_source
DAY,2024-02-02,2025-05-17,leandroloi_single_source
DCNAQ,1996-01-02,2006-03-02,qzzcl
DD,1996-01-02,2017-08-31,qzzcl
DD,2019-06-03,2025-05-17,qzzcl+leandroloi_single_source
DDR,2007-03-23,2009-03-29,qzzcl
DDS,1996-01-02,2008-10-21,qzzcl
DE,1996-01-02,2025-05-17,qzzcl+leandroloi_single_source
DEC,1996-01-02,1998-06-11,qzzcl
DECK,2024-03-18,2025-05-17,leandroloi_single_source
DELL,1996-09-06,2013-10-28,qzzcl
DELL,2024-09-22,2025-05-17,leandroloi_single_source
DF,2006-04-03,2013-05-23,qzzcl
DFS,2007-07-02,2025-05-16,qzzcl+leandroloi_single_source
DG,1998-07-16,2007-07-08,qzzcl
DG,2012-12-03,2025-05-17,qzzcl+leandroloi_single_source
DGN,1996-01-02,1999-10-12,qzzcl
DGX,2002-12-12,2025-05-17,qzzcl+leandroloi_single_source
DHI,2005-07-05,2025-05-17,qzzcl+leandroloi_single_source
DHR,1998-11-18,2025-05-17,qzzcl+leandroloi_single_source
DI,1996-01-02,1998-09-29,qzzcl
DIGI,1996-01-02,1998-08-27,qzzcl
DIS,1996-01-02,2025-05-17,qzzcl+leandroloi_single_source
DISCA,2010-03-01,2022-04-10,qzzcl
DISCK,2014-08-07,2022-04-10,qzzcl
DISH,2017-03-13,2023-06-02,qzzcl+leandroloi_single_source
DISH,2023-06-04,2023-06-19,leandroloi_single_source
DJ,1996-01-02,2007-12-13,qzzcl
DLR,2016-05-18,2025-05-17,qzzcl+leandroloi_single_source
DLTR,2011-12-19,2025-05-17,qzzcl+leandroloi_single_source
DLX,1996-01-02,2004-12-19,qzzcl
DNB,2008-12-02,2017-04-04,qzzcl
DNR,2009-04-02,2015-03-22,qzzcl
DO,2009-02-26,2016-10-02,qzzcl
DOC,2024-03-04,2025-05-17,leandroloi_single_source
DOV,1996-01-02,2025-05-17,qzzcl+leandroloi_single_source
DOW,1996-01-02,2017-08-31,qzzcl
DOW,2019-04-02,2023-05-06,qzzcl+leandroloi_single_source
DOW,2023-05-17,2025-05-17,leandroloi_single_source
DPHIQ,1999-05-28,2005-10-10,qzzcl
DPZ,2020-05-12,2025-05-17,qzzcl+leandroloi_single_source
DRE,2017-07-26,2022-10-02,qzzcl
DRI,1996-01-02,2025-05-17,qzzcl+leandroloi_single_source
DTE,1996-01-02,2025-05-17,qzzcl+leandroloi_single_source
DTV,2006-12-04,2015-07-26,qzzcl
DUK,1996-01-02,2025-05-17,qzzcl+leandroloi_single_source
DVA,2008-07-31,2025-05-17,qzzcl+leandroloi_single_source
DVN,2000-08-30,2025-05-17,qzzcl+leandroloi_single_source
DWD,1996-01-02,1997-06-01,qzzcl
DWDP,2017-09-01,2019-06-02,qzzcl
DXC,1996-01-02,2015-11-30,qzzcl
DXC,2017-04-04,2023-10-05,qzzcl+leandroloi_single_source
DXCM,2020-05-12,2025-05-17,qzzcl+leandroloi_single_source
DYN,2000-10-03,2009-12-20,qzzcl
EA,2002-07-22,2025-05-17,qzzcl+leandroloi_single_source
EBAY,2002-07-22,2025-05-17,qzzcl+leandroloi_single_source
EC,1996-01-02,2006-06-05,qzzcl
ECH,1996-01-02,1998-07-09,qzzcl
ECL,1996-01-02,2025-05-17,qzzcl+leandroloi_single_source
ECO,1996-01-02,1998-01-19,qzzcl
ED,1996-01-02,2025-05-17,qzzcl+leandroloi_single_source
EDS,1998-08-11,2008-08-25,qzzcl
EFU,1996-01-02,2000-11-01,qzzcl
EFX,1997-06-19,2025-05-17,qzzcl+leandroloi_single_source
EG,2023-07-11,2025-05-17,leandroloi_single_source
EHC,1997-01-08,2003-03-20,qzzcl
EIX,1996-01-02,2025-05-17,qzzcl+leandroloi_single_source
EKDKQ,1996-01-02,2010-12-19,qzzcl
EL,2006-01-05,2025-05-17,qzzcl+leandroloi_single_source
ELV,2022-06-28,2025-05-17,qzzcl+leandroloi_single_source
EMC,1996-03-28,2016-09-06,qzzcl
EMN,1996-01-02,2025-05-17,qzzcl+leandroloi_single_source
EMR,1996-01-02,2025-05-17,qzzcl+leandroloi_single_source
ENDP,2015-01-27,2017-03-01,qzzcl
ENPH,2021-01-07,2025-05-17,qzzcl+leandroloi_single_source
ENRNQ,1996-01-02,2001-11-29,qzzcl
ENS,1996-01-02,1997-08-05,qzzcl
EOG,2000-11-02,2025-05-17,qzzcl+leandroloi_single_source
EOP,2001-10-10,2007-02-11,qzzcl
EP,1999-10-26,2012-05-24,qzzcl
EPAM,2021-12-14,2025-05-17,qzzcl+leandroloi_single_source
EQ,2006-05-18,2009-06-30,qzzcl
EQIX,2015-03-23,2025-05-17,qzzcl+leandroloi_single_source
EQR,2001-12-03,2025-05-17,qzzcl+leandroloi_single_source
EQT,2008-12-19,2018-11-12,qzzcl
EQT,2022-10-03,2025-05-17,qzzcl+leandroloi_single_source
ERIE,2024-09-22,2025-05-17,leandroloi_single_source
ES,2009-03-17,2025-05-17,qzzcl+leandroloi_single_source
ESRX,2003-09-26,2018-12-20,qzzcl
ESS,2014-04-02,2025-05-17,qzzcl+leandroloi_single_source
ESV,2007-01-04,2009-12-22,qzzcl
ESV,2012-07-31,2016-03-29,qzzcl
ETFC,2004-04-01,2020-10-06,qzzcl
ETN,1996-01-02,2025-05-17,qzzcl+leandroloi_single_source
ETR,1996-01-02,2025-05-17,qzzcl+leandroloi_single_source
ETS,1996-01-02,2001-08-05,qzzcl
ETSY,2020-09-21,2024-09-21,qzzcl+leandroloi_single_source
EVHC,2016-12-02,2018-10-10,qzzcl
EVRG,2018-06-05,2025-05-17,qzzcl+leandroloi_single_source
EW,2011-04-01,2025-05-17,qzzcl+leandroloi_single_source
EXC,1996-01-02,2025-05-17,qzzcl+leandroloi_single_source
EXE,2025-03-25,2025-05-17,leandroloi_single_source
EXPD,2007-10-10,2025-05-17,qzzcl+leandroloi_single_source
EXPE,2007-10-02,2025-05-17,qzzcl+leandroloi_single_source
EXR,2016-01-19,2025-05-17,qzzcl+leandroloi_single_source
F,1996-01-02,2025-05-17,qzzcl+leandroloi_single_source
FANG,2018-12-03,2025-05-17,qzzcl+leandroloi_single_source
FAST,2008-09-15,2025-05-17,qzzcl+leandroloi_single_source
FB,2013-12-23,2022-06-08,qzzcl
FBF,1996-01-02,2004-03-31,qzzcl
FBHS,2016-06-24,2022-12-18,qzzcl
FBO,1996-01-02,1996-03-12,qzzcl
FCN,1996-01-02,1998-10-01,qzzcl
FCPT,2015-11-10,2015-11-16,qzzcl
FCX,1996-01-02,2025-05-17,qzzcl+leandroloi_single_source
FDC,1996-01-02,2007-09-24,qzzcl
FDO,2001-08-06,2015-07-06,qzzcl
FDS,2021-12-20,2025-05-17,qzzcl+leandroloi_single_source
FDX,1996-01-02,2025-05-17,qzzcl+leandroloi_single_source
FE,1996-01-02,2025-05-17,qzzcl+leandroloi_single_source
FFIV,2010-12-20,2025-05-17,qzzcl+leandroloi_single_source
FG,1996-01-02,1998-04-26,qzzcl
FHN,2002-05-06,2013-06-23,qzzcl
FI,2023-06-08,2025-05-17,leandroloi_single_source
FICO,2023-03-20,2025-05-17,qzzcl+leandroloi_single_source
FII,2003-04-16,2013-01-01,qzzcl
FIS,2006-11-10,2025-05-17,qzzcl+leandroloi_single_source
FISV,2001-04-02,2023-06-07,qzzcl+leandroloi_single_source
FITB,1996-03-08,2025-05-17,qzzcl+leandroloi_single_source
FJ,1996-01-02,2000-11-23,qzzcl
FL,1996-01-02,1999-01-03,qzzcl
FL,2016-04-04,2019-08-08,qzzcl
FLIR,2009-01-02,2021-05-13,qzzcl
FLMIQ,1996-01-02,1997-12-23,qzzcl
FLR,2000-12-22,2019-06-02,qzzcl
FLS,2008-10-02,2021-03-21,qzzcl
FLT,2018-06-20,2024-03-25,qzzcl+leandroloi_single_source
FLTWQ,1996-01-02,2000-01-30,qzzcl
FMC,1996-01-02,2002-01-01,qzzcl
FMC,2009-08-19,2025-03-24,qzzcl+leandroloi_single_source
FMCC,1996-01-02,2008-09-10,qzzcl
FMY,1998-07-10,1999-05-27,qzzcl
FNMA,1996-01-02,2008-09-10,qzzcl
FOSL,2012-04-04,2016-01-04,qzzcl
FOX,2015-09-21,2023-05-06,qzzcl+leandroloi_single_source
FOX,2023-05-17,2025-05-17,leandroloi_single_source
FOXA,2004-12-20,2023-05-06,qzzcl+leandroloi_single_source
FOXA,2023-05-17,2025-05-17,leandroloi_single_source
FPC,1999-06-22,2000-11-30,qzzcl
FRC,2019-01-02,2023-05-06,qzzcl+leandroloi_single_source
FRO,1997-01-02,1999-09-28,qzzcl
FRT,2016-02-01,2025-05-17,qzzcl+leandroloi_single_source
FRX,2000-11-22,2014-06-30,qzzcl
FSH,2004-08-03,2006-11-09,qzzcl
FSL,2004-12-03,2006-12-03,qzzcl
FSLR,2009-10-16,2017-03-19,qzzcl
FSLR,2022-12-19,2025-05-17,qzzcl+leandroloi_single_source
FTI,2009-06-05,2021-02-11,qzzcl
FTL-A,1996-01-02,1999-09-30,qzzcl
FTNT,2018-10-11,2025-05-17,qzzcl+leandroloi_single_source
FTR,2001-02-27,2017-03-19,qzzcl
FTV,2016-07-05,2025-05-17,qzzcl+leandroloi_single_source
FWLT,1996-01-02,2000-01-30,qzzcl
G,1996-01-02,2005-10-02,qzzcl
GAPTQ,1996-01-02,2000-08-29,qzzcl
GAS,1996-01-02,2011-12-11,qzzcl
GAS,2011-12-13,2016-06-30,qzzcl
GD,1996-01-02,2025-05-17,qzzcl+leandroloi_single_source
GDDY,2024-06-23,2025-05-17,leandroloi_single_source
GDT,1996-12-19,2006-04-23,qzzcl
GDW,1996-01-02,2006-10-01,qzzcl
GE,1996-01-02,2025-05-17,qzzcl+leandroloi_single_source
GEHC,2023-01-04,2025-05-17,qzzcl+leandroloi_single_source
GEN,2022-11-08,2025-05-17,qzzcl+leandroloi_single_source
GENZ,2001-12-14,2011-04-03,qzzcl
GEV,2024-04-03,2025-05-17,leandroloi_single_source
GFS-A,1996-01-02,1998-07-15,qzzcl
GGP,2007-07-02,2008-11-12,qzzcl
GGP,2013-12-10,2018-08-27,qzzcl
GHC,2007-12-31,2014-09-21,qzzcl
GIDL,1996-01-02,1997-07-16,qzzcl
GILD,2004-07-01,2025-05-17,qzzcl+leandroloi_single_source
GIS,1996-01-02,2025-05-17,qzzcl+leandroloi_single_source
GL,2019-08-08,2025-05-17,qzzcl+leandroloi_single_source
GLD,1996-01-02,1997-05-05,qzzcl
GLK,1996-01-02,2005-07-04,qzzcl
GLW,1996-01-02,2025-05-17,qzzcl+leandroloi_single_source
GM,2013-06-07,2025-05-17,qzzcl+leandroloi_single_source
GMCR,2014-03-24,2016-03-02,qzzcl
GME,2007-12-14,2016-04-24,qzzcl
GNRC,2021-03-22,2025-05-17,qzzcl+leandroloi_single_source
GNT,1996-03-13,1998-06-30,qzzcl
GNW,2005-12-02,2015-11-17,qzzcl
GOOG,2014-04-03,2025-05-17,qzzcl+leandroloi_single_source
GOOGL,2006-04-03,2025-05-17,qzzcl+leandroloi_single_source
GP,1996-01-02,2005-12-19,qzzcl
GPC,1996-01-02,2025-05-17,qzzcl+leandroloi_single_source
GPN,2016-04-25,2025-05-17,qzzcl+leandroloi_single_source
GPS,1996-01-02,2022-02-01,qzzcl
GPU,1996-01-02,2001-11-06,qzzcl
GR,1996-01-02,2012-07-26,qzzcl
GRA,1996-01-02,2000-12-10,qzzcl
GRMN,2012-12-12,2025-05-17,qzzcl+leandroloi_single_source
GRN,1996-01-02,1998-12-21,qzzcl
GS,2002-07-22,2025-05-17,qzzcl+leandroloi_single_source
GSX,1996-01-02,1998-10-06,qzzcl
GT,1996-01-02,2019-02-26,qzzcl
GTE,1996-01-02,2000-07-02,qzzcl
GTW,1998-04-27,2006-07-31,qzzcl
GWF,1996-01-02,1997-07-01,qzzcl
GWW,1996-01-02,2025-05-17,qzzcl+leandroloi_single_source
GX,1999-09-29,2001-10-09,qzzcl
H,1996-01-02,2001-06-28,qzzcl
H,2006-08-01,2007-04-09,qzzcl
HAL,1996-01-02,2025-05-17,qzzcl+leandroloi_single_source
HAR,2006-02-01,2017-03-12,qzzcl
HAS,1996-01-02,2025-05-17,qzzcl+leandroloi_single_source
HBAN,1997-08-06,2025-05-17,qzzcl+leandroloi_single_source
HBI,2015-03-23,2021-12-19,qzzcl
HBOC,1997-10-23,1999-01-12,qzzcl
HCA,1996-01-02,2006-11-19,qzzcl
HCA,2015-01-27,2025-05-17,qzzcl+leandroloi_single_source
HCBK,2007-02-15,2015-11-01,qzzcl
HCP,2008-03-31,2019-11-04,qzzcl
HCR,1998-09-28,2007-11-08,qzzcl
HD,1996-01-02,2025-05-17,qzzcl+leandroloi_single_source
HDLM,1996-01-02,1996-03-07,qzzcl
HES,1996-01-02,2025-05-17,qzzcl+leandroloi_single_source
HET,1996-01-02,2008-01-28,qzzcl
HFC,2018-06-18,2021-06-03,qzzcl
HFS,1996-08-16,1997-12-17,qzzcl
HI,1996-01-02,2003-03-30,qzzcl
HIG,1996-01-02,2025-05-17,qzzcl+leandroloi_single_source
HII,2018-01-03,2025-05-17,qzzcl+leandroloi_single_source
HLT,1996-01-02,2007-10-24,qzzcl
HLT,2017-06-19,2025-05-17,qzzcl+leandroloi_single_source
HM,1996-01-02,2001-12-16,qzzcl
HMA,2001-11-07,2007-03-01,qzzcl
HNZ,1996-01-02,2013-06-06,qzzcl
HOG,2000-01-31,2020-06-21,qzzcl
HOLX,2016-03-30,2025-05-17,qzzcl+leandroloi_single_source
HON,1996-01-02,2025-05-17,qzzcl+leandroloi_single_source
HOT,2000-11-17,2016-09-22,qzzcl
HP,1996-01-02,1999-12-30,qzzcl
HP,2010-03-01,2020-05-21,qzzcl
HPC,1996-01-02,2008-11-13,qzzcl
HPE,2015-11-02,2025-05-17,qzzcl+leandroloi_single_source
HPH,1996-01-02,1999-06-08,qzzcl
HPQ,1996-01-02,2025-05-17,qzzcl+leandroloi_single_source
HRB,1996-01-02,2020-09-20,qzzcl
HRL,2009-03-04,2025-05-17,qzzcl+leandroloi_single_source
HRS,1996-01-02,1999-11-07,qzzcl
HRS,2008-09-22,2019-05-31,qzzcl
HSH,1996-01-02,2012-06-28,qzzcl
HSIC,2015-03-18,2025-05-17,qzzcl+leandroloi_single_source
HSP,2004-05-03,2015-09-02,qzzcl
HST,2007-03-20,2025-05-17,qzzcl+leandroloi_single_source
HSY,1996-01-02,2025-05-17,qzzcl+leandroloi_single_source
HUBB,2023-10-18,2025-05-17,leandroloi_single_source
HUM,1996-01-02,2025-05-17,qzzcl+leandroloi_single_source
HWM,2020-04-06,2025-05-17,qzzcl+leandroloi_single_source
I,1996-01-02,1996-03-31,qzzcl
IAC,2006-12-01,2008-08-20,qzzcl
IBM,1996-01-02,2025-05-17,qzzcl+leandroloi_single_source
ICE,2007-09-26,2025-05-17,qzzcl+leandroloi_single_source
IDXX,2017-01-05,2025-05-17,qzzcl+leandroloi_single_source
IEX,2019-08-09,2025-05-17,qzzcl+leandroloi_single_source
IFF,1996-01-02,2025-05-17,qzzcl+leandroloi_single_source
IGT,2001-09-04,2014-06-19,qzzcl
IKN,1996-01-02,2000-06-28,qzzcl
ILMN,2015-11-19,2024-06-22,qzzcl+leandroloi_single_source
IMNX,2001-09-21,2002-07-15,qzzcl
INCLF,1996-01-02,2002-07-21,qzzcl
INCY,2017-02-28,2025-05-17,qzzcl+leandroloi_single_source
INFO,2017-06-02,2022-03-01,qzzcl
INGR,1996-01-02,1997-07-27,qzzcl
INTC,1996-01-02,2025-05-17,qzzcl+leandroloi_single_source
INTU,2000-12-11,2025-05-17,qzzcl+leandroloi_single_source
INVH,2022-09-19,2025-05-17,qzzcl+leandroloi_single_source
IP,1996-01-02,2025-05-17,qzzcl+leandroloi_single_source
IPG,1996-01-02,2025-05-17,qzzcl+leandroloi_single_source
IPGP,2018-03-07,2022-06-20,qzzcl
IQV,2017-08-29,2025-05-17,qzzcl+leandroloi_single_source
IR,1996-01-02,2009-06-30,qzzcl
IR,2010-11-17,2023-05-06,qzzcl+leandroloi_single_source
IR,2023-05-17,2025-05-17,leandroloi_single_source
IRM,2009-01-06,2025-05-17,qzzcl+leandroloi_single_source
ISRG,2008-06-02,2025-05-17,qzzcl+leandroloi_single_source
IT,2017-04-05,2025-05-17,qzzcl+leandroloi_single_source
ITT,1996-01-02,2011-10-31,qzzcl
ITW,1996-01-02,2025-05-17,qzzcl+leandroloi_single_source
IVZ,2008-08-21,2025-05-17,qzzcl+leandroloi_single_source
J,2019-12-10,2025-05-17,qzzcl+leandroloi_single_source
JAVA,1996-01-02,2010-01-26,qzzcl
JBHT,2015-07-01,2025-05-17,qzzcl+leandroloi_single_source
JBL,2001-01-30,2014-11-04,qzzcl
JBL,2023-12-17,2025-05-17,leandroloi_single_source
JCI,1996-01-02,2025-05-17,qzzcl+leandroloi_single_source
JCP,1996-01-02,2013-12-01,qzzcl
JEC,2007-10-26,2019-12-09,qzzcl
JEF,2007-08-27,2019-09-25,qzzcl
JH,1996-01-02,1998-03-31,qzzcl
JHF,2001-06-29,2004-04-28,qzzcl
JKHY,2018-11-13,2025-05-17,qzzcl+leandroloi_single_source
JNJ,1996-01-02,2025-05-17,qzzcl+leandroloi_single_source
JNPR,2006-06-02,2025-05-17,qzzcl+leandroloi_single_source
JNS,2000-07-13,2011-11-22,qzzcl
JNY,2001-12-17,2009-03-03,qzzcl
JOS,1996-01-02,2000-05-09,qzzcl
JOY,2011-02-28,2015-10-07,qzzcl
JP,1996-01-02,2006-04-02,qzzcl
JPM,1996-01-02,2025-05-17,qzzcl+leandroloi_single_source
JWN,1996-01-02,2020-06-21,qzzcl
K,1996-01-02,2025-05-17,qzzcl+leandroloi_single_source
KATE,1996-01-02,2008-12-01,qzzcl
KBH,1996-01-02,2009-12-20,qzzcl
KDP,2008-10-07,2018-07-01,qzzcl
KDP,2022-06-21,2025-05-17,qzzcl+leandroloi_single_source
KEY,1996-01-02,2025-05-17,qzzcl+leandroloi_single_source
KEYS,2018-11-06,2025-05-17,qzzcl+leandroloi_single_source
KG,2000-10-03,2010-12-19,qzzcl
KHC,2015-07-06,2025-05-17,qzzcl+leandroloi_single_source
KIM,2006-04-03,2025-05-17,qzzcl+leandroloi_single_source
KKR,2024-06-23,2025-05-17,leandroloi_single_source
KLAC,1997-09-15,2025-05-17,qzzcl+leandroloi_single_source
KM,1996-01-02,2002-01-16,qzzcl
KMB,1996-01-02,2025-05-17,qzzcl+leandroloi_single_source
KMG,1996-01-02,2006-08-10,qzzcl
KMI,2000-12-12,2007-05-30,qzzcl
KMI,2012-05-25,2025-05-17,qzzcl+leandroloi_single_source
KMX,2010-06-28,2025-05-17,qzzcl+leandroloi_single_source
KO,1996-01-02,2025-05-17,qzzcl+leandroloi_single_source
KORS,2013-11-13,2018-09-18,qzzcl
KR,1996-01-02,2025-05-17,qzzcl+leandroloi_single_source
KRB,1996-01-02,2006-01-02,qzzcl
KRFT,2012-10-02,2015-07-05,qzzcl
KRI,1996-01-02,2006-06-27,qzzcl
KSE,2000-08-21,2007-08-26,qzzcl
KSS,1998-08-14,2020-09-20,qzzcl
KSU,1999-04-05,2000-07-12,qzzcl
KSU,2013-05-24,2021-12-13,qzzcl
KVUE,2023-08-29,2025-05-17,leandroloi_single_source
KWP,1996-01-02,1999-11-15,qzzcl
L,1996-01-02,2025-05-17,qzzcl+leandroloi_single_source
LB,1996-01-02,2021-08-02,qzzcl
LDG,1996-01-02,2001-07-01,qzzcl
LDOS,2009-12-21,2013-09-22,qzzcl
LDOS,2019-08-09,2025-05-17,qzzcl+leandroloi_single_source
LDW-B,1996-01-02,1999-12-07,qzzcl
LEG,1999-10-18,2021-12-19,qzzcl
LEHMQ,1998-01-12,2008-09-16,qzzcl
LEN,2005-10-04,2025-05-17,qzzcl+leandroloi_single_source
LH,2004-11-01,2025-05-17,qzzcl+leandroloi_single_source
LHX,2019-06-01,2025-05-17,qzzcl+leandroloi_single_source
LIFE,2008-11-24,2014-01-23,qzzcl
LII,2024-12-24,2025-05-17,leandroloi_single_source
LIN,2018-11-06,2025-05-17,qzzcl+leandroloi_single_source
LKQ,2016-05-23,2025-05-17,qzzcl+leandroloi_single_source
LLL,2004-12-01,2019-06-30,qzzcl
LLTC,2000-04-03,2017-03-12,qzzcl
LLX,1996-01-02,1997-10-22,qzzcl
LLY,1996-01-02,2025-05-17,qzzcl+leandroloi_single_source
LM,2006-04-24,2016-12-01,qzzcl
LMT,1996-01-02,2025-05-17,qzzcl+leandroloi_single_source
LNC,1996-01-02,2023-09-17,qzzcl+leandroloi_single_source
LNT,2016-07-01,2025-05-17,qzzcl+leandroloi_single_source
LO,2008-06-11,2015-06-11,qzzcl
LOR,1996-01-02,1996-04-22,qzzcl
LOW,1996-01-02,2025-05-17,qzzcl+leandroloi_single_source
LPX,1996-01-02,2006-11-09,qzzcl
LRCX,2012-06-05,2025-05-17,qzzcl+leandroloi_single_source
LSI,1996-01-02,2014-05-06,qzzcl
LU,1996-10-01,2006-11-30,qzzcl
LUB,1996-01-02,1997-01-01,qzzcl
LULU,2023-10-18,2025-05-17,leandroloi_single_source
LUMN,2020-09-18,2023-03-19,qzzcl
LUV,1996-01-02,2025-05-17,qzzcl+leandroloi_single_source
LVLT,2014-11-05,2017-10-12,qzzcl
LVS,2019-10-03,2025-05-17,qzzcl+leandroloi_single_source
LW,2018-12-03,2025-05-17,qzzcl+leandroloi_single_source
LXK,1999-08-13,2012-09-30,qzzcl
LYB,2012-09-05,2025-05-17,qzzcl+leandroloi_single_source
LYV,2019-12-23,2025-05-17,qzzcl+leandroloi_single_source
M,1996-01-02,2020-04-05,qzzcl
MA,2008-07-18,2025-05-17,qzzcl+leandroloi_single_source
MAA,2016-12-02,2025-05-17,qzzcl+leandroloi_single_source
MAC,2013-05-09,2019-12-22,qzzcl
MAR,1998-05-21,2025-05-17,qzzcl+leandroloi_single_source
MAS,1996-01-02,2025-05-17,qzzcl+leandroloi_single_source
MAT,1996-01-02,2019-06-06,qzzcl
MAY,1996-01-02,2005-08-28,qzzcl
MBI,1996-12-03,2009-12-20,qzzcl
MCD,1996-01-02,2025-05-17,qzzcl+leandroloi_single_source
MCHP,2007-09-07,2025-05-17,qzzcl+leandroloi_single_source
MCIC,1996-01-02,1998-09-14,qzzcl
MCK,1999-01-13,2025-05-17,qzzcl+leandroloi_single_source
MCO,1996-01-02,2025-05-17,qzzcl+leandroloi_single_source
MD,1996-01-02,1997-07-31,qzzcl
MDLZ,2007-04-02,2025-05-17,qzzcl+leandroloi_single_source
MDP,1996-01-02,2011-01-03,qzzcl
MDR,1996-01-02,2003-08-19,qzzcl
MDT,1996-01-02,2025-05-17,qzzcl+leandroloi_single_source
MEA,1996-01-02,2002-01-29,qzzcl
MEDI,2000-06-16,2007-05-31,qzzcl
MEE,1996-01-02,2000-12-21,qzzcl
MEE,2008-06-23,2011-06-01,qzzcl
MEL,1996-01-02,2007-07-01,qzzcl
MER,1996-01-02,2009-01-01,qzzcl
MERQ,2000-06-29,2006-01-03,qzzcl
MET,2000-12-11,2025-05-17,qzzcl+leandroloi_single_source
META,2022-06-09,2025-05-17,qzzcl+leandroloi_single_source
MFE,2008-12-23,2011-02-28,qzzcl
MGM,2017-07-26,2025-05-17,qzzcl+leandroloi_single_source
MHK,2013-12-23,2025-05-17,qzzcl+leandroloi_single_source
MHS,2003-08-20,2012-04-01,qzzcl
MI,2002-02-11,2011-07-05,qzzcl
MII,1996-01-02,1999-06-21,qzzcl
MIL,1996-01-02,2010-07-14,qzzcl
MIR,1997-08-07,2000-05-31,qzzcl
MIR,2001-04-03,2003-07-16,qzzcl
MJN,2009-12-21,2017-06-14,qzzcl
MKC,2003-03-21,2025-05-17,qzzcl+leandroloi_single_source
MKG,1996-01-02,2000-10-17,qzzcl
MKTX,2019-07-01,2025-05-17,qzzcl+leandroloi_single_source
MLM,2014-07-02,2025-05-17,qzzcl+leandroloi_single_source
MMC,1996-01-02,2025-05-17,qzzcl+leandroloi_single_source
MMI,2011-01-04,2012-05-21,qzzcl
MMM,1996-01-02,2025-05-17,qzzcl+leandroloi_single_source
MNK,2014-08-19,2017-07-25,qzzcl
MNR,1996-01-02,1998-09-27,qzzcl
MNST,2012-06-29,2025-05-17,qzzcl+leandroloi_single_source
MO,1996-01-02,2025-05-17,qzzcl+leandroloi_single_source
MOB,1996-01-02,1999-11-30,qzzcl
MOH,2022-03-02,2025-05-17,qzzcl+leandroloi_single_source
MOLX,1999-12-01,2013-12-08,qzzcl
MON,2002-08-14,2018-06-06,qzzcl
MOS,2011-09-26,2025-05-17,qzzcl+leandroloi_single_source
MPC,2011-07-01,2025-05-17,qzzcl+leandroloi_single_source
MPWR,2021-02-12,2025-05-17,qzzcl+leandroloi_single_source
MRK,1996-01-02,2025-05-17,qzzcl+leandroloi_single_source
MRNA,2021-07-21,2025-05-17,qzzcl+leandroloi_single_source
MRO,1996-01-02,2024-11-22,qzzcl+leandroloi_single_source
MS,1996-01-02,2025-05-17,qzzcl+leandroloi_single_source
MSCI,2018-04-04,2025-05-17,qzzcl+leandroloi_single_source
MSFT,1996-01-02,2025-05-17,qzzcl+leandroloi_single_source
MSI,1996-01-02,2025-05-17,qzzcl+leandroloi_single_source
MST,1996-01-02,1998-08-13,qzzcl
MTB,2004-02-27,2025-05-17,qzzcl+leandroloi_single_source
MTCH,2021-09-20,2025-05-17,qzzcl+leandroloi_single_source
MTD,2016-09-06,2025-05-17,qzzcl+leandroloi_single_source
MTG,1996-07-19,2008-10-30,qzzcl
MTL,1998-02-23,1999-09-19,qzzcl
MTLQQ,1996-01-02,2009-06-02,qzzcl
MTW,2007-11-16,2009-08-31,qzzcl
MU,1996-01-02,2025-05-17,qzzcl+leandroloi_single_source
MUR,2005-08-15,2017-07-25,qzzcl
MWI,1996-01-02,1999-05-27,qzzcl
MWV,1996-01-02,2015-07-01,qzzcl
MWW,2001-06-04,2011-12-18,qzzcl
MXIM,2000-05-10,2007-09-26,qzzcl
MXIM,2018-12-03,2021-08-29,qzzcl
MYG,1996-01-02,2006-04-02,qzzcl
MYL,2004-04-23,2020-11-16,qzzcl
MZIAQ,1996-01-02,2000-06-28,qzzcl
NAE,1996-01-02,1997-08-06,qzzcl
NAV,1996-01-02,2006-12-19,qzzcl
NAVI,2014-05-01,2018-06-04,qzzcl
NBL,2007-10-08,2020-10-11,qzzcl
NBR,2000-10-18,2015-03-22,qzzcl
NC,1996-01-02,2000-06-04,qzzcl
NCC,1996-01-02,2009-01-01,qzzcl
NCE,1998-11-03,2000-08-20,qzzcl
NCLH,2017-10-13,2025-05-17,qzzcl+leandroloi_single_source
NCR,2000-01-04,2007-09-30,qzzcl
NDAQ,2008-10-22,2025-05-17,qzzcl+leandroloi_single_source
NDSN,2022-02-15,2025-05-17,qzzcl+leandroloi_single_source
NE,2001-01-16,2009-03-26,qzzcl
NE,2011-01-18,2015-07-19,qzzcl
NEE,1996-01-02,2025-05-17,qzzcl+leandroloi_single_source
NEM,1996-01-02,2025-05-17,qzzcl+leandroloi_single_source
NFB,2002-07-17,2006-11-30,qzzcl
NFLX,2010-12-20,2025-05-17,qzzcl+leandroloi_single_source
NFX,2010-12-20,2019-02-14,qzzcl
NGH,1998-09-16,2000-12-11,qzzcl
NI,2000-11-02,2025-05-17,qzzcl+leandroloi_single_source
NKE,1996-01-02,2025-05-17,qzzcl+leandroloi_single_source
NKTR,2018-03-19,2019-10-02,qzzcl
NLC,1996-01-02,1999-08-01,qzzcl
NLOK,2019-11-05,2022-11-07,qzzcl
NLSN,2013-07-09,2022-10-11,qzzcl
NLV,1996-04-01,2000-01-05,qzzcl
NMK,1996-01-02,2002-01-31,qzzcl
NOC,1996-01-02,2025-05-17,qzzcl+leandroloi_single_source
NOV,2005-03-14,2021-09-19,qzzcl
NOVL,1996-01-02,2011-04-27,qzzcl
NOW,2019-11-21,2025-05-17,qzzcl+leandroloi_single_source
NRG,2010-01-29,2025-05-17,qzzcl+leandroloi_single_source
NRTLQ,1996-01-02,2002-07-21,qzzcl
NSC,1996-01-02,2025-05-17,qzzcl+leandroloi_single_source
NSI,1996-01-02,2001-12-02,qzzcl
NSM,1996-01-02,2011-09-25,qzzcl
NTAP,1999-06-25,2025-05-17,qzzcl+leandroloi_single_source
NTRS,1998-01-30,2025-05-17,qzzcl+leandroloi_single_source
NUE,1996-01-02,2025-05-17,qzzcl+leandroloi_single_source
NVDA,2001-11-30,2025-05-17,qzzcl+leandroloi_single_source
NVLS,2000-06-19,2012-06-04,qzzcl
NVR,2019-09-26,2025-05-17,qzzcl+leandroloi_single_source
NWL,1996-01-02,2023-09-17,qzzcl+leandroloi_single_source
NWS,2015-09-21,2025-05-17,qzzcl+leandroloi_single_source
NWSA,2013-07-01,2025-05-17,qzzcl+leandroloi_single_source
NXPI,2021-03-22,2025-05-17,qzzcl+leandroloi_single_source
NXTL,1998-04-01,2005-08-14,qzzcl
NYN,1996-01-02,1997-08-14,qzzcl
NYT,1996-01-02,2010-12-19,qzzcl
NYX,2007-10-25,2013-11-12,qzzcl
O,2015-04-07,2025-05-17,qzzcl+leandroloi_single_source
OAT,1996-01-02,2001-08-02,qzzcl
ODFL,2019-12-09,2025-05-17,qzzcl+leandroloi_single_source
ODP,1999-06-24,2010-12-19,qzzcl
OGN,2021-06-04,2023-10-17,qzzcl+leandroloi_single_source
OI,1997-08-04,2000-12-10,qzzcl
OI,2009-01-02,2016-12-01,qzzcl
OK,1999-12-02,2001-04-01,qzzcl
OKE,1996-01-02,2001-08-29,qzzcl
OKE,2010-03-15,2025-05-17,qzzcl+leandroloi_single_source
OM,1996-01-02,1996-09-30,qzzcl
OMC,1997-12-24,2025-05-17,qzzcl+leandroloi_single_source
OMX,1996-01-02,2008-06-22,qzzcl
ON,2022-06-21,2025-05-17,qzzcl+leandroloi_single_source
ONE,1996-01-02,2004-06-30,qzzcl
ORCL,1996-01-02,2025-05-17,qzzcl+leandroloi_single_source
ORLY,2009-03-27,2025-05-17,qzzcl+leandroloi_single_source
ORX,1996-01-02,1999-02-28,qzzcl
OTIS,2020-04-03,2025-05-17,qzzcl+leandroloi_single_source
OWENQ,1996-01-02,2000-10-01,qzzcl
OXY,1996-01-02,2025-05-17,qzzcl+leandroloi_single_source
PAC,1996-01-02,1997-03-31,qzzcl
PALM,2000-07-28,2002-08-13,qzzcl
PANW,2023-06-03,2023-06-03,leandroloi_single_source
PANW,2023-06-20,2025-05-17,leandroloi_single_source
PARA,2022-02-17,2025-05-17,qzzcl+leandroloi_single_source
PAS,1996-01-02,1998-01-29,qzzcl
PAYC,2020-01-28,2025-05-17,qzzcl+leandroloi_single_source
PAYX,1998-10-01,2025-05-17,qzzcl+leandroloi_single_source
PBCT,2008-11-13,2022-04-03,qzzcl
PBG,2001-05-14,2010-02-28,qzzcl
PBI,1996-01-02,2017-02-28,qzzcl
PBY,1996-01-02,2000-04-02,qzzcl
PCAR,1996-01-02,2025-05-17,qzzcl+leandroloi_single_source
PCG,1996-01-02,2019-01-17,qzzcl
PCG,2022-10-03,2025-05-17,qzzcl+leandroloi_single_source
PCH,1996-01-02,2001-07-08,qzzcl
PCL,2002-01-17,2016-02-21,qzzcl
PCP,2007-06-01,2016-01-31,qzzcl
PCS,1998-11-24,2004-04-22,qzzcl
PD,1996-01-02,2007-03-19,qzzcl
PDCO,2005-10-11,2018-03-18,qzzcl
PDG,1996-01-02,2002-07-21,qzzcl
PEAK,2019-11-05,2024-03-03,qzzcl+leandroloi_single_source
PEG,1996-01-02,2025-05-17,qzzcl+leandroloi_single_source
PEL,1996-01-02,1997-06-18,qzzcl
PENN,2021-03-22,2022-09-18,qzzcl
PEP,1996-01-02,2025-05-17,qzzcl+leandroloi_single_source
PET,1996-01-02,1998-06-28,qzzcl
PETM,2012-10-05,2015-03-11,qzzcl
PFE,1996-01-02,2025-05-17,qzzcl+leandroloi_single_source
PFG,2002-07-22,2025-05-17,qzzcl+leandroloi_single_source
PG,1996-01-02,2025-05-17,qzzcl+leandroloi_single_source
PGL,1996-01-02,2007-02-21,qzzcl
PGN,1996-01-02,2012-07-01,qzzcl
PGR,1997-08-04,2025-05-17,qzzcl+leandroloi_single_source
PH,1996-01-02,2025-05-17,qzzcl+leandroloi_single_source
PHA,1996-01-02,2003-04-15,qzzcl
PHB,1996-01-02,1999-10-03,qzzcl
PHM,1996-01-02,2025-05-17,qzzcl+leandroloi_single_source
PKG,2017-07-26,2025-05-17,qzzcl+leandroloi_single_source
PKI,1996-01-02,2023-05-17,qzzcl+leandroloi_single_source
PLD,2003-07-17,2025-05-17,qzzcl+leandroloi_single_source
PLL,1996-01-02,2015-08-30,qzzcl
PLTR,2024-09-22,2025-05-17,leandroloi_single_source
PM,2008-03-31,2025-05-17,qzzcl+leandroloi_single_source
PMCS,2001-08-03,2007-07-01,qzzcl
PMI,1996-01-02,1996-05-30,qzzcl
PNC,1996-01-02,2025-05-17,qzzcl+leandroloi_single_source
PNR,2012-10-01,2025-05-17,qzzcl+leandroloi_single_source
PNU,1996-01-02,2000-04-02,qzzcl
PNW,1999-10-04,2025-05-17,qzzcl+leandroloi_single_source
PODD,2023-03-15,2025-05-17,qzzcl+leandroloi_single_source
POM,2007-11-09,2016-03-23,qzzcl
POOL,2020-10-07,2025-05-17,qzzcl+leandroloi_single_source
PPG,1996-01-02,2025-05-17,qzzcl+leandroloi_single_source
PPL,1996-01-02,2025-05-17,qzzcl+leandroloi_single_source
PPW,1996-01-02,1999-11-29,qzzcl
PRD,1996-01-02,2000-12-11,qzzcl
PRGO,2011-12-19,2021-09-19,qzzcl
PRU,2002-07-22,2025-05-17,qzzcl+leandroloi_single_source
PSA,2005-08-19,2025-05-17,qzzcl+leandroloi_single_source
PSFT,1998-10-02,2004-12-28,qzzcl
PSX,2012-05-01,2025-05-17,qzzcl+leandroloi_single_source
PTC,1997-04-03,2007-01-02,qzzcl
PTC,2021-04-20,2025-05-17,qzzcl+leandroloi_single_source
PTV,1999-11-05,2010-11-16,qzzcl
PVH,2013-02-14,2022-09-18,qzzcl
PVN,1996-01-02,2005-10-02,qzzcl
PVT,1998-08-31,1999-06-30,qzzcl
PWER,2000-10-23,2005-03-13,qzzcl
PWJ,1999-06-04,2000-11-05,qzzcl
PWR,2009-07-01,2025-05-17,qzzcl+leandroloi_single_source
PX,1996-01-02,2018-10-30,qzzcl
PXD,2008-09-24,2024-05-03,qzzcl+leandroloi_single_source
PYPL,2015-07-20,2025-05-17,qzzcl+leandroloi_single_source
PZE,1996-01-02,1998-12-30,qzzcl
Q,2000-07-06,2011-03-31,qzzcl
QCOM,1999-07-22,2025-05-17,qzzcl+leandroloi_single_source
QEP,2010-07-01,2015-06-30,qzzcl
QLGC,2000-12-12,2011-01-17,qzzcl
QRVO,2015-06-12,2024-12-25,qzzcl+leandroloi_single_source
QTRN,1999-11-16,2003-09-25,qzzcl
R,1996-01-02,2017-06-18,qzzcl
RAD,1996-01-02,2000-07-26,qzzcl
RAI,2002-09-04,2017-07-24,qzzcl
RAL,1996-01-02,2001-12-12,qzzcl
RATL,2002-02-01,2003-02-20,qzzcl
RBD,1996-01-02,1999-03-24,qzzcl
RBK,1996-01-02,2006-01-31,qzzcl
RCL,2014-12-05,2025-05-17,qzzcl+leandroloi_single_source
RDC,1996-01-02,2014-08-18,qzzcl
RDS-A,1996-01-02,2002-07-21,qzzcl
RE,2017-06-19,2023-07-10,qzzcl+leandroloi_single_source
REG,2017-03-02,2025-05-17,qzzcl+leandroloi_single_source
REGN,2013-05-01,2025-05-17,qzzcl+leandroloi_single_source
RF,1998-08-28,2025-05-17,qzzcl+leandroloi_single_source
RHI,2000-12-05,2024-06-22,qzzcl+leandroloi_single_source
RHT,2009-07-27,2019-07-14,qzzcl
RIG,1999-12-31,2008-12-18,qzzcl
RIG,2013-10-29,2017-07-25,qzzcl
RJF,2017-03-20,2025-05-17,qzzcl+leandroloi_single_source
RL,2007-02-02,2025-05-17,qzzcl+leandroloi_single_source
RLM,1996-01-02,2000-05-03,qzzcl
RMD,2017-07-26,2025-05-17,qzzcl+leandroloi_single_source
RML,1996-01-02,2000-12-11,qzzcl
RNB,1996-01-02,2000-01-02,qzzcl
ROH,1996-01-02,2009-04-01,qzzcl
ROK,1996-01-02,2025-05-17,qzzcl+leandroloi_single_source
ROL,2018-10-01,2025-05-17,qzzcl+leandroloi_single_source
ROP,2009-12-23,2025-05-17,qzzcl+leandroloi_single_source
ROST,2009-12-21,2025-05-17,qzzcl+leandroloi_single_source
RRC,2007-12-21,2018-06-17,qzzcl
RRD,1996-01-02,2012-12-11,qzzcl
RSG,2008-12-05,2025-05-17,qzzcl+leandroloi_single_source
RSHCQ,1996-01-02,2011-06-30,qzzcl
RTN,1996-01-02,2020-04-05,qzzcl
RTX,2020-04-03,2025-05-17,qzzcl+leandroloi_single_source
RVTY,2023-05-18,2023-12-30,leandroloi_single_source
RVTY,2024-01-01,2025-05-17,leandroloi_single_source
RVTY (PREVIOUSLY PKI),2023-12-31,2023-12-31,leandroloi_single_source
RX,1996-11-04,2010-02-25,qzzcl
RYAN,1996-01-02,1997-01-01,qzzcl
RYC,1996-01-02,1999-08-12,qzzcl
RYI,1996-01-02,1998-06-30,qzzcl
S,1996-01-02,2013-07-08,qzzcl
SAF,1996-01-02,2008-09-22,qzzcl
SAI,1997-07-17,1999-01-03,qzzcl
SANM,2000-06-21,2007-07-01,qzzcl
SAPE,2000-05-05,2002-05-12,qzzcl
SB,1996-01-02,1997-11-27,qzzcl
SBAC,2017-09-01,2025-05-17,qzzcl+leandroloi_single_source
SBL,2000-12-11,2007-01-09,qzzcl
SBNY,2021-12-20,2023-03-14,qzzcl
SBUX,2000-06-08,2025-05-17,qzzcl+leandroloi_single_source
SCG,2009-01-02,2019-01-01,qzzcl
SCHW,1997-06-02,2025-05-17,qzzcl+leandroloi_single_source
SCI,1996-01-02,2000-03-15,qzzcl
SDS,2002-07-22,2005-08-11,qzzcl
SE,2007-01-03,2017-02-26,qzzcl
SEBL,2000-05-05,2006-01-31,qzzcl
SEDG,2021-12-20,2023-12-16,qzzcl+leandroloi_single_source
SEE,1998-04-01,2023-12-16,qzzcl+leandroloi_single_source
SEG,1996-08-16,2000-11-21,qzzcl
SFA,1996-01-02,2006-02-26,qzzcl
SFS,1996-01-02,1997-07-27,qzzcl
SGID,1996-01-02,2000-06-20,qzzcl
SGP,1996-01-02,2009-11-03,qzzcl
SHLD,2005-03-28,2012-09-04,qzzcl
SHN,1996-01-02,1997-01-01,qzzcl
SHW,1996-01-02,2025-05-17,qzzcl+leandroloi_single_source
SIAL,1996-01-02,2015-11-17,qzzcl
SIG,2015-07-29,2018-03-18,qzzcl
SII,2006-10-02,2010-08-26,qzzcl
SIVB,2018-03-19,2023-03-14,qzzcl
SJM,2008-11-06,2025-05-17,qzzcl+leandroloi_single_source
SK,1996-01-02,1998-03-31,qzzcl
SLB,1996-01-02,2025-05-17,qzzcl+leandroloi_single_source
SLG,2015-03-23,2021-03-21,qzzcl
SLM,1998-07-01,2014-04-30,qzzcl
SLR,1998-12-31,2007-10-01,qzzcl
SMCI,2024-03-18,2025-05-17,leandroloi_single_source
SMI,1996-01-02,2000-12-11,qzzcl
SMS,1996-01-02,2000-06-07,qzzcl
SNA,1996-01-02,2025-05-17,qzzcl+leandroloi_single_source
SNDK,2006-04-20,2016-05-11,qzzcl
SNI,2008-07-01,2018-03-06,qzzcl
SNPS,2017-03-16,2025-05-17,qzzcl+leandroloi_single_source
SNT,1996-01-02,1999-10-25,qzzcl
SNV,1997-12-01,2008-01-01,qzzcl
SO,1996-01-02,2025-05-17,qzzcl+leandroloi_single_source
SOLV,2024-04-02,2025-05-17,leandroloi_single_source
SOTR,1999-03-01,2004-10-31,qzzcl
SOV,2004-07-01,2009-01-29,qzzcl
SPG,2002-06-26,2025-05-17,qzzcl+leandroloi_single_source
SPGI,1996-01-02,2025-05-17,qzzcl+leandroloi_single_source
SPLS,1998-10-07,2017-09-12,qzzcl
SRCL,2008-11-19,2018-12-02,qzzcl
SRE,1998-06-29,2025-05-17,qzzcl+leandroloi_single_source
SRR,1996-01-02,1997-10-06,qzzcl
SSP,2005-12-20,2008-06-30,qzzcl
STE,2019-12-23,2025-05-17,qzzcl+leandroloi_single_source
STI,1996-01-02,2019-12-08,qzzcl
STJ,1996-01-02,2017-01-04,qzzcl
STLD,2022-12-22,2025-05-17,qzzcl+leandroloi_single_source
STO,1996-01-02,1998-11-17,qzzcl
STR,2006-12-01,2010-06-30,qzzcl
STT,1997-08-18,2025-05-17,qzzcl+leandroloi_single_source
STX,2012-07-02,2025-05-17,qzzcl+leandroloi_single_source
STZ,2005-07-05,2025-05-17,qzzcl+leandroloi_single_source
SUB,1998-01-28,2001-02-28,qzzcl
SUN,1996-01-02,2012-10-04,qzzcl
SUNEQ,2007-05-31,2011-12-18,qzzcl
SVU,1996-01-02,2012-04-30,qzzcl
SW,2024-07-12,2025-05-17,leandroloi_single_source
SWK,1996-01-02,2025-05-17,qzzcl+leandroloi_single_source
SWKS,2015-03-12,2025-05-17,qzzcl+leandroloi_single_source
SWN,2008-06-06,2017-04-03,qzzcl
SWY,1998-11-13,2015-01-26,qzzcl
SXCL,1999-10-01,2001-05-13,qzzcl
SYF,2015-11-18,2025-05-17,qzzcl+leandroloi_single_source
SYK,2000-12-12,2025-05-17,qzzcl+leandroloi_single_source
SYMC,2003-03-31,2019-11-04,qzzcl
SYY,1996-01-02,2025-05-17,qzzcl+leandroloi_single_source
T,1996-01-02,2025-05-17,qzzcl+leandroloi_single_source
TA,1996-01-02,1999-07-21,qzzcl
TAP,1996-01-02,2025-05-17,qzzcl+leandroloi_single_source
TCOMA,1996-01-02,1999-03-09,qzzcl
TDC,2007-10-01,2017-06-18,qzzcl
TDG,2016-06-03,2025-05-17,qzzcl+leandroloi_single_source
TDM,1996-01-02,1997-09-01,qzzcl
TDY,2020-06-22,2025-05-17,qzzcl+leandroloi_single_source
TE,2001-10-10,2016-06-30,qzzcl
TECH,2021-08-30,2025-05-17,qzzcl+leandroloi_single_source
TEG,2007-02-22,2015-06-29,qzzcl
TEK,1996-01-02,2007-11-15,qzzcl
TEL,2007-07-02,2009-06-25,qzzcl
TEL,2011-10-17,2025-05-17,qzzcl+leandroloi_single_source
TEN,1996-01-02,1999-11-04,qzzcl
TER,1999-11-15,2013-12-22,qzzcl
TER,2020-09-21,2025-05-17,qzzcl+leandroloi_single_source
TEX,2006-12-20,2008-11-05,qzzcl
TFC,2019-12-09,2025-05-17,qzzcl+leandroloi_single_source
TFX,2019-01-18,2025-03-24,qzzcl+leandroloi_single_source
TGNA,1996-01-02,2017-06-01,qzzcl
TGT,1996-01-02,2025-05-17,qzzcl+leandroloi_single_source
THC,1996-01-02,2016-04-17,qzzcl
THY,1996-01-02,1996-10-15,qzzcl
TIE,2007-10-29,2012-12-23,qzzcl
TIF,2000-06-21,2021-01-06,qzzcl
TIN,1996-01-02,2007-12-30,qzzcl
TJX,1996-01-02,2025-05-17,qzzcl+leandroloi_single_source
TKO,2025-03-25,2025-05-17,leandroloi_single_source
TKR,1996-01-02,2001-08-06,qzzcl
TLAB,1996-01-02,2011-12-20,qzzcl
TMC,1996-01-02,2000-06-12,qzzcl
TMC-A,1996-01-02,2000-06-12,qzzcl
TMK,1996-01-02,2019-08-07,qzzcl
TMO,1997-01-02,2025-05-17,qzzcl+leandroloi_single_source
TMUS,2009-06-30,2013-04-30,qzzcl
TMUS,2019-07-15,2025-05-17,qzzcl+leandroloi_single_source
TNB,1996-01-02,2004-08-02,qzzcl
TOS,1999-09-20,2001-09-16,qzzcl
TOY,1996-01-02,2005-07-21,qzzcl
TPL,2024-11-26,2025-05-17,leandroloi_single_source
TPR,2004-09-01,2025-05-17,qzzcl+leandroloi_single_source
TRB,1996-01-02,2007-12-20,qzzcl
TRGP,2022-10-12,2025-05-17,qzzcl+leandroloi_single_source
TRIP,2011-12-21,2019-12-22,qzzcl
TRMB,2021-01-21,2025-05-17,qzzcl+leandroloi_single_source
TROW,1999-10-13,2025-05-17,qzzcl+leandroloi_single_source
TRV,1996-01-02,2025-05-17,qzzcl+leandroloi_single_source
TRW,1996-01-02,2002-12-11,qzzcl
TSCO,2014-01-24,2025-05-17,qzzcl+leandroloi_single_source
TSG,2000-03-16,2007-04-01,qzzcl
TSLA,2020-12-21,2025-05-17,qzzcl+leandroloi_single_source
TSN,2005-08-11,2025-05-17,qzzcl+leandroloi_single_source
TSS,2008-01-02,2019-09-22,qzzcl
TT,2002-05-13,2008-06-05,qzzcl
TT,2020-03-03,2025-05-17,qzzcl+leandroloi_single_source
TTWO,2018-03-19,2025-05-17,qzzcl+leandroloi_single_source
TUP,1996-05-31,2004-03-24,qzzcl
TWC,2009-03-30,2016-05-17,qzzcl
TWTR,2018-06-07,2022-10-31,qzzcl
TWX,1996-01-02,2018-06-14,qzzcl
TX,1996-01-02,2001-10-09,qzzcl
TXN,1996-01-02,2025-05-17,qzzcl+leandroloi_single_source
TXT,1996-01-02,2025-05-17,qzzcl+leandroloi_single_source
TXU,1996-01-02,2007-10-09,qzzcl
TYL,2020-06-22,2025-05-17,qzzcl+leandroloi_single_source
UA,2016-04-08,2022-06-20,qzzcl
UAA,2014-05-01,2022-06-20,qzzcl
UAL,2015-09-03,2025-05-17,qzzcl+leandroloi_single_source
UAWGQ,1996-01-02,2002-05-14,qzzcl
UBER,2023-12-17,2025-05-17,leandroloi_single_source
UCC,1996-01-02,1999-05-02,qzzcl
UCL,1996-01-02,2005-08-10,qzzcl
UCM,1996-01-02,2000-10-22,qzzcl
UDR,2016-03-07,2025-05-17,qzzcl+leandroloi_single_source
UHS,2014-09-22,2025-05-17,qzzcl+leandroloi_single_source
UIS,1996-01-02,2008-11-10,qzzcl
UK,1996-01-02,2001-02-06,qzzcl
ULTA,2016-04-18,2025-05-17,qzzcl+leandroloi_single_source
UMG,1996-01-02,2000-06-14,qzzcl
UN,1996-01-02,2002-07-21,qzzcl
UNH,1996-01-02,2025-05-17,qzzcl+leandroloi_single_source
UNM,1996-01-02,2021-09-19,qzzcl
UNP,1996-01-02,2025-05-17,qzzcl+leandroloi_single_source
UPC,1998-10-01,2004-06-30,qzzcl
UPR,1996-10-16,2000-07-16,qzzcl
UPS,2002-07-22,2025-05-17,qzzcl+leandroloi_single_source
URBN,2010-02-08,2017-03-19,qzzcl
URI,2014-09-22,2025-05-17,qzzcl+leandroloi_single_source
USB,1996-01-02,2025-05-17,qzzcl+leandroloi_single_source
USBC,1996-01-02,1997-08-03,qzzcl
USH,1996-01-02,1997-06-17,qzzcl
USHC,1996-01-02,1996-07-18,qzzcl
USS,1996-01-02,1998-10-01,qzzcl
UST,1996-01-02,2009-01-05,qzzcl
USW,1996-01-02,2000-07-02,qzzcl
UTX,1996-01-02,2020-04-02,qzzcl
UVN,2001-02-07,2007-03-28,qzzcl
V,2009-12-21,2025-05-17,qzzcl+leandroloi_single_source
VAR,2007-02-12,2021-04-19,qzzcl
VAT,1996-01-02,1996-09-05,qzzcl
VFC,1996-01-02,2024-04-03,qzzcl+leandroloi_single_source
VIAB,2006-01-03,2019-12-04,qzzcl
VIAC,2019-12-05,2022-02-16,qzzcl
VIAV,2000-07-27,2013-12-22,qzzcl
VICI,2022-06-08,2025-05-17,qzzcl+leandroloi_single_source
VLO,2004-04-29,2025-05-17,qzzcl+leandroloi_single_source
VLTO,2023-10-06,2025-05-17,leandroloi_single_source
VMC,1999-07-01,2025-05-17,qzzcl+leandroloi_single_source
VNO,2005-08-12,2023-01-03,qzzcl
VNT,2020-10-12,2021-03-21,qzzcl
VO,1996-01-02,2000-12-10,qzzcl
VRSK,2015-10-08,2025-05-17,qzzcl+leandroloi_single_source
VRSN,2006-02-01,2025-05-17,qzzcl+leandroloi_single_source
VRTS,2000-04-03,2005-07-04,qzzcl
VRTX,2013-09-23,2025-05-17,qzzcl+leandroloi_single_source
VST,2024-05-08,2025-05-17,leandroloi_single_source
VSTNQ,2000-06-29,2006-01-02,qzzcl
VTR,2009-03-04,2025-05-17,qzzcl+leandroloi_single_source
VTRS,2020-11-17,2025-05-17,qzzcl+leandroloi_single_source
VTSS,2000-12-12,2002-08-20,qzzcl
VZ,1996-01-02,2025-05-17,qzzcl+leandroloi_single_source
WAB,2019-02-27,2025-05-17,qzzcl+leandroloi_single_source
WAI,1996-01-02,1998-08-10,qzzcl
WAMUQ,1997-07-02,2008-09-29,qzzcl
WAT,2002-01-02,2025-05-17,qzzcl+leandroloi_single_source
WB,1996-01-02,2009-01-01,qzzcl
WBA,1996-01-02,2025-05-17,qzzcl+leandroloi_single_source
WBD,2022-04-11,2025-05-17,qzzcl+leandroloi_single_source
WCG,2018-09-17,2020-01-27,qzzcl
WCOEQ,1996-04-01,2002-05-14,qzzcl
WDAY,2024-12-26,2025-05-17,leandroloi_single_source
WDC,2009-07-01,2025-05-17,qzzcl+leandroloi_single_source
WEC,2008-10-31,2025-05-17,qzzcl+leandroloi_single_source
WELL,2009-01-30,2025-05-17,qzzcl+leandroloi_single_source
WEN,1996-01-02,2008-09-29,qzzcl
WFC,1996-01-02,2025-05-17,qzzcl+leandroloi_single_source
WFM,2006-01-03,2017-08-27,qzzcl
WFT,2005-07-22,2009-02-25,qzzcl
WHR,1996-01-02,2024-03-17,qzzcl+leandroloi_single_source
WIN,2006-07-18,2015-04-06,qzzcl
WLA,1996-01-02,2000-06-19,qzzcl
WLL,1996-01-02,2002-02-10,qzzcl
WLP,1999-06-09,2004-11-30,qzzcl
WLTW,2016-01-05,2022-01-19,qzzcl
WM,1998-07-17,2025-05-17,qzzcl+leandroloi_single_source
WMB,1996-01-02,2025-05-17,qzzcl+leandroloi_single_source
WMT,1996-01-02,2025-05-17,qzzcl+leandroloi_single_source
WMX,1996-01-02,1998-07-16,qzzcl
WNDXQ,1996-01-02,2004-12-02,qzzcl
WOR,1996-01-02,2004-12-19,qzzcl
WPX,2012-01-03,2014-03-23,qzzcl
WRB,2019-12-05,2025-05-17,qzzcl+leandroloi_single_source
WRK,2015-07-02,2024-07-08,qzzcl+leandroloi_single_source
WSM,2025-03-25,2025-05-17,leandroloi_single_source
WST,2020-05-22,2025-05-17,qzzcl+leandroloi_single_source
WTW,2022-01-20,2025-05-17,qzzcl+leandroloi_single_source
WU,2006-10-02,2021-12-19,qzzcl
WWY,1996-01-02,2008-10-06,qzzcl
WY,1996-01-02,2025-05-17,qzzcl+leandroloi_single_source
WYE,1996-01-02,2009-10-15,qzzcl
WYND,2006-08-01,2018-05-30,qzzcl
WYNN,2008-11-14,2025-05-17,qzzcl+leandroloi_single_source
X,1996-01-02,2014-07-01,qzzcl
XEC,2014-06-20,2020-03-02,qzzcl
XEL,1996-01-02,2025-05-17,qzzcl+leandroloi_single_source
XL,2001-09-04,2018-09-11,qzzcl
XLNX,1999-11-08,2022-02-14,qzzcl
XOM,1996-01-02,2025-05-17,qzzcl+leandroloi_single_source
XRAY,2008-11-14,2024-04-03,qzzcl+leandroloi_single_source
XRX,1996-01-02,2021-03-21,qzzcl
XTO,2004-12-29,2010-06-27,qzzcl
XYL,2011-11-01,2025-05-17,qzzcl+leandroloi_single_source
YNR,2000-01-06,2000-10-02,qzzcl
YRCW,1996-01-02,1996-11-03,qzzcl
YUM,1997-10-07,2025-05-17,qzzcl+leandroloi_single_source
ZBH,2001-08-07,2025-05-17,qzzcl+leandroloi_single_source
ZBRA,2019-12-23,2025-05-17,qzzcl+leandroloi_single_source
ZION,2001-06-25,2024-03-17,qzzcl+leandroloi_single_source
ZTS,2013-06-24,2025-05-17,qzzcl+leandroloi_single_source
