strategy,rebalance_date,next_rebalance_date,outgoing_symbol,incoming_symbol,outgoing_prior_rank,outgoing_current_rank,incoming_current_rank,rank_gap,outgoing_rank_deterioration,outgoing_score,incoming_score,score_spread,score_percentile_spread,outgoing_return_20d,incoming_return_20d,outgoing_return_60d,incoming_return_60d,outgoing_acceleration,incoming_acceleration,outgoing_unrealized_return,outgoing_holding_sessions,outgoing_mfe_to_date,outgoing_mae_to_date,outgoing_giveback,outgoing_recovery_from_mae,outgoing_currently_profitable,incoming_drawdown_from_60d_high,incoming_distance_from_189d_high,outgoing_subsequent_return,incoming_subsequent_return,replacement_advantage,outgoing_future_mfe,outgoing_future_mae,outgoing_future_max_drawdown,incoming_future_mfe,incoming_future_mae,incoming_future_max_drawdown
Market-Residual Momentum,2021-09-01,2021-10-01,MSFT,VZ,5,6,2,4,1,-0.0043626402563750055,-0.003300249633539809,0.0010623906228351965,0.1428571428571429,0.053419458702872014,-0.013098933506830224,0.19167039396615992,-0.027659817557531885,-0.01047067261918129,-0.003878994320986262,-0.004517756603965362,7,0.0046166327996186585,-0.01371797774748773,0.00913438940358402,0.009200221143522369,False,-0.030033980586556153,,-0.06851150130095363,-0.017818145826597243,0.05069335547435638,0.008089296104890176,-0.07016248867464014,-0.07633879897907137,0.009091016906951133,-0.018181799208429328,-0.02561801736925784
Market-Residual Momentum,2021-09-01,2021-10-01,CSCO,WMT,3,7,5,2,4,-0.004413430403463425,-0.00401021308957672,0.0004032173138867057,0.07142857142857151,0.04924471112948958,0.03354893134541448,0.10221610917169777,0.054967995223870636,0.015172674738923662,0.015226266270790934,0.02022471792167968,7,0.025929114790792518,0.0,0.005704396869112838,0.02022471792167968,True,-0.022119377890139513,,-0.07489008310836431,-0.0562486283892486,0.018641454719115713,0.011860509711244305,-0.07810921816790473,-0.08567125835701395,0.014163461159895085,-0.056316199438085746,-0.06693478303485723
Market-Residual Momentum,2021-10-01,2021-11-01,WMT,MSFT,5,6,5,1,1,-0.0034083311383668047,-0.003370548864954692,3.778227341211249e-05,0.03571428571428581,-0.05684135418540226,-0.06596457195289596,0.0013092389135316296,0.009037094071135066,-0.05727776715657947,-0.06897693664327431,-0.05543524648340359,21,0.011452741406829059,-0.05543524648340359,0.06688798789023265,0.0,False,-0.07633879897907137,,0.07697855138712728,0.1745359338462984,0.09755738245917112,0.08107156256343129,-0.03267239547627443,-0.025347960511773904,0.17680430121582136,-0.00662827676155342,-0.020719455736905812
Market-Residual Momentum,2021-11-01,2021-12-01,MSFT,CSCO,5,6,5,1,1,-0.0034631812092449366,-0.003283493677507243,0.00017968753173769336,0.03571428571428581,0.14707717676145005,0.02190978637761365,0.1476056975375728,0.010546892886866166,0.09787527758225911,0.018394155415324926,0.1754573392261325,21,0.1754573392261325,0.0,0.0,0.1754573392261325,True,-0.053450547701305307,,0.013227639835240446,-0.006085681715015667,-0.019313321550256113,0.05718755353117366,-0.015059121363374173,-0.039142016989139106,0.04940030705925591,-0.08573478675828783,-0.07824124448460701
Market-Residual Momentum,2021-12-01,2022-01-03,CSCO,PG,5,12,5,7,7,-0.005873415223656142,-0.0032649192263389804,0.0026084959973171618,0.25,-0.022459954108985714,0.013600508404461475,-0.07084357314135581,0.009900984732591711,0.0011545702714662216,0.010300180160264238,-0.018435723441884377,21,0.03400742136707269,-0.046894606087006574,0.052443144808957065,0.028458882645122197,False,-0.03252146453005811,-0.03252146453005811,0.13272114371848165,0.11625829810722665,-0.016462845611254995,0.15775272901494763,-0.010804943045393811,-0.024978875620373486,0.13897167531944143,0.0,-0.022655512421803525
Market-Residual Momentum,2022-02-01,2022-03-01,PG,HON,2,6,5,1,4,-0.004699856203686736,-0.0044826908074764305,0.00021716539621030595,0.03571428571428581,-0.013838670038885614,-0.016385294564325803,0.11214268994808196,-0.07549408616950337,-0.05121956668824627,0.008779400825508654,0.11367854902080698,42,0.13365589216265672,0.0,0.019977343141849735,0.11367854902080698,True,-0.09829354275909008,-0.12140129736675154,-0.04030148844099668,-0.07969523210956131,-0.03939374366856463,0.026058784221668185,-0.06362350717349596,-0.07542355835515846,0.01917324998188774,-0.14256998165521184,-0.14032952315755565
Market-Residual Momentum,2022-03-01,2022-04-01,HON,PG,5,6,3,3,1,-0.005796101363352735,-0.00485655107391425,0.0009395502894384844,0.1071428571428572,-0.05825051702649797,-0.028722505165808654,-0.04325151131336746,0.07057214755120755,-0.04383334658870882,-0.052246554349544505,-0.06720929528497954,19,0.017751218011798908,-0.12506932510481827,0.08496051329677845,0.05786002981983873,False,-0.05026203175309718,-0.05026203175309718,0.04641827790786124,-0.005119102198015035,-0.051537380105876274,0.0650602998630696,-0.027723261774844854,-0.02858391124304238,0.013998364387118656,-0.07309930537271381,-0.07683365862799174
Market-Residual Momentum,2022-04-01,2022-05-02,VZ,HON,5,7,2,5,2,-0.007013045200712775,-0.006220665934673741,0.0007923792660390339,0.1785714285714286,-0.06805691758430266,0.037649090134942886,-0.03583818047820864,-0.06386903195876326,-0.056110857424899775,0.05893876745453064,-0.05152731309164127,147,0.026115705196732675,-0.08434408364122836,0.07764301828837394,0.03281677054958709,False,-0.10836545763171324,-0.1618504208845486,-0.07729664690814508,-0.0042188893485222145,0.07307775755962287,0.10125289811286176,-0.08404171063550347,-0.1583348560003619,0.03418099019809251,-0.05152711838670865,-0.0521847388585307
Market-Residual Momentum,2022-04-01,2022-05-02,PG,MSFT,3,8,4,4,5,-0.007767111232717561,-0.00660887207869898,0.001158239154018581,0.1428571428571429,-0.010106586875581192,0.04186916211355718,-0.06022489095636674,-0.060978607671542284,0.009968376776541055,0.06219536467073794,-0.009785249332204371,23,0.00745313034876105,-0.07186800147546568,0.01723837968096542,0.06208275214326131,False,-0.029291026075299098,-0.09956713234341596,0.058537162461028025,-0.1023369956174901,-0.16087415807851813,0.08015321267562792,-0.014721590678684393,-0.020751044374807237,0.018553533775137465,-0.12725858346009644,-0.14207677039885602
Market-Residual Momentum,2022-06-01,2022-07-01,KO,AAPL,2,7,4,3,5,-0.00899027054046142,-0.007790895780059315,0.0011993747604021054,0.1071428571428572,-0.0009457140123758645,-0.05635183483447659,0.020699407684335647,-0.08648230736008433,-0.007845516573821081,-0.02752439904778181,0.14427694867165575,195,0.1953704290248539,-0.06712521492111978,0.05109348035319816,0.21140216359277553,True,-0.16708387238509048,-0.17999773074636127,0.0024603387085344597,-0.09246141624322257,-0.09492175495175703,0.012624698938116019,-0.07488404903731438,-0.06642428797302002,0.012274927762507604,-0.13915943865721137,-0.13987198025203185
Market-Residual Momentum,2022-09-01,2022-10-03,JNJ,AMGN,5,6,2,4,1,-0.007661704470644404,-0.006200219657991668,0.0014614848126527358,0.1428571428571429,-0.06968300750912104,-0.020167818455217312,-0.07922862002415354,-0.013381100791407419,-0.04327346750106986,-0.015707451524748173,-0.07172669015278665,259,0.05628243949993261,-0.12017859617840398,0.12800912965271927,0.04845190602561733,False,-0.043429910412339234,-0.05680556766680733,0.017338090872416334,-0.0532928890746317,-0.07063097994704803,0.03826839760309464,-0.004211004204361379,-0.026431741576926404,0.03363487086508865,-0.07390498011730295,-0.09378672407295596
Market-Residual Momentum,2022-10-03,2022-11-01,HON,KO,3,6,4,2,3,-0.00636789734184362,-0.006331141663610151,3.6755678233468814e-05,0.07142857142857151,-0.12457402765404202,-0.08986389561096075,-0.03733360097573446,-0.10302924787760814,-0.11212949399546386,-0.05552081298509137,-0.13902713571419545,126,0.05362438584579077,-0.13902713571419545,0.19265152155998622,0.0,False,-0.1347986699273377,-0.14157788535403126,0.2021522506359139,0.06511730178297737,-0.13703494885293654,0.20632692973209066,-0.005821075539283682,-0.03804916466895414,0.08073109391852507,-0.04151861199539819,-0.042092323245041974
Market-Residual Momentum,2022-10-03,2022-11-01,AMGN,JNJ,2,7,5,2,5,-0.007246594956585195,-0.006360570935432297,0.000886024021152898,0.07142857142857151,-0.08187369765543562,-0.011975664095796312,-0.08196312610648548,-0.07866892837465278,-0.05455265561994045,0.014247312029087949,-0.06519570425487464,21,0.027248036259573727,-0.06909419187158872,0.09244374051444837,0.0038984876167140747,False,-0.07789406289151646,-0.11018551634548923,0.1810576900863421,0.059468109916486434,-0.12158958016985566,0.20269852373640962,-0.008104464313705706,-0.021666046612895506,0.06756364107809065,-0.031164265181433115,-0.03272552592871203
Market-Residual Momentum,2022-11-01,2022-12-01,KO,HON,4,6,4,2,2,-0.006649113240127402,-0.006174179477406949,0.00047493376272045307,0.07142857142857151,0.05648728675597425,0.1790337418496708,-0.04881107360065706,0.06322066315605857,0.07275764462285994,0.15796018746431795,0.06192345206974759,21,0.07806960461367085,-0.034953689988957204,0.016146152543923264,0.09687714205870479,True,-0.004440600684904261,-0.00455082129579798,0.06715196740211127,0.08595194138712015,0.018799973985008878,0.06832631789403143,-0.03215061392195995,-0.02098952134986043,0.08930437151476589,-0.02582565131555581,-0.019450269102081363
Market-Residual Momentum,2022-12-01,2023-01-03,MSFT,KO,3,7,1,6,4,-0.007405557969451637,-0.004409862924465657,0.00299569504498598,0.2142857142857143,0.12135265753795021,0.07413031643950907,0.010302054526076576,0.05472697263749571,0.11791863936259135,0.055887992227010505,-0.16928174803153107,168,0.018101052616851687,-0.3043772078891519,0.18738280064838275,0.13509545985762084,False,0.0,-0.018359708637901928,-0.0425018458110582,-0.0007861067075355388,0.041715739103522664,0.03958729083527146,-0.07878032475926455,-0.08821246532758631,0.01713551431375926,-0.020122649700158646,-0.02486400882356543
Market-Residual Momentum,2022-12-01,2023-01-03,AAPL,CSCO,5,8,4,4,3,-0.00765499585778584,-0.006130110928728172,0.0015248849290576683,0.1428571428571429,-0.015761273029314182,0.09370906615012364,-0.04047394164582918,0.1284424475339534,-0.0022699591473711225,0.05089491697213918,-0.00946261691102579,127,0.16606057370028227,-0.13235487343586705,0.17552319061130806,0.12289225652484126,False,0.0,-0.09785439560923959,-0.1209771692685161,-0.04049745847024777,0.08047971079826832,0.018284727780997656,-0.15073213158527743,-0.15015847404148497,0.016639703252920413,-0.06395387372802952,-0.05803498276937036
Market-Residual Momentum,2023-02-01,2023-03-01,HON,IBM,3,6,3,3,3,-0.00596010552274806,-0.0053042269234321315,0.0006558785993159288,0.1071428571428572,-0.03006855555818677,-0.04372215430652315,0.04192245762835567,-0.0036076490845053932,-0.044042708100971995,-0.04251960461168802,0.024704835707259454,62,0.08481812742343986,-0.016524859211008103,0.060113291716180406,0.041229694918267557,True,-0.10520046055568955,-0.10520046055568955,-0.07326202329381082,-0.029791633602742507,0.04347038969106831,0.005014174489491374,-0.08088119240201197,-0.07326202329381082,0.034111195872226,-0.030092701886636153,-0.061521745916401915
Market-Residual Momentum,2023-02-01,2023-03-01,MCD,AXP,5,7,5,2,2,-0.006261332609325598,-0.005748659667536682,0.0005126729417889164,0.07142857142857151,0.014685062830605444,0.18806316979630489,-0.005415178129595355,0.22324992477963557,0.01649012220713723,0.11364652820309303,0.15431209017308167,363,0.19506651310280754,-0.057449040162911524,0.040754422929725864,0.2117611303359932,True,0.0,-0.005365903266264183,-0.011100848242666106,0.0007498435486554822,0.011850691791321588,0.012957531579084192,-0.02557883171502162,-0.027097844131217963,0.05058242610383257,-0.013265881824420012,-0.044283955565107114
Market-Residual Momentum,2023-03-01,2023-04-03,CSCO,PG,4,6,2,4,2,-0.006089689146158261,-0.004352822733076356,0.0017368664130819056,0.1428571428571429,0.0041476225035055325,-0.02446632509702107,-0.018365616722537004,-0.07198215186727785,0.0102694947443512,-0.00047227447459511837,-0.021514361568688023,60,0.030420976128664012,-0.061122464939877164,0.051935337697352035,0.03960810337118914,False,-0.10085612671108124,-0.10085612671108124,0.07473161674923201,0.07518982232378613,0.0004582055745541158,0.08071859807924087,-0.008670482676556679,-0.0290539575377895,0.07707342947821116,-0.014125332522406775,-0.031074707012887948
Market-Residual Momentum,2023-03-01,2023-04-03,IBM,V,3,9,4,5,6,-0.00687358238237612,-0.0056633073452001526,0.0012102750371759674,0.1785714285714286,-0.03260723242087382,-0.03810230827111005,-0.12096537761511761,0.015533519047791433,0.007714560117498714,-0.043280147953707195,-0.026780864284115857,19,0.0338101731985716,-0.026780864284115857,0.06059103748268746,0.0,False,-0.047827609563201756,-0.047827609563201756,0.016058939461194965,0.026291650509159714,0.010232711047964749,0.02001542952954871,-0.055779748320014644,-0.053076321919015235,0.036270682794465436,-0.048756113502059883,-0.05415642979318924
Market-Residual Momentum,2023-03-01,2023-04-03,AXP,HON,5,21,5,16,16,-0.011959660521084214,-0.005979736303305172,0.005979924217779042,0.5714285714285715,0.007702795585794897,-0.06456312057542846,0.10789423528886077,-0.12585577850521612,-0.028261949510492025,-0.022611194407023083,0.0035182929083774628,19,0.04585303035702948,-0.0014421272541396135,0.042334737448652016,0.004960420162517076,True,-0.12135181706408515,-0.12784203321807863,-0.05417559363716562,-0.003305536309906265,0.050870057327259355,0.040401143039580756,-0.10725620240004552,-0.1260261277742879,0.04240535443516791,-0.0364640262387077,-0.06293134498120123
Market-Residual Momentum,2023-04-03,2023-05-01,HON,CSCO,5,6,5,1,1,-0.006161966896419235,-0.00608283451349767,7.91323829215651e-05,0.03571428571428581,-0.028960499155144426,0.06087689697544563,-0.08525851798563211,0.09947422220216318,-0.0005409931599337225,0.027718822908057904,-0.00042889170033710844,23,0.030533141333443536,-0.03431969529837242,0.030962033033780645,0.03389080359803531,False,0.0,0.0,0.049483327304645996,-0.08654339441033121,-0.1360267217149772,0.053733750793766744,-0.008185768561349671,-0.03517667710811789,0.011962899545330696,-0.11034747937030309,-0.10362084493860557
Market-Residual Momentum,2023-05-01,2023-06-01,CSCO,MCD,5,10,3,7,5,-0.00755185910881051,-0.005169169525768513,0.002382689583041997,0.25,-0.07437465632676998,0.0646531901255265,-0.01986997917271116,0.11712748245224458,-0.06775132993586626,0.02561069597477831,-0.08557598577752412,19,0.004802151237135011,-0.09931629667018549,0.09037813701465913,0.013740310892661367,False,0.0,0.0,0.05423722727333824,-0.03652088108584295,-0.09075810835918119,0.06970359057759978,-0.0347457404307876,-0.034642986233234696,0.010618309704733875,-0.04183003687176434,-0.044117497607346845
Market-Residual Momentum,2023-06-01,2023-07-03,JNJ,WMT,5,7,4,3,2,-0.004866224471706926,-0.004110003336590506,0.0007562211351164194,0.1071428571428572,-0.05332407197825917,-0.024818644067397422,0.0043065427367894316,0.05248622833864869,-0.05475958622385565,-0.042314053513613656,-0.03603850970477174,166,0.10422695349352296,-0.06799915514187316,0.1402654631982947,0.03196064543710142,False,-0.04081774013276618,-0.04081774013276618,0.06341428373555469,0.07249848197283737,0.009084198237282681,0.07590275746602138,-0.008994431538992265,-0.01606077610307277,0.08221046849974667,-0.001846662009506006,-0.022633807171105413
Market-Residual Momentum,2023-07-03,2023-08-01,PG,AAPL,5,7,5,2,2,-0.004958706008135749,-0.004710296546604487,0.00024840946153126264,0.07142857142857151,0.05404258320225752,0.07707261460313264,0.016375181935645022,0.17272428346643065,0.04858418922370918,0.019497853447655755,0.106048377231587,85,0.14125500447193184,-0.010720760322591283,0.035206627240344845,0.11676913755417828,True,0.0,0.0,0.03553054834712399,0.012694967460341378,-0.022835580886782614,0.04748807687499235,-0.029838979074873873,-0.02898372279323247,0.02296433744147608,-0.03705217315631759,-0.029414667138332518
Market-Residual Momentum,2023-09-01,2023-10-02,AAPL,IBM,5,7,5,2,2,-0.0044891568455697195,-0.004314365792988717,0.00017479105258100258,0.07142857142857151,-0.01593523029390842,0.02817377802874277,0.04973872638325605,0.11929837096313234,-0.03251480575499377,-0.01159234562563468,-0.029189225123578022,43,0.013778696289031833,-0.10086188471258828,0.042967921412609855,0.07167265958901026,False,-0.00020422620605142772,-0.00020422620605142772,-0.09641673720157162,-0.049029127001703254,0.04738761019986837,0.0025858273783734287,-0.11541506333377927,-0.10158136014549157,0.03171265305901838,-0.05194902912625343,-0.06534100367233298
Market-Residual Momentum,2023-10-02,2023-11-01,IBM,PG,5,6,5,1,1,-0.004431035787575532,-0.004072877968807398,0.00035815781876813446,0.03571428571428581,-0.04447335580280487,-0.05494359589628439,0.07380847949658076,-0.03428498460063045,-0.06907618230166512,-0.04351526769607424,-0.04726342292597696,20,0.017452222398457673,-0.04726342292597696,0.06471564532443463,0.0,False,-0.07148788694552566,-0.07148788694552566,0.03541862396379236,0.04732026843649817,0.011901644472705808,0.03370468203822008,-0.029777042316133095,-0.04782506931186403,0.05218566759761889,-0.023000673042899322,-0.022842020688568554
Market-Residual Momentum,2023-11-01,2023-12-01,KO,IBM,2,7,4,3,5,-0.0046133349137049695,-0.0040109290118079954,0.0006024059018969741,0.1071428571428572,0.029336665227154723,0.030272658684602938,-0.06948561874927517,0.0008514590733317284,0.052498538143579784,0.02998883899349236,-0.09115108391647442,230,0.01860100051580127,-0.15727541251548527,0.10975208443227569,0.06612432859901085,False,-0.034639494300514384,-0.034639494300514384,0.034049050129918434,0.10487276249137345,0.07082371236145502,0.037420725139042155,-0.0130279815773654,-0.009094111879402789,0.1061980065872008,-0.00379312449488145,-0.00631010023873535
Market-Residual Momentum,2023-12-01,2024-01-02,IBM,JPM,4,7,4,3,3,-0.0051252338052442115,-0.004347201166016168,0.0007780326392280434,0.1071428571428572,0.10287658458832838,0.12336243613394648,0.0830627111056852,0.08465538857685795,0.07518901421976665,0.09514397327499384,0.1059189563290932,21,0.1059189563290932,0.0,0.0,0.1059189563290932,True,0.0,-0.004862917474006467,0.027902151606054915,0.08516231188318368,0.05726016027712877,0.050060078760245874,-0.002588243498712006,-0.028292236424405703,0.09543079400487064,0.0,-0.0112792358417374
Market-Residual Momentum,2023-12-01,2024-01-02,WMT,KO,1,10,5,5,9,-0.006760095868795668,-0.004636534134863979,0.0021235617339316892,0.1785714285714286,-0.055680234306485055,0.04368068949332482,-0.03579612924654729,0.010083072637749213,-0.043748191224302624,0.04031966528074175,0.06862368480855552,127,0.16533443453718677,0.0,0.09671074972863125,0.06862368480855552,True,0.0,-0.06959792657352404,0.015793897221504816,0.00909557350390422,-0.006698323717600596,0.02277041309660044,-0.03401072680284989,-0.0276740603773471,0.030375785996587856,-0.013729193514563476,-0.038711845713512605
Market-Residual Momentum,2024-01-02,2024-02-01,PG,IBM,3,6,5,1,3,-0.004839663543933614,-0.004766760886539045,7.290265739456903e-05,0.03571428571428581,-0.045466477806427985,0.03147078678845672,0.010241331712494306,0.17250190807701782,-0.04888025504392609,-0.026029849237215887,0.018544625443390972,63,0.06706008931223062,-0.012294687307005447,0.04851546386883965,0.03083931275039642,True,-0.007042816041283317,-0.007042816041283317,0.07789077509763986,0.1277407504344079,0.04984997533676805,0.08978543378406711,-0.0003416442439826417,-0.01393130091213357,0.2092368219074483,-0.03033818189440407,-0.03570866885617796
Market-Residual Momentum,2024-03-01,2024-04-01,KO,JNJ,4,6,3,3,2,-0.0047182217620592715,-0.004119344117746615,0.0005988776443126564,0.1071428571428572,0.008909024687717704,0.02331825093761708,0.0235334543401593,0.02667805271623558,0.0010645399076646047,0.014425566698871886,0.030032618264633326,61,0.0509695793299525,-0.011326579407681447,0.02093696106531917,0.041359197672314774,True,-0.002842391427357094,-0.05377411450755998,0.02953868968762685,-0.025397154459727678,-0.05493584414735453,0.033745524932631055,-0.015525825082847833,-0.012451469545575522,0.007909550118903708,-0.04368792136650579,-0.046208817762813936
Market-Residual Momentum,2024-03-01,2024-04-01,MCD,HON,3,7,4,3,4,-0.004863931135702604,-0.004511807972286452,0.00035212316341615146,0.1071428571428572,0.004177864982112478,-0.01205218034372113,0.027916135745019943,0.013357651795550485,-0.005127513599560837,-0.01650473094223796,0.010659077376968362,210,0.03330726131078654,-0.15857082607482842,0.022648183933818178,0.16922990345179678,True,-0.04429032093549634,-0.04429032093549634,-0.033940845995896085,0.03947558873166912,0.0734164347275652,0.01705614928800414,-0.0488006174934662,-0.055084593041861085,0.046712895351965544,-0.01331036856930845,-0.03089692196160576
Market-Residual Momentum,2024-03-01,2024-04-01,IBM,HD,5,19,5,14,14,-0.009227091562511669,-0.004665873268961285,0.004561218293550384,0.5000000000000001,0.016644445958263976,0.07833740528713418,0.16298282203365466,0.19082039613240975,-0.03768316138628758,0.01473060657633092,0.14669848573521427,41,0.16950211415538252,-0.02253867404121901,0.022803628420168254,0.16923715977643328,True,0.0,0.0,0.024314046509141374,0.008916729773830623,-0.015397316735310751,0.07380449848424608,-0.0016713181745753314,-0.04692070536780468,0.049646885919875317,-0.02440802198837344,-0.03863878138567656
Market-Residual Momentum,2024-04-01,2024-05-01,HD,KO,5,6,5,1,1,-0.005012073772096559,-0.004804195504027775,0.00020787826806878407,0.03571428571428581,0.013883753557610401,0.027480179602800137,0.11827489516467171,0.03091543892000348,-0.02554121149728017,0.017175033296132312,0.014550149672259982,20,0.04523009356280294,-0.017399284976927,0.03067994389054296,0.03194943464918698,True,0.0,-0.006287378770127416,-0.12703494674680582,0.010133922414413021,0.13716886916121884,0.004377836847957672,-0.14305179262631973,-0.12973484059251894,0.026969448008782093,-0.053121978712409534,-0.050997083951598965
Market-Residual Momentum,2024-05-01,2024-06-03,JPM,MCD,2,8,5,3,6,-0.005777292217449159,-0.004875718933587514,0.0009015732838616453,0.1071428571428572,-0.030179830228851956,-0.016922351882757147,0.10375118828630647,-0.07559856527044861,-0.06476355965762079,0.008277169874059059,0.24533232049701814,103,0.2933842121718919,0.0,0.04805189167487378,0.24533232049701814,True,-0.07777177427617021,-0.08630273729317073,0.052218079831295006,-0.043390854928033296,-0.0956089347593283,0.07078574430723528,-0.019815979294010022,-0.04497284130853563,0.019750843143038876,-0.08187783566516604,-0.09320001985850346
Market-Residual Momentum,2024-06-03,2024-07-01,HON,MSFT,4,6,3,3,2,-0.004953307038875865,-0.0038604175406949937,0.0010928894981808712,0.1071428571428572,0.04968255851837999,0.0453420672594369,0.013768317780028072,0.034292811968799075,0.04509311925837064,0.03391112993650388,0.02869845003315774,64,0.05123720977193602,-0.03659097181107851,0.02253875973877828,0.06528942184423625,True,-0.0371120525966695,-0.0371120525966695,0.045726663514856325,0.081762204822458,0.03603554130760167,0.0745519156593637,-0.013884828532451987,-0.015691314042583282,0.09780289233393002,-0.01590736016889427,-0.013379875727447699
Market-Residual Momentum,2024-06-03,2024-07-01,JNJ,PG,3,7,4,3,4,-0.005353691381400183,-0.004735830058067658,0.0006178613233325247,0.1071428571428572,-0.013770061634884923,0.004272678953288533,-0.07207487123192724,0.03780424560476647,0.010254895442424156,-0.008328736248300292,-0.08635255158768562,64,0.005623230391632594,-0.10739675955419603,0.09197578197931822,0.02104420796651041,False,-0.022631420510603628,-0.022631420510603628,-0.008013598019529278,0.010126407908318757,0.018140005927848035,0.01677417483547261,-0.022886489637835905,-0.022264004187293684,0.033428975109565995,-0.001829975028194264,-0.02159447810044568
Market-Residual Momentum,2024-06-03,2024-07-01,MCD,CSCO,5,8,5,3,3,-0.005570384016123309,-0.004891355477727233,0.0006790285383960759,0.1071428571428572,-0.052656502499998536,-0.006198093403761984,-0.11620513743868066,-0.04657513168115912,-0.013921456687104983,0.009326950489957722,-0.04602401087528152,22,0.013339187937937869,-0.08110404450127773,0.05936319881321939,0.03508003362599621,False,-0.07018602872481017,-0.17728384140569653,-0.01201878144024715,0.016267160384621393,0.028285941824868543,0.02000526366015909,-0.03326475084588765,-0.04540938717365006,0.02440065876174069,-0.03788533237809166,-0.040067360207022396
Market-Residual Momentum,2024-07-01,2024-08-01,CSCO,HON,5,7,5,2,2,-0.0056766112613708675,-0.004929125932645939,0.0007474853287249283,0.07142857142857151,0.030138484545261912,0.06286410754761174,-0.02523614468562907,0.08111543662000864,0.038550532773804935,0.03582562867427552,0.016909171702375936,19,0.016909171702375936,-0.025684856080940177,0.0,0.04259402778331611,True,-0.01384413942446916,-0.01384413942446916,0.03278303282887851,-0.041334537325401155,-0.07411757015427967,0.03596939099692387,-0.030305562072495906,-0.04451769834453989,0.035891770466224715,-0.06990730489377572,-0.08541844431951151
Market-Residual Momentum,2024-11-01,2024-12-02,V,JNJ,3,6,5,1,3,-0.007286502398499151,-0.006567251256022866,0.0007192511424762849,0.03571428571428581,0.04691910011910627,-0.003987719676848078,0.13219736550184558,0.013677486105373005,0.002853311618491082,-0.008546881711972414,0.3362428222814442,422,0.34412597429698977,-0.022737640733710762,0.00788315201554557,0.35898046301515496,True,-0.044927741487089334,-0.044927741487089334,0.10056652259588228,-0.02857322598996337,-0.12913974858584565,0.09872605966491288,-0.004506179891761941,-0.015280660492992593,0.0029891376389699076,-0.06115311755286068,-0.054240669618964454
Market-Residual Momentum,2024-12-02,2025-01-02,HON,WMT,4,7,5,2,3,-0.007549758405181239,-0.007301899287121882,0.000247859118059357,0.07142857142857151,0.13806249160801287,0.1287371507551731,0.1532008303407597,0.20192306239862368,0.08699554816109298,0.061429463288965216,0.10423882716303434,107,0.10423882716303434,-0.07699177198770324,0.0,0.18123059915073758,True,0.0,0.0,-0.02624467747789483,-0.02844902741823785,-0.00220434994034302,0.021956337086337374,-0.043012160239465747,-0.0428387877508587,0.03619921684834915,-0.040002302341021756,-0.05768700277411143
Market-Residual Momentum,2025-01-02,2025-02-03,PG,CSCO,4,6,4,2,2,-0.007140049348662747,-0.006430880701904007,0.0007091686467587399,0.07142857142857151,-0.06705607518269119,-0.0038701187790377567,-0.0014464449191333717,0.12227474575783881,-0.0665739268763134,-0.044628367364984024,0.03489276759675053,147,0.10927649569014086,-0.013439340298112445,0.07438372809339033,0.048332107894862975,True,-0.013662067333747085,-0.013662067333747085,-0.009584277294568566,0.022442216627922118,0.032026493922490684,0.01717084420542303,-0.0631804310987023,-0.0566958315467182,0.05862436046313224,-0.011871320820869613,-0.050618681361783935
Market-Residual Momentum,2025-01-02,2025-02-03,WMT,AAPL,5,7,5,2,2,-0.007731030613143508,-0.006809362401263508,0.0009216682118800001,0.07142857142857151,-0.022558427708123996,0.045202330953374226,0.11873211010685236,0.10535954626034716,-0.06213579774374145,0.01008248219992517,-0.024453922018428664,21,0.031027880801759444,-0.024454089010318092,0.05548180282018811,1.6699188942759235e-07,False,-0.03320201219569363,-0.03320201219569363,0.07546119713082122,-0.07608560980484891,-0.15154680693567013,0.1002444795518691,-0.005112321590414193,-0.02376338737591721,0.0006829768719587292,-0.11870807115287696,-0.1056120424218393
Market-Residual Momentum,2025-02-03,2025-03-03,AAPL,V,5,7,5,2,2,-0.007503047742695501,-0.006820495192982778,0.0006825525497127227,0.07142857142857151,-0.0575834119649038,0.08150870564764778,0.05988794431590394,0.17785587722298413,-0.0775460600702051,0.02222341323998641,-0.05194231906576263,20,0.0,-0.1056120424218393,0.05194231906576263,0.05366972335607667,False,-0.003643751297299991,-0.003643751297299991,0.05246243948609419,0.06944345894756632,0.016981019461472124,0.08819896953925532,-0.018653021620321564,-0.03966007971444463,0.07238968321333905,-0.0022353228400735503,-0.022986630985040946
Market-Residual Momentum,2025-03-03,2025-04-01,MSFT,MCD,3,6,3,3,3,-0.007031498820328275,-0.006524918274078084,0.0005065805462501904,0.1071428571428572,-0.04145637815149483,0.06203485322165081,-0.06062915402099622,0.04788589316038916,-0.021246660144496093,0.04607288883485443,-0.03905705502257428,186,0.1273317379602068,-0.049045827952120646,0.1663887929827811,0.009988772929546363,False,-0.007691949989809377,-0.02013932149847475,-0.060603910340834344,0.016130627647664042,0.07673453798849839,0.008349496648207388,-0.07745021040155642,-0.06575740033348709,0.05910216460473938,-0.04024522056661939,-0.07404527983257447
Market-Residual Momentum,2025-04-01,2025-05-01,MCD,MSFT,3,7,5,2,4,-0.00843060891922176,-0.007431862460316574,0.0009987464589051864,0.07142857142857151,0.026553654164677587,-0.03190123295874736,0.0837680660566884,-0.10592927053440004,-0.001369034520885215,0.0034085238860526515,0.01382634464497201,21,0.04277692759295704,-0.03443578181361573,0.028950582947985026,0.04826212645858774,True,-0.15731030676372848,-0.19245663055477047,0.00022356591725958275,0.15070069252944007,0.1504771266121805,0.027788484838739524,-0.07212205159167728,-0.05793811999393561,0.05874821658388307,-0.07970089128327307,-0.08033495399344193
Market-Residual Momentum,2025-05-01,2025-06-02,JNJ,AXP,2,9,3,6,7,-0.011500917664963861,-0.007969256219021337,0.0035316614459425244,0.2142857142857143,0.019967317449344657,-0.011777462067554256,0.03747412927364291,-0.1555478516150488,0.00747594102479702,0.04007182180412868,-0.010926304861519354,122,0.061145492287214775,-0.10823353171732097,0.07207179714873413,0.09730722685580162,False,-0.16608595073319465,-0.1797512324796151,0.0051892727432159,0.09085833111189179,0.08566905836867589,0.018967714929413626,-0.05729030726276907,-0.06954856210248173,0.13291037494537483,-0.005522429053463229,-0.056500191791331034
Market-Residual Momentum,2025-06-02,2025-07-01,MSFT,JPM,4,6,4,2,2,-0.009082399495344284,-0.006998982727073666,0.0020834167682706184,0.07142857142857151,0.08620917408392992,0.06930201163456351,0.15224519204191767,0.056041420267023634,0.03546077673662403,0.0506215382122223,0.23334687633942508,42,0.23334687633942508,-0.0536233810434229,0.0,0.286970257382848,True,-0.013305486451626214,-0.05116595078222386,0.08399419373058548,0.10596157873006962,0.02196738499948414,0.09336109364514655,-0.0005468784004660776,-0.00816507022742996,0.11265305009913074,-0.010303332077596039,-0.016223955441954985
Market-Residual Momentum,2025-06-02,2025-07-01,KO,GS,5,9,5,4,4,-0.009600953354747754,-0.007096714188700171,0.002504239166047584,0.1428571428571429,0.01136221317385866,0.08958165692627551,0.03641643366118785,0.01749032219264457,-0.0007765980465372913,0.08375154952872732,0.21373660040548415,293,0.24403777471858512,-0.050997083951598965,0.030301174313100976,0.2647336843570831,True,-0.025179783392625943,-0.09782161274786971,-0.0074311020299389074,0.1827598823644061,0.190190984394345,0.009162831624676349,-0.03833087534552604,-0.0417490509494437,0.19328442691791947,-0.010741718907501308,-0.018508725910752033
Market-Residual Momentum,2025-09-02,2025-10-01,V,MSFT,5,7,5,2,2,-0.007349478285518352,-0.006768638688258277,0.0005808395972600744,0.07142857142857151,0.03845292565040026,-0.03164807433076877,-0.042394043780334845,0.09410611317674933,0.05258427357717854,-0.06301677872301856,0.03993580627965043,145,0.10164462782634232,-0.09179801676195387,0.06170882154669188,0.1317338230416043,True,-0.0524924327021421,-0.0524924327021421,-0.02576511196969411,0.028633024952197106,0.054398136921891216,0.009504488759785268,-0.045346552008490804,-0.04575631455528262,0.03957801336064959,-0.016184685022133327,-0.02553290028115618
Market-Residual Momentum,2025-10-01,2025-11-03,MSFT,KO,5,6,5,1,1,-0.006863997001996691,-0.006817421882502228,4.6575119494463024e-05,0.03571428571428581,0.02539998903555518,-0.032310684976388004,0.04235609345788838,-0.0588844060642868,0.011281291216259056,-0.012682549621625738,0.0349272407765997,21,0.0368354429086597,-0.010929614429211143,0.0019082021320599996,0.04585685520581084,True,-0.0554259067111601,-0.08925875183391263,0.009731914976569334,0.03443097786554139,0.024699062888972056,0.07560209611227764,-0.017094045710453698,-0.04475434673379952,0.07683045980041481,-0.010073755895244063,-0.0402976777744678
Market-Residual Momentum,2025-11-03,2025-12-01,CSCO,MCD,3,7,2,5,4,-0.006306864671900558,-0.005345481782032313,0.0009613828898682453,0.1785714285714286,0.07641343450858273,-0.008472515288044713,0.05223845179460507,-0.025285911982477427,0.05900061724371437,-4.38779605522379e-05,0.26531735064418416,209,0.26531735064418416,-0.09043383115358361,0.0,0.35575118179776777,True,-0.05855083451306553,-0.060579424137274795,0.02761019529768216,0.045913696525081704,0.018303501227399543,0.07304643921678755,-0.05455026940349095,-0.047848806888221906,0.05250780680655032,-0.010850978736937189,-0.02375122528583229
Market-Residual Momentum,2025-11-03,2025-12-01,AXP,PG,4,16,3,13,12,-0.00893645108099439,-0.005398682270783106,0.0035377688102112836,0.4642857142857143,0.09509460360631294,-0.005572257588536411,0.22703503939039105,-0.013476174823706333,0.019416257142849266,-0.0010801993139676336,0.3528249459319692,128,0.35635004016045957,0.0,0.003525094228490344,0.3528249459319692,True,-0.05556328972859914,-0.12965310185423018,0.00792233880140758,-0.013324411519796686,-0.021246750321204266,0.04495845597157544,-0.07451528921484951,-0.0861389187454199,0.009327089178653214,-0.040040131219542974,-0.030646370619505037
Market-Residual Momentum,2025-12-01,2026-01-02,GS,MSFT,5,7,1,6,2,-0.007428601680343316,-0.004770791344575476,0.0026578103357678406,0.2142857142857143,0.04540857947612431,-0.06244121437924954,0.10300434047030826,-0.029606294672096523,0.011073799319354892,-0.0525724494885507,0.387340458895415,126,0.4090565570848985,0.0,0.0217160981894835,0.387340458895415,True,-0.09065079026673106,-0.09065079026673106,0.08525929677328392,-0.008291725765819491,-0.09355102253910341,0.12835039741427767,-0.010970133044989727,-0.04247940644341863,0.010359471049731228,-0.035951250976777316,-0.03495795984138694
Market-Residual Momentum,2026-01-02,2026-02-02,JPM,JNJ,2,7,5,2,5,-0.007095095755431324,-0.006973043889594854,0.00012205186583646999,0.07142857142857151,0.04657657911244795,0.00744811558222036,0.04217617122856998,0.1068450504956655,0.032517855369591286,-0.02816690124966814,0.23696467881416217,148,0.2636449092836821,-0.004068008624307673,0.02668023046951995,0.24103268743846984,True,-0.033711507480160385,-0.033711507480160385,-0.051679617948446555,0.10395520631279398,0.15563482426124053,0.046155112034111045,-0.07644182352349849,-0.11024765763484423,0.112078113629005,-0.028575570500204095,-0.01494042634097148
Market-Residual Momentum,2026-02-02,2026-03-02,MSFT,TRV,2,6,5,1,4,-0.0075897550524343105,-0.007548860826639636,4.089422579467428e-05,0.03571428571428581,-0.11027248002775836,-0.019133950376936104,-0.16620817861121984,0.06715796492693404,-0.05486975382401841,-0.04151993868591412,-0.11905248802005952,42,0.0073294114327557836,-0.11905248802005952,0.1263818994528153,0.0,False,-0.03175186511996697,-0.03175186511996697,-0.0847976999573199,0.07572316045926519,0.1605208604165851,0.0011621420866239074,-0.11077253668486431,-0.10434285586348624,0.08359274143576223,-0.009198661593848967,-0.028757135240933818
Market-Residual Momentum,2026-04-01,2026-05-01,PG,AAPL,4,6,5,1,2,-0.008690051851643066,-0.007837502145962016,0.0008525497056810494,0.03571428571428581,-0.09566738342301029,-0.03776315858106338,0.025922379505792126,-0.06266396427422127,-0.10430817659160767,-0.016875170489656293,-0.030875930324511636,102,0.12183281792033651,-0.0803465143943094,0.15270874824484815,0.04947058406979776,False,-0.08662628830362462,-0.11238175115587767,0.035182374128667426,0.09752829417302289,0.06234592004435546,0.0670353224461111,-0.022095689401313123,-0.031375475389983754,0.0862720446674401,-0.03298179567813819,-0.025196714096157535
