hypothesis_id,feature,bucket,active_days,average_bucket_names,average_positions,cagr_gross,cagr_net,spy_cagr,excess_cagr,cumulative_return_net,annualized_volatility,sharpe,sortino,max_drawdown,max_drawdown_duration_days,alpha_annual,alpha_tstat,r_squared,market_beta,smb_beta,hml_beta,rmw_beta,cma_beta,momentum_beta,spy_correlation,spread_annualized_gross,spread_hac_tstat,ic_mean,ic_hac_tstat,spread_h2_annualized,spread_h2_hac_tstat,ic_h2_mean,spread_h5_annualized,spread_h5_hac_tstat,ic_h5_mean,quintile_monotonicity_spearman,q1_annualized_active_days,q2_annualized_active_days,q3_annualized_active_days,q4_annualized_active_days,q5_annualized_active_days,annual_two_way_turnover,estimated_cost_drag_annual,average_side_cost_bps,capacity_usd_half_pct_adv,average_position_weight,regime_bull_spread_annualized,regime_bull_long_net_annualized_active_days,regime_bull_n,regime_sideways_spread_annualized,regime_sideways_long_net_annualized_active_days,regime_sideways_n,regime_bear_spread_annualized,regime_bear_long_net_annualized_active_days,regime_bear_n,subperiod_2001_2009_spread_annualized,subperiod_2001_2009_long_net_annualized_active_days,subperiod_2001_2009_n,subperiod_2010_2018_spread_annualized,subperiod_2010_2018_long_net_annualized_active_days,subperiod_2010_2018_n
ibs_earnings_event,earnings_event,non_event,4526,1660.0006628369422,332.3473265576668,-0.08628167570952039,-0.7273903435373916,0.057797228211110774,-0.7851875717485024,-0.9999999999275728,0.21314683878961957,-5.974736364933615,-5.298994102940839,-0.9999999999386475,4526,-0.7437403967489007,-58.990756197064314,0.7622675079844631,0.8011407006377268,0.7767299545114794,-0.1100577150860887,-0.09023743818657186,-0.03874659230633408,-0.13531009221721202,0.7671027988030211,-0.10987328429080556,-5.103743128325117,-0.003369924476031775,-2.57171633227442,0.038945627391604676,1.2248752329168922,0.0032424703709929264,0.2666068918426563,4.0296344116334355,0.0058243004627503165,0.9999999999999999,-0.06505306424972734,-0.00015431445016211853,0.0036734441413392993,0.0062653565438932635,0.0503288044929322,503.8886679920477,0.6411086678278712,23.979375919062296,68906570.22769453,0.0030319581768888746,-0.13093102560806802,-0.7235424029169465,2038,-0.06175749262861863,-0.6959857402565226,381,-0.09765298388143662,-0.7231322234101935,2107,-0.10904326147611998,-0.7373532960398889,2262,-0.11070180469920055,-0.7039234057346118,2264
ibs_earnings_event,earnings_event,event,2010,53.2592039800995,11.2681592039801,-0.17184153077409692,-0.510629274240658,0.057797228211110774,-0.5684265024517687,-0.9999973419196211,0.23813071704866048,-2.8725800581119207,-1.7546393103778553,-0.9999973420821665,4484,-0.5197290100518395,-12.413800917352859,0.11875246822333452,0.343993312583708,0.4278258547883222,-0.03456487655489233,-0.05499912919488961,0.0032532639604486544,-0.0022430391744509347,0.2834291933825579,-0.27919322493772125,-2.399677394000885,-0.0060998827830658995,-1.183419414869899,-0.3483874274939325,-2.5978750646128086,-0.0027565756626987716,-0.362980533135412,-1.9190789241842192,-0.001432363745647664,0.49999999999999994,-0.3030031933308678,-0.02117394600984701,-0.09672301094532354,0.24814214332772289,-0.03299021363290855,223.77733598409543,0.33878774346656104,23.489015493751957,2325031.2996200067,0.2088255370396866,-0.19209047377339905,-0.7396472623541208,895,0.15342770399073058,-0.7014711836955667,186,-0.41234143011185065,-0.8355819133416651,929,-0.2833830410144583,-0.8222413151882386,994,-0.2750705223096549,-0.7452524248749883,1016
ibs_overnight_gap_share,overnight_gap_share,low,4526,560.1034025629696,131.46928855501545,-0.05342971455151302,-0.7241567336626764,0.057797228211110774,-0.7819539618737872,-0.9999999999104843,0.22186220593367398,-5.678502862943915,-5.043077875734744,-0.9999999999242332,4509,-0.7414638078580418,-53.02227899251813,0.7297120789483769,0.8123046291869236,0.8300559474300792,-0.06181523273457556,-0.0434830330059408,-0.0691036918777416,-0.12688588359542108,0.7449386586323911,0.00410060411788149,0.14163554988145016,0.004874225971325842,3.079445550661513,0.21400887190700812,4.7818188327695825,0.00978285390929315,0.5436131373172408,6.130528997672029,0.00986210137451047,-0.39999999999999997,-0.029526603143349317,0.04759787811088567,-0.004442540348683632,-0.0291859488938343,-0.033490413198769664,503.8886679920477,0.6707270191111634,24.443537143484747,23432671.34280269,0.008437733978657129,-0.039976749603321426,-0.7213600947868243,2038,-0.03743502853813174,-0.705055161474594,381,0.05669026813154354,-0.7154550816948981,2107,0.08414734268388901,-0.7176256580502776,2262,-0.06999465357227719,-0.7169265409895031,2264
ibs_overnight_gap_share,overnight_gap_share,mid,4526,560.4381352187362,113.4712770658418,-0.0842415255650889,-0.7230220092837005,0.057797228211110774,-0.7808192374948113,-0.9999999999036332,0.21917120815229849,-5.732407718661949,-5.116047251266695,-0.9999999999197277,4526,-0.7393402138837865,-53.31902414475464,0.7349414204176838,0.8198412796984145,0.7560678340591727,-0.13589602961535305,-0.1066509588250218,-0.010219244025177213,-0.12874696660601537,0.7594465847930258,-0.1405679374817118,-5.659366257051615,-0.005175645644081911,-3.5359880711730742,-0.010833190765831335,-0.29319392377826325,0.0017414035960093704,0.22245367684613782,3.051708395767451,0.005374602927516084,0.8999999999999998,-0.06174900217325974,0.0039566986417716166,0.016930890538808585,0.008802498854080687,0.09165293500294491,503.8886679920477,0.6387804837186116,23.709454480045142,25324970.19814449,0.009141824615546386,-0.14182099271933113,-0.7151928930933105,2038,-0.07488865688169966,-0.6947712264822555,381,-0.15074083377385916,-0.7210583714457444,2107,-0.1537851738960614,-0.7372624739736731,2262,-0.12715703907457132,-0.6936697832166311,2264
ibs_overnight_gap_share,overnight_gap_share,high,4526,560.7684489615555,91.76159964648697,-0.16388093526117087,-0.7472724964008964,0.057797228211110774,-0.8050697246120072,-0.9999999999814185,0.20730789551831977,-6.512432662999532,-5.755961580109257,-0.9999999999839987,4526,-0.7607795955188377,-55.70893590723554,0.7180668786272566,0.7435778152638862,0.7176055214206987,-0.12720568795110201,-0.13009797821424515,-0.03522836908553294,-0.15401683419959952,0.7439698048687176,-0.27222758755030685,-12.57758579680615,-0.013049180701041519,-11.124159729513888,-0.20937556113710665,-6.911010140787772,-0.0065313877105605,-0.09341634806916554,-1.607820567865556,-0.001689661402352976,0.9999999999999999,-0.14562242810140535,-0.048276424665024464,-0.008407546040083758,0.04515964802921024,0.17372539468824955,503.8886679920477,0.5833915611397256,23.72353971623426,21314803.69647324,0.01368199395097908,-0.28125535496474496,-0.7409755627648347,2038,-0.1490263589834896,-0.7077028529586321,381,-0.2839339589000677,-0.7482988512102702,2107,-0.3344996024128747,-0.7725158673156255,2262,-0.20421678412189082,-0.7069807009682616,2264
ibs_abnormal_volume,abnormal_volume,low,4526,561.9414494034468,111.14869642068051,-0.11358217302422302,-0.7492850906556243,0.057797228211110774,-0.8070823188667351,-0.9999999999839047,0.22195170647200113,-6.1042208218635805,-5.419752286925082,-0.9999999999865092,4526,-0.7641853039087525,-59.098712811997835,0.7554304429854286,0.8237291510022284,0.8123574746795967,-0.11172908746646262,-0.12163307666865217,-0.04108052920606341,-0.13729682645745772,0.7619629615442812,-0.0809960289942192,-3.2136003293442066,-0.0007968241220485374,-0.5357362074698517,0.01246970056298502,0.3492170083333935,0.002344016980028239,0.16884600753724355,2.434612968682247,0.00297515320412333,0.7,-0.09126327210100504,-0.045436205679997954,-0.042697552106309766,-0.06097651053894804,-0.011168419140541341,503.8886679920477,0.6357029176314013,25.03655614210488,19433606.94050856,0.009244366632138902,-0.14197120166388633,-0.7428974550750732,2038,-0.04894755557360919,-0.7249289767722045,381,-0.02398315753759228,-0.7463020066320875,2107,-0.034453402913610875,-0.7570429412283735,2262,-0.12526542949692643,-0.728227006335649,2264
ibs_abnormal_volume,abnormal_volume,mid,4526,562.2783915156872,108.69774635439681,-0.056200448733866426,-0.6992357967097675,0.057797228211110774,-0.7570330249208783,-0.9999999995766443,0.21641107172669777,-5.429501956249937,-4.858857105474716,-0.999999999637568,4526,-0.7169458100192831,-52.40260430228842,0.7375683718617004,0.8104761881161661,0.7518999068865664,-0.12889195846816795,-0.0989888702488062,-0.028574043195060708,-0.12485354423053259,0.757203710648373,-0.044324961478467984,-1.8266307395547405,-0.0014075324639791847,-0.9213127772356361,0.10744933307222504,2.830480016710053,0.004614880815371944,0.3104122090171124,4.160533692024908,0.006651801283338969,0.8999999999999998,-0.033586387620959446,0.001963002690320126,0.009758860506660971,0.009348347569996696,0.011234604706328755,503.8886679920477,0.6430353479759011,22.67399029418635,28828405.45284562,0.00935373969175723,-0.08936543060317548,-0.697501957986034,2038,-0.04410895129196135,-0.675616980485165,381,0.0013091595483794016,-0.6897453644537221,2107,0.023135045602466153,-0.699586751704886,2262,-0.10729969422461738,-0.6844550030667149,2264
ibs_abnormal_volume,abnormal_volume,high,4526,562.606053910738,118.09500662836942,-0.10351158749112288,-0.7360885654070455,0.057797228211110774,-0.7938857936181563,-0.9999999999595508,0.21343101511482304,-6.117608528138776,-5.393842457816155,-0.9999999999655406,4526,-0.751691855332668,-51.7987754383696,0.710120975261539,0.7704424739078617,0.7683605996410325,-0.09511303696387141,-0.050634954380136626,-0.045948918526149865,-0.1441523698069766,0.7385909377561428,-0.1995791936555289,-8.03425183256036,-0.008249473843976621,-6.090293782765995,-0.020734002136812313,-0.5550982167932837,0.0020919912686056925,0.27213875376628605,3.5185990783861656,0.007143758212775912,0.9999999999999999,-0.08261237233079555,0.041675731765167034,0.05059811526472524,0.08189308720217392,0.14599366988932716,503.8886679920477,0.6325769779159226,24.244439876486087,21866501.00767099,0.008747596171937745,-0.16320378920066547,-0.7286913068879055,2038,-0.12342492211547151,-0.6988279256928741,381,-0.2457665219947257,-0.7365403955322708,2107,-0.2707866749660981,-0.7550542127015007,2262,-0.1215208426607931,-0.7024427265087849,2264
ibs_turnover,turnover,low,4526,561.0815289438798,114.05125939019001,0.020966317386685196,-0.7643516290645213,0.057797228211110774,-0.822148857275632,-0.9999999999947133,0.19903876672056647,-7.140919555585448,-6.2611064319399565,-0.999999999995257,4526,-0.7814195867872037,-71.25598917253929,0.7720156093883914,0.7696691676206356,0.8100214017384805,0.006138212194588242,0.07552053923406996,0.028838714538755184,-0.07966317305591229,0.7643269883059234,0.019909139569472822,0.8298681656553732,0.003800129429281263,2.4537995303343427,0.09820924578842138,3.0799462962903785,0.007261730396672385,0.3014941032849652,4.992396182413831,0.009316842173911438,-0.7999999999999999,0.04166368470984838,0.05488817670473778,0.036064666319054695,-0.0037444665279420253,0.02133157174233169,503.8886679920477,0.7853179464512065,29.058119561487814,12567447.762361256,0.009081898404923875,-0.09119502334089347,-0.7669708198755409,2038,-0.0452532667696236,-0.7479936442376374,381,0.15390983226438193,-0.7544627221693067,2107,0.17430666766959035,-0.7545508740007716,2262,-0.11414772977292309,-0.7646392030852387,2264
ibs_turnover,turnover,mid,4526,561.4321696862572,108.66548828988068,-0.04940230398407264,-0.7074732087495337,0.057797228211110774,-0.7652704369606445,-0.9999999997429325,0.20797160675251647,-5.791301576219143,-5.113399585820415,-0.9999999997816573,4526,-0.7250725596750001,-53.361699276707284,0.7510560464639355,0.7927265189567514,0.7366513574623089,-0.12064818623223313,-0.08814226198850784,-0.020716525684392917,-0.10124292669164531,0.7655589180072193,-0.12079588195920765,-5.148266334881215,-0.006527411415022666,-4.467997145401911,-0.001313013398068552,-0.039807269498123285,0.00031118766172157536,0.22816368277511412,3.429619447382107,0.0045517548391744355,0.9999999999999999,-0.028424624534447496,0.027363344902248787,0.05596738496205966,0.058903857245710345,0.10500598617444057,503.8886679920477,0.658070904765461,23.36647619258995,22082423.655908637,0.009349775625322796,-0.12184765758107896,-0.6935745398337054,2038,-0.039392932310280515,-0.6703435977701542,381,-0.13376191004461513,-0.7132877268424325,2107,-0.14417520405347428,-0.7284531219197022,2262,-0.09680199022828062,-0.6709887007676856,2264
ibs_turnover,turnover,high,4526,561.761599646487,114.63168360583296,-0.2292312733414461,-0.7117118726064313,0.057797228211110774,-0.7695091008175421,-0.999999999802224,0.24995501357331362,-4.838150532848506,-4.380682441553355,-0.9999999998436373,4526,-0.7232222538921769,-40.16701819986643,0.6723962733462665,0.836419553567045,0.7590067181801338,-0.23642471221420544,-0.28777769660074554,-0.13050902097166184,-0.2335757516120978,0.7165689014442012,-0.23606549235243868,-8.823514530466733,-0.00809060932924355,-5.541315882987359,-0.0018467078329470477,-0.03958034664300247,0.0016413271295915952,0.24782005226646286,2.534939328396649,0.003891057218161041,0.8999999999999998,-0.20455464867675732,-0.07737676870117338,-0.07891460139977513,-0.03383337084486571,0.04120315209087533,503.8886679920477,0.4824805992649852,19.50799399977385,35462862.68874065,0.009104538186265885,-0.19605181541692818,-0.7068689793781886,2038,-0.1352419874296169,-0.6720927585961287,381,-0.2890060803618655,-0.7035783938632235,2107,-0.31862660508495244,-0.7315148663642141,2262,-0.14363146554010486,-0.6704974941184039,2264
ibs_liquidity,adv20_pre,low,4526,561.9414494034468,123.89041095890411,-0.11029084809454959,-0.8463914210465646,0.057797228211110774,-0.9041886492576754,-0.9999999999999976,0.22936352859265324,-8.021740160251797,-6.857815249616892,-0.9999999999999979,4525,-0.8568821691249782,-75.399917001041,0.7700245761751305,0.7861419851013896,1.0756415093853036,-0.0064091422615981195,-0.056404739509834156,0.007443744988886481,-0.17240856132020843,0.7238677175215944,-0.16924954876585097,-6.015336135153884,-0.0020157295979855816,-1.4409486448127489,-0.016391979082718056,-0.4515036364470718,0.004511539948683552,0.32989764024485524,4.353817680073442,0.0075931491098980295,0.9999999999999999,-0.0862243020734661,-0.012691064875016811,0.007225277623292392,0.008432766304454553,0.09986300609602683,503.8886679920477,0.736100572952015,34.798002934201044,1068428.2626760826,0.008524636757031077,-0.16143089908273878,-0.8492439250766255,2038,-0.16427255753221415,-0.8328512887743783,381,-0.17763181556736074,-0.8370021568531073,2107,-0.23144451799573074,-0.8405573327142644,2262,-0.1021047509877574,-0.8440199713132707,2264
ibs_liquidity,adv20_pre,mid,4526,562.2783915156872,108.98873177198409,-0.09116148993167916,-0.7151071555471287,0.057797228211110774,-0.7729043837582394,-0.9999999998401387,0.2175776840299867,-5.647059268863072,-4.998398107238157,-0.9999999998620239,4526,-0.7327969535161298,-50.75080764183674,0.7398543540332703,0.802429998441526,0.8296820784185268,-0.1181035971369342,-0.072757823109232,-0.011453607715567153,-0.1259717764788244,0.7464423054293325,-0.12351985638550966,-5.204675282869468,-0.005555026350099754,-3.754473749734544,-0.03208886157688684,-0.9284517046605713,-0.0005447921565975225,0.1169598181713809,1.7193522146368216,0.002277560683514123,0.9999999999999999,-0.06917028765211819,0.01107897675683045,0.023192175814133353,0.03727603417960412,0.06197548483786308,503.8886679920477,0.6239456656154495,22.99647758420538,5375539.348489233,0.009348612909768366,-0.13558567054750637,-0.7015305351836292,2038,-0.03913215938666603,-0.6692919606158716,381,-0.1263354352988798,-0.7210602904256851,2107,-0.10115953314845794,-0.7384549299015141,2262,-0.14530705470220884,-0.6746647121445484,2264
ibs_liquidity,adv20_pre,high,4526,562.606053910738,105.06230667255855,-0.06416195193500018,-0.4965379010455593,0.057797228211110774,-0.5543351292566701,-0.9999955736462359,0.2131532463511785,-3.108206351276404,-2.918877220407351,-0.9999963940001786,4508,-0.5167103169501734,-26.23534554378742,0.6473936996940397,0.8001925362874611,0.36791780197179663,-0.23565635321451325,-0.18466829105550742,-0.11863181365541622,-0.10683746630425006,0.74678658522861,-0.020291945096253428,-0.7513653804008293,-0.0024645750947864115,-1.422499188667656,0.14983137800876767,3.233596467349299,0.004120020492073971,0.29408952919109743,3.4013159529347736,0.005516276325185177,0.0,-0.042548406418424944,-0.007923689688376423,-0.01727489419237349,-0.018356254900113278,-0.022715615453681504,503.8886679920477,0.4323759491105591,12.295985191665986,63684545.78985985,0.010451458064020536,-0.08481937709482346,-0.4983574483128862,2038,0.01980742840841976,-0.45913025522594764,381,0.038867584421483636,-0.4763536544902781,2107,0.05566955324188694,-0.518676239450625,2262,-0.09074769587690301,-0.44896103167564516,2264
ibs_intraday_range,intraday_range,low,4526,561.9414494034468,103.19133893062306,0.009956796247545308,-0.6580558539628721,0.057797228211110774,-0.7158530821739829,-0.9999999957553921,0.1468432437280243,-7.21845644044286,-6.254126098727574,-0.9999999961068087,4526,-0.6795595491024211,-67.02243303641784,0.7302894062696731,0.6206925708678105,0.44430972390692586,-0.050120541283389164,0.11944448627249718,0.06786388801169597,-0.007711580561769165,0.7799985410590827,-0.11800116924297555,-8.753206340893447,-0.013781031479385654,-10.45152703263452,-0.0905702448612592,-4.870794702795156,-0.006126717487045689,-0.04601347472659778,-1.3144357459576381,-0.00038059372094154646,0.9999999999999999,0.020939894778259083,0.057456321785665176,0.08338480269942439,0.09696167594037863,0.1574454345547911,503.8886679920477,0.6680126502104174,21.474589720399234,31006952.556162573,0.010568191864968131,-0.15693831494780164,-0.6422517731747055,2038,-0.11766775941988916,-0.6355497214081388,381,-0.0786990793913136,-0.6689396574212558,2107,-0.0687410211604309,-0.6832315456718074,2262,-0.164625312900607,-0.6229688457506715,2264
ibs_intraday_range,intraday_range,mid,4526,562.2783915156872,109.259832081308,-0.0011416975275942987,-0.6957115150524145,0.057797228211110774,-0.7535087432635252,-0.9999999994780927,0.2079565238381812,-5.603219837449845,-4.998992402281554,-0.9999999995516415,4526,-0.7156571445205266,-56.110060106408206,0.7654755162984047,0.8108237443367062,0.7730920232303612,-0.11263754729738103,-0.017568717637598485,-0.026966345993479846,-0.08569463882394461,0.7721847626908769,-0.06780512414927897,-3.0305358662735955,-0.003194433716514435,-2.1565380349381797,0.04926098245402799,1.5880123648215492,0.0032640294481531104,0.28132774321543286,4.856695130345149,0.007166390071457729,0.7,0.020936919874277038,0.05268008994521911,0.043043943489680325,0.04458167543261382,0.09516914109001262,503.8886679920477,0.6945698175248202,23.56548001015159,22362998.11499687,0.00934471715968967,-0.13360422073704392,-0.6964220423866898,2038,0.05761165483018216,-0.6622972269311239,381,-0.022010236060881594,-0.6865076855342155,2107,-0.013796256321719214,-0.7004970893358491,2262,-0.11882346664397314,-0.6772191264917649,2264
ibs_intraday_range,intraday_range,high,4526,562.606053910738,125.49027839151569,-0.21773837755319048,-0.7954172619318952,0.057797228211110774,-0.853214490143006,-0.9999999999995829,0.28407113019594094,-5.425143972559878,-4.88076249688148,-0.9999999999996878,4508,-0.8040423125843487,-47.637346548442714,0.7142647782032174,0.9217248864104246,1.0399937752308672,-0.20712419776508006,-0.358615922604691,-0.12419536254794392,-0.2996065317839686,0.716696999307878,-0.11330368262244539,-3.310516291774963,0.002607174541228765,1.7581416758521817,0.24683106201918115,4.37803087199155,0.00997539185933307,0.7892556438292029,6.085889601506579,0.009950918077413797,0.6,-0.18502584044737413,-0.10183435411367159,-0.13141209544778276,-0.1369203585572747,-0.08084995489556235,503.8886679920477,0.5776788843787047,26.586462628069423,16758562.729865728,0.008478029404140741,-0.07931097323609071,-0.7907225444123502,2038,-0.09693218228042078,-0.7634101098205315,381,-0.1478176273363465,-0.7872939824879073,2107,-0.17199360644409045,-0.7985741267726372,2262,-0.05052884200693275,-0.7746567498375687,2264
ibs_idiosyncratic_volatility,idio_vol20_pre,low,4526,561.9414494034468,104.90322580645162,0.043250246860767616,-0.6375541826570668,0.057797228211110774,-0.6953514108681775,-0.9999999879186079,0.1464930538383801,-6.840190364977009,-5.9111770613329675,-0.9999999889237549,4526,-0.6612756431015874,-60.937981636943334,0.7105864954196832,0.6233258431864734,0.44209878118112445,-0.03468523026027121,0.15271519130348457,0.0748511983409165,0.029008049208723546,0.7651247391445081,-0.07532117451122244,-4.794189634111914,-0.0056482377412480035,-3.705369570887904,-0.017390360144929784,-0.7821927538975457,0.0005298901899422581,0.07375347212101091,1.871009887207528,0.004271628347770814,0.8999999999999998,0.05458944136888699,0.08609305726844241,0.08992143808952457,0.08733593214021185,0.14044612015342084,503.8886679920477,0.6808044295178344,20.96247764804716,32011232.69520304,0.010045095303913898,-0.11279830727185736,-0.6272206447132451,2038,-0.011131592521437583,-0.5853857283720991,381,-0.0491815620105559,-0.6478098515637698,2107,-0.04143832611423193,-0.6646161606848425,2262,-0.10798256682174867,-0.599943511181362,2264
ibs_idiosyncratic_volatility,idio_vol20_pre,mid,4526,562.2783915156872,109.87936367653558,0.029458415934048743,-0.6935707910861884,0.057797228211110774,-0.7513680192972991,-0.9999999994080456,0.21094186696604808,-5.487923899140939,-4.946028638203725,-0.9999999994901364,4526,-0.7145402048339342,-53.52077991805316,0.7609867940024547,0.8232417536793144,0.7979223993628977,-0.07477434740318833,0.0185220110296511,-0.0494600362980396,-0.0698046633330217,0.767852814550614,-0.039447005968442084,-1.7259382151015155,-2.5064355345874778e-05,-0.01719910835195851,0.08174863427886847,2.4753422009906574,0.006252110018033329,0.2759876126181633,4.611901266536698,0.009143573517838871,0.3,0.052874409046568704,0.06897351620839598,0.06711570072278761,0.05226906208700033,0.09609671563010025,503.8886679920477,0.7230292070202371,24.022761559934526,21390074.809146706,0.009248117202641765,-0.08616973831870112,-0.6929808052148021,2038,0.050620657020504334,-0.6694666447746087,381,-0.00819758877474408,-0.683556714903905,2107,0.027575319049847558,-0.6932494813507631,2262,-0.10206057471420904,-0.6799934952558344,2264
ibs_idiosyncratic_volatility,idio_vol20_pre,high,4526,562.606053910738,123.15885992045956,-0.26564735840200404,-0.8080527992365054,0.057797228211110774,-0.8658500274476162,-0.9999999999998673,0.2884741142708505,-5.557487366894176,-4.979587449129875,-0.9999999999999016,4518,-0.8152464566793629,-49.355217952435645,0.7252874507298832,0.9219520458895545,1.0496206311696874,-0.22028506257105349,-0.419897017043689,-0.14532326552524977,-0.3337210342888839,0.7184589775237674,-0.1764446089227787,-5.537660847745417,-0.0012546633234165776,-0.9031189898576842,0.12632501821300135,2.5679050324387953,0.00675944688466419,0.5578128218892395,5.239040261253299,0.008096363965388063,0.8999999999999998,-0.2339793880852281,-0.1316756839885197,-0.13620570133319976,-0.12328381637596209,-0.06980957611909056,503.8886679920477,0.5424054408345014,26.59903459661256,16727205.89667542,0.00847410633060346,-0.16209984051720294,-0.8031631410839486,2038,-0.1284475398138757,-0.7806770565325102,381,-0.19834200423392967,-0.799921833550776,2107,-0.256589064562332,-0.8156809509191562,2262,-0.08778045875864893,-0.7826727248356364,2264
ibs_market_cap,marketcap_pre,low,4526,561.0815289438798,125.39262041537782,-0.19991089092515746,-0.8478917240964426,0.057797228211110774,-0.9056889523075534,-0.999999999999998,0.24891114551945345,-7.411976055951635,-6.415952684136262,-0.9999999999999983,4525,-0.8569315238263238,-65.93328648681339,0.7563980836136671,0.8106634170211244,1.134714335878198,-0.06019393696493171,-0.1817407334073689,-0.037123309928734714,-0.23631301313339467,0.7120763249763146,-0.25083761818247596,-8.187676819346734,-0.006038774376893544,-4.2224640625343355,-0.07875818861424555,-2.0124393318233325,0.0015152158103174992,0.2333027887208612,2.8362046550981153,0.004623627043047279,0.9999999999999999,-0.17437731688409797,-0.08544088263082039,-0.04292901408218053,-0.008227707023440778,0.10193841290247363,503.8886679920477,0.6479808331712852,32.89136596355395,1953031.689921092,0.008426015358762352,-0.18284415342330362,-0.8446592696681177,2038,-0.22323132238902155,-0.8277196634317971,381,-0.31573047660070097,-0.8442251427701488,2107,-0.3742736051228449,-0.8511626462622152,2262,-0.1033093853878505,-0.8346015523192822,2264
ibs_market_cap,marketcap_pre,mid,4526,561.4321696862572,108.73530711444984,-0.027607207023297664,-0.7030398242369431,0.057797228211110774,-0.7608370524480539,-0.9999999996631783,0.21668489637597943,-5.480810671072846,-4.884090619091898,-0.9999999997094646,4526,-0.7219619194085549,-52.48467319431054,0.7457625858907855,0.8147612800968453,0.823494000566135,-0.12443200880218636,-0.049557261995569805,-0.030903213163181818,-0.10645050142719005,0.7533374551223073,-0.04161686553290134,-1.7543082107505426,-0.0005987493789034965,-0.39086444322386976,0.05309018821994149,1.54131574627001,0.00365372627051286,0.19706852834776756,3.065317353803132,0.00561346389686275,0.7,-0.004246092049926986,0.037007181290474644,0.022020450988369467,0.024315267891992676,0.038986860378318555,503.8886679920477,0.6754326172136454,23.51201606748008,7364804.083132794,0.00941714057095129,-0.11071402341537795,-0.6965536758605142,2038,0.03197945892944509,-0.666347475303321,381,0.016608774035722584,-0.7005162532819755,2107,0.05794601588164405,-0.7149841905715781,2262,-0.13176774312783401,-0.6757441684410342,2264
ibs_market_cap,marketcap_pre,high,4526,561.761599646487,103.220503756076,-0.015988666676121976,-0.5051452120489603,0.057797228211110774,-0.5629424402600711,-0.9999967527816898,0.18573743515183078,-3.6890566090804975,-3.438216828406644,-0.9999972344999963,4526,-0.5285817290547622,-31.9344319441615,0.6624058854029711,0.7479056258305307,0.28129919260147745,-0.16245288993939364,-0.06481028684408174,-0.0644484222466817,-0.04476385592644788,0.7696681829039976,-0.012105271069322021,-0.5228618255644926,-0.002824987275704605,-1.6826545903642947,0.12190365604772646,3.1860466390383224,0.004048890656408091,0.2752657305495363,3.9660907080890504,0.00612943005361617,0.09999999999999999,0.0012286755820878348,0.031844860251093676,0.027230669546937092,0.011379144729448676,0.01349667888293915,503.8886679920477,0.48915654537283837,13.63311619728643,60794898.33395665,0.01070959731033802,-0.08939561061116985,-0.5098786961331154,2038,0.041338890440424825,-0.45871007842258693,381,0.05873018464808433,-0.49005267766947247,2107,0.06728241859809558,-0.5296724871180387,2262,-0.08554708322708304,-0.4611480117007055,2264
ibs_volatility_bucket,total_vol20_pre,low,4526,561.9414494034468,105.80181175430845,0.05133952689715926,-0.6391609082207517,0.057797228211110774,-0.6969581364318624,-0.9999999888453823,0.14357961396287872,-7.012751748540036,-6.036260657203953,-0.9999999896647633,4526,-0.6627420544388216,-62.61789711736881,0.7114296577304369,0.6135337685938445,0.42923750055434484,-0.031299839634294356,0.16269074772005435,0.08434927307353787,0.025441728546400595,0.7665355477489172,-0.07066869415238863,-4.587167580759033,-0.005164476598887338,-3.4225759921344734,-0.01623004863267763,-0.7423009920172132,0.0012393175183965514,0.06195666625136553,1.603839035847485,0.004710560795979625,0.7,0.06233559577997494,0.08919958601805145,0.09180492772885684,0.08813232745437505,0.1430738210252307,503.8886679920477,0.6905004351179109,21.20328453848067,31422136.360461053,0.009916911754783682,-0.1168663025697132,-0.6305474160719374,2038,0.012496838835748925,-0.588662437675924,381,-0.03871025914646087,-0.6479333833226353,2107,-0.02909120549501687,-0.6608410622715282,2262,-0.11043805974788823,-0.6082200272390182,2264
ibs_volatility_bucket,total_vol20_pre,mid,4526,562.2783915156872,109.4909412284578,0.02408322542201069,-0.6944114707652388,0.057797228211110774,-0.7522086989763496,-0.9999999994365507,0.21144535078154125,-5.487286387901606,-4.942554277558299,-0.9999999995221275,4526,-0.7152216155104512,-52.959430215229716,0.760397415621157,0.8227111921665055,0.8018034682924639,-0.07555818588141534,0.015637882466292136,-0.057926238924822265,-0.07184966351138873,0.7668341836138116,-0.04312023283807909,-1.9121727549260903,-0.0002798487248824063,-0.19382916518963061,0.0790787314128647,2.418851524569047,0.005708752433189324,0.2749704937780433,4.688678942172707,0.009027420363715783,0.7,0.0474776669765129,0.0651630437868318,0.06625908570114558,0.0514161591766924,0.09466323080254235,503.8886679920477,0.7184946961872495,23.973448940934624,21501812.005252834,0.009286265751047143,-0.08237730573682667,-0.6934957732444246,2038,0.008490085732938857,-0.6758598863593828,381,-0.0129783539508046,-0.6837202693752265,2107,0.006382050314704957,-0.6967829627742272,2262,-0.0901562150461801,-0.6779729617726928,2264
ibs_volatility_bucket,total_vol20_pre,high,4526,562.606053910738,122.64869642068051,-0.26886413340779547,-0.8079351064705886,0.057797228211110774,-0.8657323346816994,-0.9999999999998659,0.2905195281114833,-5.514212413268628,-4.945135261913974,-0.9999999999998999,4518,-0.8152453061226391,-49.124307052407346,0.7267065838057039,0.931932401546427,1.0631811443513377,-0.22027751244229576,-0.4219996408410283,-0.14377402144320747,-0.3285379933698325,0.7192867311417593,-0.17609971057088347,-5.482256317601048,-0.0012612615482114795,-0.8997603687344496,0.1311009479320644,2.6380293679333815,0.006980856021066212,0.5697489948435575,5.255609925841303,0.007953515833731235,0.8999999999999998,-0.2368846591888788,-0.13042491645514132,-0.13672237568941603,-0.12293326860569387,-0.07372251512027539,503.8886679920477,0.5390709730627932,26.50009517850211,17204565.03531129,0.008499852868070104,-0.1593268243251369,-0.8026094836076906,2038,-0.13426773363018518,-0.7815886940072772,381,-0.19921126152451962,-0.7997933310647207,2107,-0.25079220727525187,-0.8154940268961698,2262,-0.094069195637558,-0.7823656960287212,2264
ibs_market_regime,market_regime,bull,2038,1661.5255152109912,332.7281648675172,-0.05903596696041069,-0.442025057295805,0.057797228211110774,-0.49982228550691576,-0.9999719382980251,0.10594220385934087,-5.44734397250605,-3.121004412978641,-0.9999722929756045,4232,-0.4559351377554208,-19.952670570955462,0.17057616281389398,0.16106445766489547,0.2862560970090121,-0.08333192943215768,-0.08412241979020513,0.05397510520475078,0.027582913443534224,0.29079701819006576,-0.13064482534665733,-5.326765920302643,-0.0084889142467271,-4.484692171111947,-0.06279733435480528,-1.819420428271187,-0.0018483077565197594,-0.0142057670747876,-0.2548740210344046,0.0007323466822483073,0.9999999999999999,-0.11694637833444044,-0.05662108921482234,-0.04911369603769167,-0.02754679579209174,0.015748200190702555,226.89463220675944,0.3829890903353943,23.01103892908715,76816716.35043706,0.003013583978232986,-0.13064482534665733,-0.7234017711129125,2038,,,0,,,0,-0.1658691257446423,-0.7531756399592144,456,-0.12021933356244674,-0.7141737394332273,1582
ibs_market_regime,market_regime,sideways,381,1667.7795275590552,333.9475065616798,-0.0034747850378430423,-0.09728721441845911,0.057797228211110774,-0.15508444262956989,-0.8409695821724265,0.06063259189503035,-1.6570828398866715,-0.44163443327643676,-0.8415903873009816,4236,-0.11234653860470445,-7.2773623733490105,0.0514895900227863,0.05296504874474468,0.07978794819137812,-0.006582989819028233,-0.009609751540832967,-0.019515407488063696,-0.002844375920262631,0.17792939213601386,-0.06688769993888743,-1.0185611667270154,-0.0009370354942220146,-0.2523527497587722,0.0014325093929112853,0.014018756624894513,0.0014278891621106729,0.16038328973092852,0.9510027766325198,0.00611745455217348,0.7,-0.0216573758877312,0.005198716479817289,0.018749338393736936,-0.012562767481384296,0.048458909978438935,42.417495029821076,0.09381242938061607,23.286612819234342,78706506.3491332,0.0030065233749041313,,,0,-0.06688769993888743,-0.6977946506657471,381,,,0,0.016521379343395592,-0.7701889851602708,104,-0.09641212104059915,-0.6650949420491403,277
ibs_market_regime,market_regime,bear,2107,1714.7418130042715,343.7062173706692,-0.02931491833599864,-0.46081670104105377,0.057797228211110774,-0.5186139292521645,-0.9999848352026746,0.185140509730487,-3.238864878657227,-2.0675374218267097,-0.9999871540306514,4526,-0.4841795401786171,-17.545892545485064,0.5203888083164394,0.5871976724410374,0.4115663954877699,-0.020377056666102178,0.0017805860465845615,-0.07476811249233745,-0.16047857066640733,0.6587187542855266,-0.10410682972425978,-2.7795769716318217,0.0008158602810304365,0.420036001724848,0.13873962756695657,2.4001678774172537,0.008119271858126357,0.610091444985192,4.495491708529141,0.010425286312649327,0.7,-0.028047564623524646,0.051673153941621086,0.05300861046226668,0.04582065629089738,0.0848591445288347,234.5765407554672,0.4315017827050551,25.038274795165307,62108213.009885825,0.002938393014425333,,,0,,,0,-0.10410682972425978,-0.7251895367967928,2107,-0.10449659900616581,-0.732662521340343,1702,-0.10246698833561474,-0.6914419636490894,405
