date,incumbent_symbol,incumbent_rank,incumbent_score,unrealized_return,deferred_incoming_symbol,incoming_rank,incoming_score,entry_date,next_rebalance_date,incumbent_next_return,deferred_incoming_next_return,incumbent_minus_incoming,rank_category
2021-11-01,JPM,7,0.3339841406542814,0.10032654760532855,UNH,4,0.39349208674350944,2021-08-23,2021-12-01,-0.0641713371679199,-0.01933656732419531,-0.04483476984372459,rank 6-7
2022-02-01,HD,9,0.1273002141696149,0.12295565644474471,PG,4,0.20990520315060923,2021-10-01,2022-03-01,-0.14853700649512225,-0.04030148844099668,-0.10823551805412557,rank 8-10
2022-03-01,UNH,6,0.16734463305270597,0.05416802453638758,PG,5,0.17682724014838103,2021-12-01,2022-04-01,0.08770880951187543,-0.005119102198015035,0.09282791170989046,rank 6-7
2022-04-01,MSFT,7,0.14177166875461,0.02065215617466709,KO,5,0.17557898988633913,2021-08-23,2022-05-02,-0.1023369956174901,0.047328683098724955,-0.14966567871621506,rank 6-7
2022-08-01,MRK,6,0.12502463141752762,0.015229645006621828,IBM,5,0.13448705805753636,2022-05-02,2022-09-01,-0.041414808089672794,-0.005600354339650115,-0.03581445375002268,rank 6-7
2022-12-01,TRV,11,0.11074618895572841,0.027165961784538117,IBM,4,0.2467663771293127,2022-11-01,2023-01-03,-0.017447670417002237,-0.059207926960299084,0.04176025654329685,rank >10 or unranked
2023-01-03,CAT,6,0.09508684355470676,0.0112283718183801,HON,4,0.12132686633293854,2022-12-01,2023-02-01,0.050983171986885845,-0.038858846800082,0.08984201878696785,rank 6-7
2023-02-01,CVX,7,0.12894473071743273,0.3661142197469778,JPM,5,0.20235966848520648,2022-02-01,2023-03-01,-0.05510727271651861,0.0281456426179163,-0.08325291533443491,rank 6-7
2023-04-03,MRK,9,0.19237496661430376,0.23533045064743874,AAPL,5,0.21164077292336647,2022-05-02,2023-05-01,0.09296838703795207,0.030498463550068244,0.06246992348788383,rank 8-10
2023-05-01,WMT,6,0.17782568367373308,0.07464026473412666,TRV,5,0.18172036763152333,2023-03-01,2023-06-01,-0.028301041718600595,-0.05702539354903302,0.028724351830432426,rank 6-7
2023-07-03,MRK,6,0.35680483619590375,0.3487841877991096,CAT,2,0.49158665010583236,2022-05-02,2023-08-01,-0.04254386570190605,0.11445702252524526,-0.1570008882271513,rank 6-7
2023-08-01,JPM,7,0.30107945318660656,0.1179864823041592,INTC,5,0.35410214035252907,2023-05-01,2023-09-01,-0.07203230135272587,0.002757182168205974,-0.07478948352093184,rank 6-7
2023-09-01,CAT,7,0.21389287859399886,0.030724169771048748,INTC,5,0.24021868413628344,2023-08-01,2023-10-02,-0.04269648435461948,-0.0050294636428385164,-0.03766702071178096,rank 6-7
2024-01-02,IBM,6,0.31241014829055413,0.03244747697176131,JPM,2,0.35057067505595363,2023-12-01,2024-02-01,0.1277407504344079,0.03324113758379599,0.09449961285061192,rank 6-7
2024-01-02,AAPL,11,0.19063171723992678,0.017381660728571058,CAT,4,0.33736007223178044,2023-09-01,2024-02-01,-0.0168847062316555,0.03821994929969552,-0.05510465553135102,rank >10 or unranked
2024-02-01,MSFT,6,0.3118743763781273,0.2272020144833098,AMGN,5,0.3491412573965542,2023-06-01,2024-03-01,0.025385191855771705,-0.1139538758717571,0.1393390677275288,rank 6-7
2024-04-01,AXP,8,0.35558155411344394,0.03821073043577483,JPM,3,0.4749733259913198,2024-03-01,2024-05-01,0.02859041705832177,-0.03299382546972962,0.06158424252805139,rank 8-10
2024-04-01,INTC,9,0.3287170422838315,0.2481082172611364,TRV,5,0.3892835189114485,2023-10-02,2024-05-01,-0.31880787301537483,-0.07680265172091794,-0.2420052212944569,rank 8-10
2024-05-01,CRM,10,0.19679698686679892,0.2933016038530125,TRV,4,0.2492837012988709,2023-06-01,2024-06-03,-0.12787151392834317,0.011500751744359938,-0.1393722656727031,rank 8-10
2024-05-01,IBM,11,0.1899658449316688,0.05874152996759152,JPM,5,0.23752569549518676,2023-12-01,2024-06-03,0.015107578393017684,0.052218079831295006,-0.03711050143827732,rank >10 or unranked
2024-06-03,CAT,9,0.21521516679925456,0.12041286185976419,MSFT,5,0.26978757083893035,2024-02-01,2024-07-01,-0.01689777920143465,0.081762204822458,-0.09865998402389264,rank 8-10
2024-09-03,CAT,6,0.4452441082757368,0.0282992813311993,WMT,4,0.5044697585490965,2024-08-01,2024-10-01,0.11089968400126549,0.043320639666845295,0.06757904433442019,rank 6-7
2024-10-01,GS,6,0.3058763660984154,0.0853598343257409,WMT,1,0.5524000994980325,2024-06-03,2024-11-01,0.05139723975830024,0.022930173019685363,0.028467066738614877,rank 6-7
2024-10-01,JPM,7,0.26001324458007846,0.04803717361926485,IBM,4,0.38797459322601924,2024-06-03,2024-11-01,0.07673525187639263,-0.0582876754249122,0.13502292730130483,rank 6-7
2024-11-01,CAT,6,0.23654049903055419,0.09024459457292044,WMT,2,0.4749375833518037,2024-08-01,2024-12-02,0.07773683187388936,0.1246819017396601,-0.04694506986577074,rank 6-7
2025-01-02,JPM,7,0.22664170886793,0.19873143578945363,AAPL,2,0.48854621570284995,2024-06-03,2025-02-03,0.09240512410805257,-0.07608560980484891,0.16849073391290148,rank 6-7
2025-02-03,AXP,7,0.3672523928896154,0.46354238056313335,IBM,3,0.5797224807231136,2024-03-01,2025-03-03,-0.03446619515975624,0.015994886788178286,-0.05046108194793453,rank 6-7
2025-03-03,JPM,6,0.3490229523688779,0.3302855294867817,CSCO,4,0.4174022565587592,2024-06-03,2025-04-01,-0.08098481636017896,-0.04674640960838261,-0.034238406751796346,rank 6-7
2025-04-01,GS,8,0.24446732151407358,0.20945504455925912,V,4,0.3219641077593891,2024-06-03,2025-05-01,0.008927472386488278,-0.013868189202723702,0.02279566158921198,rank 8-10
2025-05-01,MMM,10,0.12731048953247392,0.37171096637480816,MCD,5,0.24440184051895208,2024-07-01,2025-06-02,0.07458936755873569,-0.002100052251981288,0.07668941981071697,rank 8-10
2025-06-02,TRV,6,0.24844617921744483,0.05325496345018088,DIS,5,0.24907473836252292,2025-05-01,2025-07-01,-0.02209668389191255,0.1006980625197571,-0.12279474641166965,rank 6-7
2025-07-01,V,7,0.32372270669235137,0.029109401307435778,JPM,2,0.40348700994842646,2025-05-01,2025-08-01,-0.027471633875182033,0.003124983507574841,-0.030596617382756874,rank 6-7
2025-07-01,WMT,8,0.21011463282269038,0.06122969993824423,BA,3,0.3764945283077499,2024-12-02,2025-08-01,0.0040984310103917565,0.047494018846024666,-0.04339558783563291,rank 8-10
2025-08-01,CSCO,6,0.24536208213368393,0.09181255010459921,DIS,4,0.2643162776207588,2025-06-02,2025-09-02,0.008887514698268317,-0.004847346092166638,0.013734860790434955,rank 6-7
2025-08-01,IBM,9,0.20442579163678687,0.000371193899296296,MSFT,5,0.25335293233430467,2025-03-03,2025-09-02,-0.035325820407390296,-0.06300436914055763,0.02767854873316733,rank 8-10
2025-10-01,MMM,7,0.20013191655464202,0.007989638456096682,CAT,4,0.31555850660790363,2025-09-02,2025-11-03,0.07484621984799666,0.21850726972894519,-0.14366104988094852,rank 6-7
2025-10-01,MSFT,9,0.18873369450312283,0.0349272407765997,JNJ,5,0.30437010717201907,2025-09-02,2025-11-03,0.009731914976569334,0.016129110624882204,-0.00639719564831287,rank 8-10
2025-11-03,JPM,8,0.18246771724550137,0.07655845480119394,JNJ,3,0.27126762668193827,2025-08-01,2025-12-01,0.006270007131292887,0.09952967124880296,-0.09325966411751008,rank 8-10
2026-03-02,CSCO,10,0.27645799129307846,0.017152963185581127,MRK,3,0.6722400023084141,2026-02-02,2026-04-01,-0.009523760300096717,-0.0140447943889761,0.004521034088879383,rank 8-10
2026-04-01,GS,11,0.21403519483189548,0.21360651687243903,MRK,5,0.5591705939559386,2025-07-01,2026-05-01,0.06564336830005946,-0.07073126875436397,0.13637463705442343,rank >10 or unranked
2026-06-01,JNJ,8,0.2968900848318359,0.10329616179928935,CSCO,3,0.7892366782923492,2025-12-01,2026-07-01,0.13463263200100362,-0.027211996803068406,0.16184462880407202,rank 8-10
2026-06-01,UNH,9,0.27773379879900784,0.022448635056989685,MRK,4,0.44894786972363976,2026-05-01,2026-07-01,0.11534471365724408,0.09681442325960399,0.018530290397640092,rank 8-10
2026-08-03,JNJ,6,0.3953917609516484,0.25518118099200193,TRV,5,0.41269708559195073,2025-12-01,,,,,rank 6-7
