strategy,symbol,entry_date,exit_date,entry_price,exit_price,holding_sessions,realized_return,realized_r,close_mfe,close_mae,intraday_high_mfe,intraday_low_mae,mfe_date,mae_date,sessions_entry_to_mfe,sessions_mfe_to_exit,sessions_mae_to_exit,halfway_return,max_drawdown_from_unrealized_peak,mfe_capture_ratio,profit_given_back,best_observed_exit_price,worst_observed_price,hindsight_best_exit_return,first_meaningful_loss_sessions,return_at_first_meaningful_loss,loser_delay,fraction_sessions_below_entry,loss_arrival,max_recovery_after_mae,once_meaningfully_profitable,material_recovery_after_mae,never_materially_recovered,entry_rank,exit_rank,entry_score,exit_score,removal_reason,exit_trailing_5d_return,exited_still_trending_strongly,winner_peak_early_decay,winner_pattern,first5_return,first5_close_mfe,first5_close_mae,first5_intraday_mfe,first5_intraday_mae,post_exit_5d_return,post_exit_5d_mfe,post_exit_5d_mae,post_exit_10d_return,post_exit_10d_mfe,post_exit_10d_mae,post_exit_20d_return,post_exit_20d_mfe,post_exit_20d_mae,post_exit_40d_return,post_exit_40d_mfe,post_exit_40d_mae
Dual Momentum - One-Rebalance Winner Grace v1,CSCO,2021-08-23,2021-10-01,50.30248588966139,47.47649256926738,28,-0.05617999330277301,,0.029040707403714006,-0.05911850490015402,0.041832347224669775,-0.05946423447020455,2021-09-02,2021-09-30,9,20,1,0.004321401520344992,-0.08815921230386803,,0.08522070070648702,51.7633056640625,47.328678131103516,0.029040707403714006,19.0,-0.03388086567103865,-0.02229912763173436,0.43333333333333335,gradual,0.0029385115973810105,True,False,True,3,6,0.44058736674316745,0.25112641854214846,portfolio removal,-0.040542808259962926,False,True,,0.02022471792167968,0.025929114790792518,0.011927440961211566,0.041832347224669775,-0.0019014139767609128,0.014499920111609388,0.021691020554177376,-0.023115162239036202,0.026116322516985813,0.02980401573204272,-0.023115162239036202,0.03699511944640266,0.04584581276721833,-0.023115162239036202,0.008046354292047031,0.08106369220790821,-0.058148810863149825
Dual Momentum - One-Rebalance Winner Grace v1,JPM,2021-08-23,2021-12-01,137.06416378209656,142.92347923586024,70,0.04274870463645608,,0.11256771904968788,-0.015257439107184467,0.120210524034569,-0.03115908150207236,2021-10-22,2021-09-20,44,27,51,0.07098727909251279,-0.08387314291386816,0.3797598902895653,0.0698190144132318,152.4931640625,134.97291564941406,0.11256771904968788,,,,0.027777777777777776,sudden,0.12782515815687234,True,True,False,5,16,0.3679420793852932,0.057186695523747,portfolio removal,-0.05615613542076092,False,False,volatile winner,0.04970065700156967,0.04970065700156967,0.00881990021913226,0.05472237013485359,-0.0005793879922082468,0.009751728660684744,0.014844847737098599,-0.02366424005710266,-0.011614860284479223,0.014844847737098599,-0.02366424005710266,-0.01515508648116659,0.014844847737098599,-0.056894294479000296,-0.09204322649952967,0.06104295706320073,-0.1279090924312205
Dual Momentum - One-Rebalance Winner Grace v1,AXP,2021-08-23,2021-12-01,151.7226209268031,147.26032023577594,70,-0.0294109122540136,,0.1632149634059017,-0.05303802761567944,0.17533953902376775,-0.0567687101622496,2021-10-22,2021-11-30,44,27,1,0.08754476559905311,-0.21625299102158113,,0.1926258756599153,176.48602294921875,143.67555236816406,0.1632149634059017,67.0,-0.024933959803632,-0.004476952450381599,0.18055555555555555,sudden,0.02362711536166584,True,True,False,4,15,0.41116559972464284,0.076773595130875,portfolio removal,-0.1085747291122755,False,False,,0.04602150247544645,0.04602150247544645,-0.004837801897700111,0.0475100937333619,-0.006946567926976677,0.06950688176663156,0.08366451837901301,-0.03978223235781997,0.04324174052451779,0.09276123057018903,-0.03978223235781997,0.04951973523645736,0.09276123057018903,-0.03978223235781997,0.10398124610652282,0.1509917603297788,-0.03978223235781997
Dual Momentum - One-Rebalance Winner Grace v1,GS,2021-08-23,2021-12-01,356.0390342330233,343.48596410959703,70,-0.03525756705432037,,0.0597664891365175,-0.06450006492768479,0.06554225407065095,-0.0686255469665531,2021-11-02,2021-10-04,51,20,41,-0.03354586192925013,-0.1087907811340898,,0.09502405619083787,377.31823730468744,333.0744934082031,0.0597664891365175,18.0,-0.021219226347877318,-0.014038340706443053,0.4444444444444444,sudden,0.12426655406420228,True,True,False,1,10,0.7875196376408078,0.14862370870792807,portfolio removal,-0.062386096025153104,False,False,,0.04429071620640501,0.04429071620640501,-0.001094832977602489,0.046878607042166065,-0.007191058605836798,0.0424419507067495,0.04671482599578436,-0.02029568573412177,0.013026956351729124,0.04671482599578436,-0.02029568573412177,0.006200868032744333,0.04671482599578436,-0.044734431271431285,-0.11148443068332681,0.07513941864931173,-0.15004409581988531
Dual Momentum - One-Rebalance Winner Grace v1,CRM,2021-12-01,2022-01-03,266.6468972264239,250.67321091649046,22,-0.05990576480014076,,0.0,-0.08866046482194412,0.02093929245482551,-0.09588588459742875,2021-11-30,2021-12-20,0,23,9,-0.0668732470482396,-0.08866046482194412,,0.05990576480014076,266.6468972264239,243.005859375,0.0,0.0,-0.0728452741069282,0.012939509306787444,0.9583333333333334,sudden,0.04088327229182487,False,True,False,3,11,0.3833011424158741,0.15361578690652644,portfolio removal,-0.016143926352215177,False,False,,-0.01574131686624669,-0.01574131686624669,-0.0728452741069282,0.02093929245482551,-0.0757577907446767,-0.10470166992167262,0.007293894614275764,-0.11356409557088532,-0.09325124192713907,0.007293894614275764,-0.14164138527420234,-0.08776120396375087,0.007293894614275764,-0.18626715881138156,-0.18085560806077916,0.007293894614275764,-0.2767342396075786
Dual Momentum - One-Rebalance Winner Grace v1,NKE,2022-01-03,2022-02-01,154.7607844493319,138.10504413024594,20,-0.10762248575018685,,0.0,-0.14803314399631728,0.0022682796250308446,-0.16695500003213792,2022-01-02,2022-01-20,0,21,8,-0.12284355078040154,-0.14803314399631728,,0.10762248575018685,154.7607844493319,131.85105895996094,0.0,2.0,-0.03151647365329113,-0.07610601209689571,0.9545454545454546,sudden,0.04041065824613044,False,True,False,5,11,0.2402498779611888,0.11915169871246678,portfolio removal,0.017803276306048943,False,False,,-0.0630331672079838,-0.006804577893296582,-0.0630331672079838,0.0022682796250308446,-0.06368976988801667,-0.029163681728543445,0.0012039643864967253,-0.0391970421193667,-0.05290929108254794,0.0012039643864967253,-0.06648812500719226,-0.11558482585124152,0.0012039643864967253,-0.12421391496292111,-0.06717380425156183,0.0012039643864967253,-0.21728140899882398
Dual Momentum - One-Rebalance Winner Grace v1,HD,2021-10-01,2022-03-01,291.2229749978899,280.343627851881,103,-0.03735744800384544,,0.2735070497835457,-0.0561457598017,0.2870626652407984,-0.08417543804291083,2021-12-07,2022-02-23,47,57,4,0.23072849027832576,-0.3296528095852457,,0.3108644977873911,370.87451171875,274.8720397949219,0.2735070497835457,98.0,-0.03252249082051861,-0.004834957183326827,0.06666666666666667,sudden,0.025091811563877187,True,True,False,5,12,0.25815172873362213,0.00473480577393337,portfolio removal,-0.0010757720684642091,False,False,,0.02843261026322952,0.02843261026322952,-0.0051193017950659225,0.03373503600791539,-0.01215876016904327,0.0260019814959076,0.052767111947003675,-0.002638312031302492,0.018090635249848885,0.052767111947003675,-0.012640946233746786,0.005043380094534422,0.08966047296279878,-0.014080163575784232,-0.04075079167394202,0.08966047296279878,-0.06112158533991141
Dual Momentum - One-Rebalance Winner Grace v1,AXP,2022-03-01,2022-04-01,184.10711045459254,177.98816383597574,23,-0.033235797376364506,,0.0,-0.18256527918995624,0.0005137211920493989,-0.2000824030393017,2022-02-28,2022-03-07,0,24,19,-0.072224791342262,-0.18256527918995624,,0.033235797376364506,184.10711045459254,150.49554443359375,0.0,0.0,-0.08532388537825175,0.052088088001887245,0.96,sudden,0.16540791918714248,False,True,False,3,8,0.22415073023128684,0.12576575148497748,portfolio removal,-0.017237977393241843,False,False,,-0.18256527918995624,-0.07376594410880422,-0.18256527918995624,0.0005137211920493989,-0.18282213980328554,-0.02812050106453501,0.014027788814872544,-0.04559823329108004,-0.03467467251203238,0.014027788814872544,-0.07282704645164007,-0.06904377987110832,0.025325166220973028,-0.07282704645164007,-0.09627292792232012,0.025325166220973028,-0.20225829466084144
Dual Momentum - One-Rebalance Winner Grace v1,MSFT,2021-08-23,2022-05-02,291.58513292551737,268.06926895596354,174,-0.08064836411107679,,0.13351277239685744,-0.10544377960373363,0.15518462897995433,-0.10617208786953813,2021-11-19,2022-04-26,64,111,4,0.13133247540735904,-0.23895655200059107,,0.21416113650793422,330.5154724121094,260.83929443359375,0.13351277239685744,13.0,-0.02486384602209568,-0.055784518088981105,0.5056818181818182,sudden,0.06425638326174021,True,True,False,2,16,0.4513490224703516,-0.020266389513354355,portfolio removal,-0.011399433356296895,False,False,,-0.011640248492710281,0.0046166327996186585,-0.01371797774748773,0.00791416471888895,-0.021170390452368126,-0.010730509855639503,0.047423835367535805,-0.023189629849444282,-0.059738581666946455,0.047423835367535805,-0.09970842631375354,-0.013804133680577868,0.047423835367535805,-0.11053267545234058,-0.07429546173180268,0.047423835367535805,-0.12832637817670367
Dual Momentum - One-Rebalance Winner Grace v1,AAPL,2021-12-01,2022-05-02,163.59356203535145,153.26853978592672,104,-0.06311386659087215,,0.08675656145140098,-0.09952290281727694,0.09230960341376138,-0.10263164144944759,2022-01-03,2022-03-14,23,82,34,0.03301972574199041,-0.18627946426867792,,0.14987042804227313,177.786376953125,147.312255859375,0.08675656145140098,1.0,-0.022211616072101648,-0.0409022505187705,0.4056603773584906,sudden,0.1694299642500473,True,True,False,4,9,0.36056740619792427,0.08541131763279664,portfolio removal,-0.03210951483814828,False,True,,0.022092100065632447,0.022092100065632447,-0.03367546565133761,0.02448049949928155,-0.05779790459534451,0.005111596349149483,0.062344494897525804,-0.02195138979023381,-0.059880393728561354,0.062344494897525804,-0.11298636396063255,-0.04371251382828234,0.062344494897525804,-0.1525443039603127,-0.12167773418730643,0.062344494897525804,-0.17535863298195986
Dual Momentum - One-Rebalance Winner Grace v1,TRV,2022-04-01,2022-06-01,170.12555219569367,164.23971485038317,41,-0.03459702125486763,,0.006669879713543159,-0.08768514285777596,0.017244126641914104,-0.09815099435337893,2022-04-11,2022-05-20,7,35,7,-0.0776533456525017,-0.09435502257131911,,0.04126690096841079,171.26026916503906,155.20806884765625,0.006669879713543159,11.0,-0.04473734071760782,0.010140319462740188,0.8604651162790697,sudden,0.05856521735162634,False,True,False,4,6,0.22358840079357645,0.14165757971774018,portfolio removal,0.029497962009308543,True,True,,-0.01258066268297009,0.004555047563632897,-0.01637666934485782,0.0056395708772847275,-0.02348025894781902,0.003426548715726341,0.0039320610032049785,-0.024377846604250686,-0.06086821353217653,0.0039320610032049785,-0.06798324515694454,-0.06374800837961148,0.0039320610032049785,-0.10581739084162312,-0.12055560132209997,0.0039320610032049785,-0.14105378643037636
Dual Momentum - One-Rebalance Winner Grace v1,KO,2022-05-02,2022-10-03,57.607019043442186,50.46003438783829,106,-0.1240644764176092,,0.01041680130430045,-0.12934846341181971,0.016850597731069783,-0.13105817463541736,2022-05-16,2022-09-30,11,96,1,-0.03520552462699844,-0.13976526471612016,,0.13448127772190965,58.207099914550774,50.1556396484375,0.01041680130430045,0.0,-0.02818627737431012,-0.09587819904329908,0.9259259259259259,sudden,0.00528398699421051,True,False,True,5,6,0.15912005986400923,-0.025668535666808268,portfolio removal,-0.0319680263780614,False,True,,-0.00827214316392344,-0.003829423188167591,-0.03370095560031605,0.00045954013262616833,-0.041360248142321865,-0.032824612583538526,0.02572774176633308,-0.037437784205251234,-0.024485278788518694,0.02572774176633308,-0.04151861199539819,0.07806960461367085,0.08073109391852507,-0.04151861199539819,0.11249136509887703,0.11958855799096901,-0.04151861199539819
Dual Momentum - One-Rebalance Winner Grace v1,UNH,2021-12-01,2022-10-03,416.306291588444,472.1725477906183,210,0.13419508023530669,,0.22260125129395592,-0.01887879625074962,0.23332620926613568,-0.03018382499869865,2022-08-19,2021-12-01,181,30,210,0.11005517970676126,-0.20515639488257387,0.6028496221618066,0.08840617105864923,508.9765930175781,408.4469299316406,0.22260125129395592,,,,0.014150943396226415,sudden,0.24148004754470553,True,True,False,5,4,0.34887931751452306,0.010915129838777293,portfolio removal,-0.006530826809984958,False,False,late acceleration,0.029490210964233654,0.029490210964233654,-0.01887879625074962,0.03174973516117019,-0.03018382499869865,-0.004397581835793862,0.043918130962774304,-0.011871765507316945,0.011931241194542919,0.0450226097535964,-0.038139884522705114,0.08708679465948599,0.09055766652759778,-0.038139884522705114,0.049676738637600026,0.10061533757402863,-0.038139884522705114
Dual Momentum - One-Rebalance Winner Grace v1,AMGN,2022-06-01,2022-10-03,227.6105413736567,203.03206366044333,85,-0.10798479527740379,,0.0,-0.12287324618967599,0.0003489853272320431,-0.1274061119644807,2022-05-31,2022-09-21,0,86,8,-0.05417238949736769,-0.12287324618967599,,0.10798479527740379,227.6105413736567,199.64329528808594,0.0,1.0,-0.037226465553890864,-0.07075832972351292,0.9885057471264368,sudden,0.025478316012003566,False,False,True,4,3,0.17437744511306352,0.019688265380327197,portfolio removal,-0.006479509732951527,False,False,,-0.0444777418303961,-0.01729489153644903,-0.048239368633437696,0.0003489853272320431,-0.05626620734124388,0.0033295489147147084,0.03132251140546649,-0.008104464313705706,0.10106447016879216,0.10881846414050234,-0.008104464313705706,0.1995005084809225,0.20269852373640962,-0.008104464313705706,0.24662303011622821,0.2996454209743986,-0.008104464313705706
Dual Momentum - One-Rebalance Winner Grace v1,UNH,2022-11-01,2022-12-01,516.7938014037271,514.3354360342912,21,-0.004756955990490641,,0.0,-0.09367557864404341,0.0012432476421735394,-0.09771165242473256,2022-10-31,2022-11-15,0,22,11,-0.09367557864404341,-0.09367557864404341,,0.004756955990490641,516.7938014037271,468.3828430175781,0.0,1.0,-0.02084705593473246,0.01609009994424182,0.9565217391304348,sudden,0.08891862265355277,False,True,False,4,9,0.18613499644135878,0.13945807433704283,portfolio removal,0.03407530352088428,True,False,,-0.017981983150486602,-0.013855860254785912,-0.030324448373867607,0.0012432476421735394,-0.05019826315031606,-0.014078389588326301,0.0011586911894607699,-0.03592477730929211,-0.02234124225594647,0.0011586911894607699,-0.03592477730929211,-0.0377406696266831,0.0011586911894607699,-0.0634553479750054,-0.1178081035803139,0.0011586911894607699,-0.1378564745757479
Dual Momentum - One-Rebalance Winner Grace v1,TRV,2022-11-01,2023-01-03,172.35912617735428,175.0155475196424,42,0.015412130481299302,,0.035914667727569016,-0.028627079365141306,0.03993929860715184,-0.0373937611946491,2022-12-27,2022-11-15,39,4,32,0.023540166164057297,-0.03301841281335727,0.4291319245442596,0.020502537246269714,178.5493469238281,167.42498779296875,0.035914667727569016,10.0,-0.028627079365141306,0.04403920984644061,0.36363636363636365,sudden,0.06454174709271032,True,True,False,5,12,0.12815534019438135,0.0425386973812647,portfolio removal,-0.010502166713530992,False,False,recovery winner,-0.0035716772088552062,-0.0035716772088552062,-0.016072421192398267,0.002922277186837352,-0.023648637026557395,0.012907359632815307,0.04145429637246423,-0.007873178554140825,-0.009158899801244846,0.04145429637246423,-0.028654364665904652,0.02361912420668233,0.04177581025109145,-0.028654364665904652,-0.014246948740431198,0.04177581025109145,-0.05377342591377632
Dual Momentum - One-Rebalance Winner Grace v1,IBM,2023-01-03,2023-02-01,123.9415474163199,118.13535504539212,20,-0.04684621494537888,,0.03394758078901994,-0.047554806368458546,0.04309009496029503,-0.05754784994181472,2023-01-13,2023-01-27,9,12,3,-0.00489000921822047,-0.08150238715747848,,0.08079379573439882,128.14906311035156,118.04753112792969,0.03394758078901994,16.0,-0.047129697922330904,0.00028348297695202085,0.36363636363636365,sudden,0.00644920167859131,True,False,True,3,13,0.12380646886600166,0.05686992030280469,portfolio removal,-0.04283905269390753,False,False,,0.01736379621700035,0.018426875114281538,7.118978613895877e-05,0.030971156609626682,-0.007724745356350038,0.01003806263850815,0.018291339534845186,-0.012566007676251711,0.023723980549053447,0.034111195872226,-0.012566007676251711,-0.03513561872612847,0.034111195872226,-0.03852272676967761,-0.023694887286449307,0.034111195872226,-0.08390961209835412
Dual Momentum - One-Rebalance Winner Grace v1,AMGN,2022-11-01,2023-02-01,239.79258012026636,223.13884290081148,62,-0.06945059438912715,,0.08453270988653117,-0.06945059438912715,0.10040807649234051,-0.06672429483183029,2022-11-08,2023-02-01,6,57,0,-0.00603456888124021,-0.15398330427565832,,0.15398330427565832,260.0628967285156,223.13884290081148,0.08453270988653117,39.0,-0.023662515413738983,-0.04578807897538817,0.4375,gradual,0.0,True,False,True,3,8,0.2194305354053001,0.10707432458639365,portfolio removal,-0.016137921195857885,False,True,,0.027521997366765527,0.027521997366765527,-0.013798402081553696,0.029228309961244037,-0.03620200903563531,-0.020709650487719333,0.0032106641804927616,-0.05133262336039168,-0.02409868655202152,0.0032106641804927616,-0.05133262336039168,-0.043695261048697365,0.0032106641804927616,-0.06819099130510886,-0.02409861816953429,0.0032106641804927616,-0.08738268421553386
Dual Momentum - One-Rebalance Winner Grace v1,CVX,2022-02-01,2023-03-01,109.2486203515562,140.4461841990614,270,0.28556483136458044,,0.48707890723868874,0.0,0.49051559914979603,-0.0024459781375834044,2023-01-26,2022-01-31,248,23,271,0.2180110316457462,-0.35190766544421925,0.5862804303793059,0.2015140758741083,162.46131896972656,109.2486203515562,0.48707890723868874,,,,0.0,sudden,0.48707890723868874,True,True,False,2,24,0.291453062791835,-0.06602302496702384,portfolio removal,0.0026192589840157154,False,False,late acceleration,0.05900790243770637,0.05900790243770637,0.025758546268507265,0.06573410918889544,-0.0024459781375834044,0.0193263189012729,0.03653982331026051,-0.011732068049811306,-0.0009945510727795703,0.03653982331026051,-0.0442458026921847,-0.017461236292157678,0.03653982331026051,-0.07647894322808202,0.03144426689231161,0.07432259653254891,-0.07647894322808202
Dual Momentum - One-Rebalance Winner Grace v1,GS,2023-02-01,2023-03-01,329.84229079050596,323.22132920588825,19,-0.020073113028501566,,0.044555670615125775,-0.02074625627418114,0.057309720587461976,-0.02163739341537263,2023-02-08,2023-02-28,6,14,1,0.035310344600652854,-0.06530192688930692,,0.06462878364362734,344.53863525390625,322.9992980957031,0.044555670615125775,18.0,-0.02074625627418114,0.000673143245679575,0.09523809523809523,sudden,0.000673143245679575,True,False,True,3,6,0.22184326020478595,0.10871236714411081,portfolio removal,-0.02560322558698569,False,True,,0.04260623784362538,0.04260623784362538,0.018407087828500535,0.047925099395129456,-0.0009468012590136965,-0.009473752887327547,0.027104210028803255,-0.02547315321489818,-0.0779646717399527,0.027104210028803255,-0.09974547245578114,-0.08858318170859325,0.027104210028803255,-0.1360087619623963,-0.03672135705248314,0.027104210028803255,-0.1360087619623963
Dual Momentum - One-Rebalance Winner Grace v1,JPM,2023-03-01,2023-04-03,131.0882772898551,119.84290532067578,23,-0.08578472615300448,,0.010978424492588568,-0.1209710951356151,0.013652294329077774,-0.13363825280874542,2023-03-03,2023-03-24,3,21,6,-0.07987338300549818,-0.13194951962820367,,0.09676315064559304,132.5274200439453,115.23038482666016,0.010978424492588568,4.0,-0.02448979253173822,-0.06129493362126626,0.84,sudden,0.03800127448032942,True,True,False,5,10,0.13558167858712888,0.18656093228278725,portfolio removal,0.014164458565592453,False,True,,-0.02448979253173822,0.010978424492588568,-0.02448979253173822,0.013652294329077774,-0.03018998669034123,-0.007823077452375982,0.011777374614478031,-0.02077900560807222,0.0848077752709524,0.0865920930156876,-0.02077900560807222,0.09543659346206712,0.11227154709793519,-0.02077900560807222,0.06642127833947864,0.11227154709793519,-0.02077900560807222
Dual Momentum - One-Rebalance Winner Grace v1,CSCO,2023-04-03,2023-05-01,47.37974458802087,43.279340665079026,19,-0.08654339441033121,,0.004802151237135011,-0.09931629667018549,0.011962899545330696,-0.11034747937030309,2023-04-03,2023-04-26,1,19,3,-0.026936574850803918,-0.1041184479073205,,0.09134554564746622,47.607269287109375,42.674163818359375,0.004802151237135011,5.0,-0.02035646839099503,-0.06618692601933618,0.8095238095238095,sudden,0.013740310892661367,False,False,True,3,19,0.2585819364987909,0.061617442200990746,portfolio removal,-0.0029544146305940933,False,True,,-0.006615996471831753,0.004802151237135011,-0.00777723909018091,0.011962899545330696,-0.018227818269320295,-0.020127195801175835,0.006779654441774419,-0.0347457404307876,-0.010381588756705584,0.006779654441774419,-0.0347457404307876,0.05635582905151493,0.06122870017358406,-0.0347457404307876,0.07754235286744127,0.11038120078096725,-0.0347457404307876
Dual Momentum - One-Rebalance Winner Grace v1,CAT,2022-12-01,2023-06-01,223.71681470566426,198.12783695977663,124,-0.11438111068921697,,0.12199905882012763,-0.12261122905760624,0.12836104012302152,-0.1299033709202594,2023-01-27,2023-05-31,39,86,1,0.08285171389191603,-0.24461028787773387,,0.2363801695093446,251.0100555419922,196.28662109375,0.12199905882012763,3.0,-0.03634464281971794,-0.07803646786949903,0.5714285714285714,sudden,0.008230118368389272,True,False,True,3,11,0.25018841032950023,0.09106373421546854,portfolio removal,-0.01883622949571795,False,True,,-0.03343191322551475,-0.0032503599052460252,-0.03634464281971794,0.006627209481893326,-0.04786847253320403,0.13419687182075202,0.13809709124438596,-0.007896761592286361,0.17161023224285676,0.1956857335780533,-0.007896761592286361,0.17604012740722563,0.20806057237069453,-0.007896761592286361,0.2602066722477585,0.2842562473620047,-0.007896761592286361
Dual Momentum - One-Rebalance Winner Grace v1,WMT,2023-03-01,2023-06-01,45.152119321930044,47.170923993510534,64,0.04471118303853294,,0.09408509870985471,-0.02899474582175887,0.10287360363200926,-0.035233179557778826,2023-05-11,2023-03-10,51,14,57,0.06431901485370317,-0.05044575721642408,0.4752206635443513,0.049373915671321766,49.40026092529297,43.84294509887695,0.09408509870985471,5.0,-0.020984004116521682,0.06569518715505462,0.22727272727272727,sudden,0.12307984453161358,True,True,False,4,7,0.1371996137419309,0.11822861123479456,portfolio removal,-0.005147982058470446,False,False,recovery winner,-0.012831326849842672,-0.002764631640028825,-0.012831326849842672,0.004395334405461471,-0.016092398339454306,0.025921666274184352,0.03447092172382615,-0.001846662009506006,0.07290880711692393,0.07605493427656596,-0.001846662009506006,0.055194547543413686,0.08221046849974667,-0.001846662009506006,0.09370072388998052,0.10074540267013732,-0.001846662009506006
Dual Momentum - One-Rebalance Winner Grace v1,MRK,2022-05-02,2023-08-01,78.00138243144183,99.92799474770057,313,0.28110543214449835,,0.374550250534601,-0.041929743885719906,0.3892967443881923,-0.056248036172424465,2023-05-08,2022-06-13,256,58,284,0.27050427041652125,-0.1440580218355998,0.7505146018278521,0.09344481839010266,107.2168197631836,74.73080444335938,0.374550250534601,29.0,-0.041929743885719906,0.32303517603021825,0.12380952380952381,sudden,0.4164799944203209,True,True,False,3,18,0.18560298956901278,0.10583530708539546,portfolio removal,-0.008183645222797242,False,False,recovery winner,-0.003719674531609596,-0.002254367688194203,-0.018259575619269608,0.0022541614224789175,-0.02660057972141472,-0.032025633347519955,0.0,-0.04726284209194409,-0.006295512681287585,0.0,-0.04726284209194409,-0.0061131914590252245,0.022080183705382117,-0.04726284209194409,-0.03185690223311466,0.022080183705382117,-0.04726284209194409
Dual Momentum - One-Rebalance Winner Grace v1,JPM,2023-05-01,2023-09-01,132.26583373334603,136.75954535978775,86,0.03397484822498642,,0.11826993301601973,-0.057359969692538426,0.1280367399029272,-0.07345708183940425,2023-07-24,2023-05-12,58,29,77,0.030577758389497278,-0.08429508479103331,0.2872653036878317,0.08429508479103331,147.90890502929688,124.67906951904297,0.11826993301601973,1.0,-0.023478265096225415,0.057453113321211835,0.42045454545454547,gradual,0.17562990270855816,True,True,False,3,10,0.23342757433330563,0.09540201736825038,portfolio removal,-0.004896375044171952,False,False,recovery winner,-0.038802138949075804,-0.007451128915535232,-0.057219224935326385,0.007802619522090604,-0.07345708183940425,-0.015469777371469595,0.014511926244939799,-0.02354704539438568,0.018618600141614428,0.026079918733414198,-0.02354704539438568,-0.007324216845027376,0.028475705805584228,-0.02354704539438568,-0.06433533036059114,0.05578604147852251,-0.06778313289874571
Dual Momentum - One-Rebalance Winner Grace v1,BA,2023-02-01,2023-10-02,212.11000061035156,191.47000122070312,167,-0.09730799740821439,,0.1260666890585973,-0.10221115398701419,0.14610346237324778,-0.10409693917080265,2023-07-31,2023-09-28,124,44,2,-0.019565291049656652,-0.2282778430456115,,0.2233746864668117,238.85000610351562,190.42999267578125,0.1260666890585973,2.0,-0.028758691650382917,-0.06854930575783147,0.6094674556213018,sudden,0.005893168621956102,True,False,True,1,14,0.43106695270574913,0.01751771795006385,portfolio removal,-0.035717909986500596,False,False,,0.012493488703309463,0.012493488703309463,-0.028758691650382917,0.03234171227481841,-0.03969637520492464,-0.02136102946579177,0.005327227586347627,-0.046586922818595666,-0.03426122900073625,0.042565382799000684,-0.046586922818595666,-0.061523991769960595,0.042565382799000684,-0.07949026543933313,0.14534914949405398,0.15730921254065722,-0.07949026543933313
Dual Momentum - One-Rebalance Winner Grace v1,CAT,2023-08-01,2023-10-02,261.4935381022517,261.3881173234106,43,-0.0004031486957810637,,0.05829511969380152,-0.0126489741976753,0.07747040606192379,-0.014482085735345485,2023-08-01,2023-08-24,1,43,26,0.03512394463226398,-0.07094409389147682,,0.058698268389582586,276.7373352050781,258.1859130859375,0.05829511969380152,,,,0.15555555555555556,sudden,0.06214489428375691,True,True,False,4,6,0.3668128342895265,0.15781037704449186,portfolio removal,-0.004630487170238284,False,True,,0.032630661074306344,0.05829511969380152,0.013528869292230628,0.07747040606192379,-0.008249312557287003,-0.02420791758225138,0.015294830861615871,-0.05270710302542425,-0.01723864212447801,0.015294830861615871,-0.05270710302542425,-0.1204787915518778,0.015294830861615871,-0.12305953504671607,-0.08792425547112748,0.015294830861615871,-0.1750433351815447
Dual Momentum - One-Rebalance Winner Grace v1,CSCO,2023-10-02,2023-11-01,49.7421519977688,48.42639317519534,22,-0.026451586224747192,,0.013208550744506109,-0.038985891619276236,0.021252863655405463,-0.04422397498887276,2023-10-16,2023-10-26,11,12,4,0.009092859124178121,-0.052194442363782345,,0.0396601369692533,50.399173736572266,47.80290985107422,0.013208550744506109,15.0,-0.023458429421817084,-0.002993156802930108,0.5416666666666666,gradual,0.0142178368075484,True,True,False,5,7,0.16869753463910997,0.0951726472113088,portfolio removal,-0.005152667650041964,False,False,,-7.375171090073795e-05,0.010215438995204273,-0.007182708459389842,0.010401214184694085,-0.01634943834003455,0.020945499317603478,0.027094418307723522,-0.004611869220686238,0.021714009712106686,0.02805536193361169,-0.005572775462969748,-0.07667186313597085,0.02805536193361169,-0.11222148459084968,-0.029977215678892888,0.02805536193361169,-0.11222148459084968
Dual Momentum - One-Rebalance Winner Grace v1,WMT,2023-11-01,2023-12-01,53.16649769802668,50.30759100706505,21,-0.0537727105366157,,0.03391993865743159,-0.0580962330598318,0.03489429977119074,-0.06138479182915768,2023-11-15,2023-11-22,11,11,6,0.03391993865743159,-0.0920161717172634,,0.08769264919404729,54.969902038574226,50.07772445678711,0.03391993865743159,11.0,-0.04975335600077857,-0.004019354535837127,0.5217391304347826,sudden,0.024176240941244376,True,True,False,5,10,0.1488744543740983,0.12085278871607019,portfolio removal,-0.0023708341571949676,False,False,,0.008769404196532493,0.008769404196532493,0.0027403935278864644,0.01461557199340624,-0.007490405703187153,-0.015148367050250022,0.00302491410550787,-0.017698497147189074,-0.01702160882874748,0.00302491410550787,-0.03401072680284989,0.018377686502930812,0.02277041309660044,-0.03401072680284989,0.06966806855246621,0.07108921886717012,-0.03401072680284989
Dual Momentum - One-Rebalance Winner Grace v1,AAPL,2023-09-01,2024-02-01,186.961330634287,181.77388729281213,104,-0.02774607628152781,,0.04686806502463403,-0.11926751092226862,0.054847293850533996,-0.1257058518397436,2023-12-14,2023-10-26,73,32,66,-0.006503283275282823,-0.1203756942637989,,0.07461414130616184,195.72384643554688,164.6629180908203,0.04686806502463403,2.0,-0.034724904884469665,0.006978828602941856,0.6320754716981132,sudden,0.16613557594690265,True,True,False,3,15,0.33648463343761503,0.09173895912214491,portfolio removal,-0.050316918227262364,False,False,,-0.05968667296850949,0.0011081833415302889,-0.0629584422368511,0.0025858273783734287,-0.08417330548012314,0.029458186321173585,0.03837171129130734,-0.025762319477000473,0.002146654453933916,0.03837171129130734,-0.025762319477000473,-0.016356151842711664,0.03837171129130734,-0.025762319477000473,-0.0668035996202454,0.03837171129130734,-0.08307505965311102
Dual Momentum - One-Rebalance Winner Grace v1,MSFT,2023-06-01,2024-03-01,317.7980281716673,404.1775917906704,188,0.2718064807260001,,0.2956640836813933,-0.04028199220366646,0.2964959814787731,-0.046800306688164706,2024-02-09,2023-09-26,175,14,108,0.02467351060939671,-0.14532526301989013,0.9193084169766725,0.023857602955393187,411.7594909667969,304.9964904785156,0.2956640836813933,53.0,-0.023873938788471327,0.29568041951447144,0.14210526315789473,sudden,0.33594607588505976,True,True,False,3,12,0.24510913834253256,0.2563784948200034,portfolio removal,0.00993971482363909,False,False,recovery winner,-0.007823590482932352,0.03071224505791248,-0.007823590482932352,0.03875076690601564,-0.010523572150948013,-0.007048375421631725,0.014783537015371051,-0.033137842665387884,0.0319765744377245,0.03828659133373247,-0.033137842665387884,0.022977467058431955,0.045567304633228556,-0.033137842665387884,-0.013892257554169007,0.045567304633228556,-0.056508039847860236
Dual Momentum - One-Rebalance Winner Grace v1,INTC,2023-10-02,2024-05-01,35.024216283042065,29.858542429729663,146,-0.14748863505087206,,0.4301293857484969,-0.14748863505087206,0.4447800547761007,-0.14042439148356445,2023-12-27,2024-05-01,61,86,0,0.29771019382458497,-0.577618020799369,,0.577618020799369,50.08916091918945,29.858542429729663,0.4301293857484969,15.0,-0.04942435127727296,-0.0980642837735991,0.11486486486486487,sudden,0.0,True,False,True,2,27,0.41975372799050303,-0.1397791694746474,portfolio removal,-0.116811571242742,False,False,,0.01628749860057299,0.01628749860057299,-0.00421234269328552,0.02611635898693443,-0.017691689337744676,0.021034592103757355,0.04666031229580714,-0.004971813660953117,0.033348259213287434,0.04666031229580714,-0.01058152149237468,0.0027304975257664843,0.07894202159454844,-0.01058152149237468,0.018039410309274695,0.07894202159454844,-0.01058152149237468
Dual Momentum - One-Rebalance Winner Grace v1,IBM,2023-12-01,2024-06-03,146.05731734786056,156.4914653021063,125,0.07143872106999627,,0.2599149018404834,0.0,0.2688332615510356,-0.00328253083901886,2024-03-12,2023-11-30,69,57,126,0.22984724318261107,-0.2124487438695939,0.2748542717794615,0.1884761807704871,184.01979064941406,146.05731734786056,0.2599149018404834,,,,0.0,sudden,0.2599149018404834,True,True,False,5,12,0.27522967528153064,0.17098611170626432,portfolio removal,-0.02364100406824321,False,False,volatile winner,0.011425982990288519,0.0188119951909671,0.011425982990288519,0.02764957259283607,-0.002588243498712006,0.020835801784465646,0.02864175261408053,-0.018073703783958006,0.016032190023831605,0.03560709104497106,-0.018073703783958006,0.0513991167868868,0.07157446116194688,-0.018073703783958006,0.14711175146829492,0.17845567993739375,-0.018073703783958006
Dual Momentum - One-Rebalance Winner Grace v1,CRM,2023-06-01,2024-06-03,204.6789694033211,230.9312551693686,252,0.12826078733236734,,0.5218518016661224,-0.05748733284771701,0.530640517644138,-0.06983008167701799,2024-03-01,2023-10-26,189,64,150,0.20977802510250387,-0.4734666997296719,0.24578009872317697,0.3935910143337551,311.4910583496094,192.9125213623047,0.5218518016661224,53.0,-0.021035431991707876,0.14929621932407522,0.14566929133858267,sudden,0.5793391345138394,True,True,False,1,16,0.39429477822134085,0.09164002840356011,portfolio removal,-0.13900629916238905,False,False,recovery winner,-0.011958538911242655,0.023100472310453535,-0.011958538911242655,0.04053405445704139,-0.016521006185165055,0.030815890414171765,0.05170067556313285,-0.01879630251086495,-0.011422769213847883,0.05170067556313285,-0.025402842015686322,0.09202105634396074,0.1089419757233061,-0.029196204367032408,0.10106329172302853,0.13585454564657606,-0.029196204367032408
Dual Momentum - One-Rebalance Winner Grace v1,DIS,2024-05-01,2024-06-03,108.25434921922484,101.32856494164888,22,-0.06397696099535566,,0.04654511453674437,-0.09551618621493274,0.05076832631830075,-0.09902060726751927,2024-05-06,2024-05-23,4,19,6,-0.07116533537830172,-0.1420613007516771,,0.11052207553210003,113.29306030273438,97.914306640625,0.04654511453674437,4.0,-0.05301458975068152,-0.01096237124467414,0.8333333333333334,sudden,0.03153922521957708,True,True,False,3,7,0.2539327010417771,0.23693238050066667,portfolio removal,0.021128219594930497,True,True,,-0.05301458975068152,0.04654511453674437,-0.05301458975068152,0.05076832631830075,-0.06361752247259744,-0.025247205704279185,0.00048001394486663074,-0.034750880860427213,-0.040318729752801485,0.00048001394486663074,-0.04723052006616213,-0.05884608040260808,0.00048001394486663074,-0.060382066452566496,-0.09549103381856194,0.00048001394486663074,-0.1396606058029186
Dual Momentum - One-Rebalance Winner Grace v1,TRV,2024-06-03,2024-07-01,206.70827091394793,198.43006247336965,19,-0.040047785238474964,,0.0,-0.04777457808962371,0.0016775424049984,-0.06243207658469685,2024-06-02,2024-06-28,0,20,1,-0.036020318097770065,-0.04777457808962371,,0.040047785238474964,206.70827091394793,196.83287048339844,0.0,1.0,-0.023112725831119563,-0.0169350594073554,0.9523809523809523,gradual,0.007726792851148745,False,False,True,4,13,0.35901832841677117,0.22918746338538765,portfolio removal,-0.03671409352110122,False,False,,-0.007688752105460606,-0.007688752105460606,-0.02884439747787282,0.0016775424049984,-0.03690595801851426,-0.003707506565952867,0.009805368727423769,-0.02239131369285452,0.04102642278850488,0.04561202450817636,-0.02239131369285452,0.04361194969029336,0.09644385153267887,-0.02239131369285452,0.08678470463556387,0.0974194083444111,-0.02239131369285452
Dual Momentum - One-Rebalance Winner Grace v1,CAT,2024-02-01,2024-07-01,293.58131514855035,325.6188892266357,103,0.10912674759929653,,0.2508243525697651,0.0,0.2597612571733199,-0.004286993255619098,2024-04-05,2024-01-31,45,59,104,0.18678273565137493,-0.18684266605061195,0.43507237826496,0.14169760497046857,367.2186584472656,293.58131514855035,0.2508243525697651,,,,0.0,sudden,0.2508243525697651,True,True,False,4,12,0.40268824799366376,0.23793981439331868,portfolio removal,0.009394056024187636,False,False,volatile winner,0.06710858601925818,0.06710858601925818,0.014674885735195486,0.10430697927228261,-0.004286993255619098,-0.01805388312445899,0.0005372062941382261,-0.029065055235990123,0.0318103151475726,0.038166450958172726,-0.040195929469820535,0.03229701229090942,0.1018171414082536,-0.040195929469820535,0.05216218460066058,0.1018171414082536,-0.08000215704154012
Dual Momentum - One-Rebalance Winner Grace v1,MSFT,2024-07-01,2024-08-01,441.71809469633655,413.5008583778063,22,-0.06388064391595383,,0.04212527756525564,-0.0693088559591355,0.04388609516824671,-0.08296836874558444,2024-07-05,2024-07-31,4,19,1,-0.013313846730305667,-0.11143413352439113,,0.10600592148120946,460.3255920410156,411.1031188964844,0.04212527756525564,13.0,-0.025743464237066527,-0.0381371796788873,0.5,sudden,0.005428212043181668,True,False,True,3,13,0.434349034612046,0.2756793279472267,portfolio removal,-0.0019982221068470807,False,True,,0.03918321890277676,0.04212527756525564,0.017986910485331187,0.04388609516824671,-0.0066865777548990035,-0.05313812460225387,0.015851096211197735,-0.08367599606901799,-0.009339623567728439,0.015851096211197735,-0.08367599606901799,-0.020617376687752986,0.01608705718968717,-0.08367599606901799,0.026848023310632074,0.05194144935006717,-0.08367599606901799
Dual Momentum - One-Rebalance Winner Grace v1,CAT,2024-08-01,2024-12-02,337.86229337536327,398.9603724892944,85,0.18083722366156874,,0.20813697606044812,-0.08518611936588993,0.21283176902326972,-0.11334090370891048,2024-11-06,2024-08-05,69,17,83,0.13309293083907914,-0.10253289275026778,0.8688375659356612,0.027299752398879384,408.1839294433594,309.08111572265625,0.20813697606044812,0.0,-0.04267975541521807,0.2235169790767868,0.28735632183908044,sudden,0.29332309542633805,True,True,False,5,11,0.46920443978657267,0.21984173481678626,portfolio removal,0.021686156729762374,True,False,recovery winner,-0.059197216969314015,-0.04267975541521807,-0.08518611936588993,0.010193470700920804,-0.11334090370891048,-0.030505959888235124,0.0016934237860806167,-0.03612616504472299,-0.06614133380287812,0.00552213170127569,-0.07011717265220152,-0.10909033303193949,0.00552213170127569,-0.12325134771018498,-0.07633942442480401,0.008912724341070932,-0.14151077346918006
Dual Momentum - One-Rebalance Winner Grace v1,AXP,2024-03-01,2025-03-03,213.36090432169615,296.5045003727531,250,0.3896852439549878,,0.5023610159486622,-0.009621036633233992,0.504205110973365,-0.018856369645852133,2025-01-23,2024-03-05,225,26,248,0.19201789989780038,-0.14997303592280264,0.7757075720119392,0.1126757719936744,320.54510498046875,211.3081512451172,0.5023610159486622,,,,0.04365079365079365,sudden,0.5119820525818962,True,True,False,5,8,0.40365349554502794,0.2786375729808066,portfolio removal,0.0183737928823402,False,False,late acceleration,0.018740552345303252,0.018740552345303252,-0.009621036633233992,0.024531461237126795,-0.014545581333522573,-0.09362048423921321,0.006734561352958579,-0.12181940128077173,-0.11876710156105708,0.006734561352958579,-0.15894238037430974,-0.11926484445408891,0.006734561352958579,-0.15894238037430974,-0.11810509116238432,0.006734561352958579,-0.26629138004824127
Dual Momentum - One-Rebalance Winner Grace v1,JPM,2024-06-03,2025-04-01,193.0825708149027,235.47380892493115,207,0.21954979121687024,,0.4071921847800348,-0.05328456257444536,0.4087003170642982,-0.05649735822064694,2025-02-18,2024-06-12,178,30,200,0.11466870285876274,-0.2752557856582072,0.539179776585032,0.1876423935631646,271.70428466796875,182.79425048828125,0.4071921847800348,2.0,-0.02496158301718021,0.24451137423405045,0.11004784688995216,sudden,0.4604767473544802,True,True,False,3,7,0.3943164487067681,0.25246017206394056,portfolio removal,-0.023215119583640087,False,False,recovery winner,-0.011665244311255596,-0.0024219773628986196,-0.02669172710804979,0.000543723057085721,-0.034501532728635875,-0.11070459201559246,0.01908339216058086,-0.16163047524704222,-0.026602270261064764,0.01908339216058086,-0.16163047524704222,0.014453621790842641,0.023660036829937336,-0.16163047524704222,0.09270861769571415,0.11771538886028776,-0.16163047524704222
Dual Momentum - One-Rebalance Winner Grace v1,CSCO,2025-04-01,2025-05-01,59.3789193271061,56.26947430279629,21,-0.052366143734959625,,0.0071685602600071174,-0.12764547450269104,0.010752685498973458,-0.1453581723430919,2025-04-02,2025-04-08,2,20,16,-0.061878459884956105,-0.13481403476269815,,0.05953470399496674,59.804580688476555,51.799468994140625,0.0071685602600071174,2.0,-0.060074508239614244,0.007708364504654619,0.8695652173913043,sudden,0.08101965705495173,False,True,False,3,6,0.33069920419170495,0.22856021302909246,portfolio removal,0.02558174927592094,True,True,,-0.10763651568319077,0.0071685602600071174,-0.10763651568319077,0.010752685498973458,-0.1453581723430919,0.03097966681244224,0.036691017820856375,-0.0017306762934187203,0.06074780317390038,0.07718949473080872,-0.0017306762934187203,0.09120797425169425,0.13793705112276022,-0.0017306762934187203,0.18812747695054433,0.19799247744903337,-0.0017306762934187203
Dual Momentum - One-Rebalance Winner Grace v1,GS,2024-06-03,2025-05-01,440.5735328758055,534.6192648953747,228,0.21346205571109533,,0.4808472830448898,-0.031817250129001495,0.4808472830448898,-0.04685426567437956,2025-02-18,2024-06-11,178,51,222,0.3026247259860735,-0.4575185334554499,0.44392900456748025,0.26738522733379444,652.422119140625,426.5556945800781,0.4808472830448898,6.0,-0.031817250129001495,0.24527930584009683,0.07391304347826087,sudden,0.5126645331738913,True,True,False,2,9,0.41924493194921153,0.12896309387825822,portfolio removal,0.003997326625036157,False,False,recovery winner,-0.008629909089508336,0.006123725775318167,-0.008629909089508336,0.012312943636271667,-0.021051717618275068,0.006969580528335406,0.03955508958258669,-0.004743615584288374,0.1158549557115014,0.12205824911146745,-0.004743615584288374,0.10355783097836468,0.13262187059314368,-0.004743615584288374,0.266654651227634,0.2728705106352116,-0.004743615584288374
Dual Momentum - One-Rebalance Winner Grace v1,MMM,2024-07-01,2025-06-02,98.92368397918027,145.15473935008876,230,0.46734061562687446,,0.5317816106844548,-0.030818390477985402,0.5439276192599785,-0.04472097250762286,2025-02-28,2024-07-09,167,64,225,0.2749683397461846,-0.2866659830492606,0.8788205651289097,0.06444099505758039,151.52947998046875,95.87501525878906,0.5317816106844548,0.0,-0.021874392248190988,0.48921500787506544,0.034482758620689655,sudden,0.5626000011624402,True,True,False,5,11,0.3597373555796106,0.14618478525868528,portfolio removal,0.004945150350450289,False,False,recovery winner,-0.017110440065673194,-0.012054958997775533,-0.021874392248190988,0.005735916142229236,-0.02576318792683563,-0.016027565006858868,0.0073037679099190456,-0.026780223073246345,-0.03753276728428001,0.0073037679099190456,-0.04152283754497643,0.029553044242976778,0.033813605383077316,-0.04260493393498932,0.02650979573908896,0.11009684110671536,-0.04260493393498932
Dual Momentum - One-Rebalance Winner Grace v1,TRV,2025-05-01,2025-07-01,256.60235135278924,262.1099997310854,41,0.0214637486728404,,0.055699915212260365,-0.0011842815824744113,0.061392077227084174,-0.0070764601586018605,2025-06-02,2025-05-01,22,20,41,0.05325496345018088,-0.055219422265812224,0.3853461641915734,0.034236166539419965,270.89508056640625,256.2984619140625,0.055699915212260365,,,,0.023255813953488372,sudden,0.056884196794734776,True,True,False,4,11,0.25034130457336334,0.14620692806326918,portfolio removal,0.005260413596626323,False,False,volatile winner,0.02712414010604114,0.02712414010604114,-0.0011842815824744113,0.03327487377875826,-0.006303577141290262,-0.03714124334747848,0.010665451220181588,-0.03909414841665981,-0.05881028400612587,0.010665451220181588,-0.06418054346911306,-0.024260196366565845,0.010665451220181588,-0.06418054346911306,0.01731268330856417,0.047919543772955375,-0.06418054346911306
Dual Momentum - One-Rebalance Winner Grace v1,V,2025-05-01,2025-08-01,341.66852220314814,340.7702588929484,63,-0.002629049068985201,,0.08203597291331355,-0.018657643488587117,0.08841269029142951,-0.029237120507052627,2025-06-11,2025-06-20,29,35,29,0.030355851521778776,-0.10069361640190067,,0.08466502198229875,369.6976318359375,335.2937927246094,0.08203597291331355,,,,0.07692307692307693,sudden,0.05881029894155787,True,True,False,2,7,0.3281142340355374,0.23268733941048203,portfolio removal,-0.032405324403227076,False,False,,0.012356056459447595,0.012356056459447595,-0.009057163281589009,0.016117812905282358,-0.015799501323078946,-0.0349026763304916,0.006015714290908969,-0.044754417268347724,0.005806203409624455,0.007523827634386526,-0.044754417268347724,0.018528344016969678,0.02892145771637855,-0.044754417268347724,-0.017833102837157555,0.02892145771637855,-0.044754417268347724
Dual Momentum - One-Rebalance Winner Grace v1,WMT,2024-12-02,2025-08-01,91.37443210935058,97.18743530332945,165,0.06361739339755657,,0.13426794456463198,-0.11445461830035364,0.13696738331355185,-0.1358922685075843,2025-02-13,2025-04-08,50,116,79,-0.028162978874307187,-0.24872256286498562,0.47380924466996166,0.07065055116707541,103.6430892944336,80.91620635986328,0.13426794456463198,15.0,-0.024454089010318092,0.08807148240787466,0.25149700598802394,sudden,0.19956140305929493,True,True,False,2,10,0.5895470845460471,0.19627715597206663,portfolio removal,0.005232500732655909,False,True,recovery winner,0.031027880801759444,0.031027880801759444,-0.0019392405275542313,0.03619921684834915,-0.009373009582443803,0.05224491017467958,0.0602040812724014,-0.0033673656230069904,0.0290816015728399,0.06857134079909377,-0.0033673656230069904,-0.01699514420746895,0.06857134079909377,-0.02405242925044926,0.05511171963432959,0.08528390309642209,-0.02405242925044926
Dual Momentum - One-Rebalance Winner Grace v1,IBM,2025-03-03,2025-09-02,244.987675350757,234.79602581822925,126,-0.04160066222897141,,0.16488030155019828,-0.1323310806391409,0.17033359124076797,-0.1579650825937794,2025-06-30,2025-04-08,83,44,100,0.04285193120650055,-0.23086855982141885,,0.2064809637791697,285.3813171386719,212.5681915283203,0.16488030155019828,3.0,-0.023749743070002327,-0.01785091915896908,0.5390625,sudden,0.2972113821893392,True,True,False,3,9,0.5228380468531655,0.09853429697335447,portfolio removal,0.01695698672184931,False,False,,0.026693991473073053,0.026693991473073053,-0.023749743070002327,0.028342664396109774,-0.037528419800442636,0.06305519603274123,0.06745535194886032,-0.011000390052409381,0.06367790553681973,0.08202574627084136,-0.011000390052409381,0.1614777410122703,0.1990453492056099,-0.011000390052409381,0.2996680408269867,0.3013700072344043,-0.011000390052409381
Dual Momentum - One-Rebalance Winner Grace v1,CSCO,2025-06-02,2025-09-02,61.090070762086626,66.72829225170504,63,0.09229358256231679,,0.15131064351771384,0.0,0.16349881603149674,-0.0003188340173699844,2025-08-08,2025-06-01,48,16,64,0.09534075071418369,-0.08964809187561218,0.6099609413895066,0.05901706095539705,70.33364868164062,61.090070762086626,0.15131064351771384,,,,0.0,sudden,0.15131064351771384,True,True,False,4,6,0.2696040116036349,0.19929010900671162,portfolio removal,0.02904362517109549,True,False,volatile winner,0.05308476923904726,0.05308476923904726,0.01785427929312622,0.054679000367346076,-0.0003188340173699844,-0.01805898886221735,0.0044047065027710275,-0.02584050140134897,-0.016003470127144204,0.006753942076249242,-0.029070547196706098,-0.005725990787007085,0.01189262625576748,-0.029070547196706098,0.054486484848229155,0.055520435440282956,-0.029070547196706098
Dual Momentum - One-Rebalance Winner Grace v1,BA,2025-08-01,2025-10-01,219.4499969482422,214.00999450683594,42,-0.024789257311720436,,0.08170429794446132,-0.033538394680804884,0.08603328842727387,-0.03654593020729213,2025-09-02,2025-09-22,22,21,7,0.08170429794446132,-0.11524269262526621,,0.10649355525618176,237.3800048828125,212.08999633789062,0.08170429794446132,31.0,-0.02018679761853026,-0.004602459693190175,0.29545454545454547,sudden,0.04178627612880803,True,True,False,2,8,0.43113350235044035,0.19652952649199107,portfolio removal,0.003393750380405569,False,False,,0.035907974447003665,0.035907974447003665,0.011164260571031148,0.04985191430185565,-0.016176819781843488,0.03649368262160002,0.04644644033710654,-0.001448519071775678,0.001355116828025471,0.05691326689035203,-0.015326381306888459,0.04354940219355519,0.05691326689035203,-0.015653431758859027,-0.1475164379036572,0.05691326689035203,-0.1740105190890301
Dual Momentum - One-Rebalance Winner Grace v1,MMM,2025-09-02,2025-11-03,151.82136497689228,163.7146228832458,44,0.07833718204393492,,0.1146477356727702,-0.03377717724647766,0.12276724897491187,-0.035660862164170415,2025-10-23,2025-10-10,38,7,16,0.03150386221765311,-0.06963300155652719,0.6832859069064079,0.036310553628835285,169.2273406982422,146.69326782226562,0.1146477356727702,28.0,-0.03377717724647766,0.11211435929041258,0.2826086956521739,sudden,0.14842491291924786,True,True,False,5,12,0.21077649610720872,0.10984045581459823,portfolio removal,-0.011282503524088328,False,False,recovery winner,0.0003249347982057227,0.010198233337979534,-0.012666427341819886,0.0234492103942181,-0.02286459142419095,-0.007047824117969337,0.0016264338376916765,-0.04011798193358551,0.01379482661174003,0.03945536232610802,-0.04011798193358551,0.03133862980683855,0.042772505756414336,-0.04011798193358551,-0.02498317555550722,0.056807673125797375,-0.04143823513433864
Dual Momentum - One-Rebalance Winner Grace v1,JPM,2025-08-01,2025-12-01,284.9487133421405,308.5683309692949,84,0.0828907677810573,,0.1087043891327335,-0.011914540277787267,0.11507126904438181,-0.02121213426851909,2025-11-12,2025-08-07,73,12,80,0.06993805428332989,-0.07754455763166401,0.7625337711050796,0.025813621351676197,315.92388916015625,281.5536804199219,0.1087043891327335,,,,0.046511627906976744,sudden,0.12061892941052077,True,True,False,3,9,0.35417869496029364,0.20183201742551615,portfolio removal,0.050533556137375424,True,False,late acceleration,-0.011914540277787267,0.013292054220141347,-0.011914540277787267,0.018560571805106507,-0.02121213426851909,0.006678450700694061,0.017702549339650986,-0.019651708990147676,0.01779843311523388,0.02339038124843329,-0.046301395403875234,0.03451035161519589,0.05722954662051327,-0.046301395403875234,-0.034584837418719316,0.07807965965175612,-0.048258453157643766
Dual Momentum - One-Rebalance Winner Grace v1,MSFT,2025-09-02,2026-01-02,496.38587753866574,481.3363251826272,85,-0.030318252466532414,,0.08312179421907051,-0.054881157041598794,0.10639983776889594,-0.06935457495363284,2025-10-28,2025-11-21,41,45,27,0.050532470842213684,-0.1380029512606693,,0.11344004668560292,537.6463623046875,469.1436462402344,0.08312179421907051,56.0,-0.026674894899388235,-0.0036433575671441787,0.42528735632183906,sudden,0.039837085511866266,True,True,False,4,8,0.21653868469510162,0.2721752946347764,portfolio removal,-0.009015944936086484,False,False,,-0.002661660716799852,0.014985919849072937,-0.010929614429211143,0.02297851819805663,-0.016184685022133327,-0.012964820284009804,0.01096225145588603,-0.030223570338058448,-0.05724728388717559,0.01096225145588603,-0.058816287664754774,-0.11168683889400022,0.01096225145588603,-0.13082440649194738,-0.17533467771871247,0.01096225145588603,-0.21017933442331826
Dual Momentum - One-Rebalance Winner Grace v1,AXP,2026-01-02,2026-02-02,367.33003458353085,348.2924878907997,20,-0.05182681757650287,,0.038051421610339586,-0.05182681757650287,0.045358626552757686,-0.06765903942496576,2026-01-06,2026-02-02,3,18,0,-0.01274692800634869,-0.08987823918684246,,0.08987823918684246,381.3074645996094,348.2924878907997,0.038051421610339586,6.0,-0.026820005687538395,-0.025006811888964475,0.6818181818181818,sudden,0.0,True,False,True,5,7,0.3792449687793278,0.331556552818306,portfolio removal,-0.03050238936242511,False,True,,0.03648171843660508,0.038051421610339586,0.008741572358127447,0.045358626552757686,-0.006089309878213878,0.025117722647800322,0.03151138827762012,-0.00984722582277453,-0.03667754396497136,0.054659706636285055,-0.04035960085326862,-0.12250607503153865,0.054659706636285055,-0.14005993253186855,-0.15087769560335906,0.054659706636285055,-0.16948762172744436
Dual Momentum - One-Rebalance Winner Grace v1,CSCO,2026-02-02,2026-04-01,77.40939733330043,77.290485695693,41,-0.0015361395606200423,,0.11085499702934132,-0.03993863184811752,0.12890417613035088,-0.06016397483396563,2026-02-09,2026-02-12,6,36,33,0.010752540266305566,-0.15079362887745884,,0.11239113658996136,85.99061584472655,74.3177719116211,0.11085499702934132,8.0,-0.03993863184811752,0.03840249228749748,0.32558139534883723,sudden,0.09165387879778752,True,True,False,5,12,0.3804070731454279,0.13790905844023493,portfolio removal,-0.051814739044022784,False,True,,0.08576541803299875,0.08576541803299875,0.03225802041048542,0.08806956926264276,-0.001536133414783758,0.07889147692722065,0.07940708801927876,-0.01340076518329425,0.06161888895147216,0.09268376329237116,-0.01340076518329425,0.1545556623754989,0.16589884664991605,-0.01340076518329425,0.5292674319083408,0.5569809785147719,-0.01340076518329425
Dual Momentum - One-Rebalance Winner Grace v1,GS,2025-07-01,2026-05-01,694.0288152349607,912.3789989974781,210,0.3146125621435414,,0.3925814274100303,-0.016158176423628268,0.4051964097430001,-0.023587672926308922,2026-01-15,2025-07-09,138,73,205,0.17296881605591863,-0.27046984659268114,0.8013944119036109,0.07796886526648894,966.4916381835938,682.8145751953125,0.3925814274100303,,,,0.03773584905660377,sudden,0.4087396038336586,True,True,False,1,11,0.46260925062036007,0.28392903823233606,portfolio removal,-0.003387532038166774,False,False,volatile winner,-0.015141200569915192,0.0221469173759532,-0.015141200569915192,0.02542376399150159,-0.0200988414867892,0.010333901914569621,0.03152550247642716,-0.01898739737218702,0.057354865777773156,0.06466603013069783,-0.01898739737218702,0.11911832661173771,0.12092966671473815,-0.01898739737218702,0.11818665608662937,0.23304021819457676,-0.01898739737218702
Dual Momentum - One-Rebalance Winner Grace v1,UNH,2026-05-01,2026-07-01,369.8476329800702,417.1099853515625,41,0.1277887112340641,,0.1569359284543399,-0.02174969883042166,0.1570440216899831,-0.03685879067290132,2026-06-26,2026-05-05,39,3,39,0.02123881595699051,-0.06532965380250966,0.814273139953697,0.0291472172202758,427.8900146484375,361.8035583496094,0.1569359284543399,2.0,-0.02174969883042166,0.14953841006448576,0.11627906976744186,sudden,0.17868562728476156,True,True,False,4,10,0.4217478094785809,0.23252107125743393,portfolio removal,0.024223798387245976,True,False,recovery winner,-0.005968416482213357,-0.0032530483917229125,-0.02174969883042166,0.002527160079042634,-0.03685879067290132,0.02035439344564538,0.03274916482902235,-0.008103316832335117,0.0033804121493781203,0.041212157572582786,-0.008103316832335117,0.008295226904577513,0.10671048723062726,-0.010956287231505102,,,
Dual Momentum - One-Rebalance Winner Grace v1,DOW,2026-04-01,2026-07-01,41.1713489264253,26.799999237060547,62,-0.349061909898723,,0.0,-0.349061909898723,0.018754435468733233,-0.34092515945073676,2026-03-31,2026-07-01,0,63,0,-0.06828567047806355,-0.349061909898723,,0.349061909898723,41.1713489264253,26.799999237060547,0.0,0.0,-0.021639853872972514,-0.3274220560257505,0.984375,sudden,0.0,False,False,True,3,9,0.6384986180218442,0.23610690420475677,portfolio removal,-0.0687542072197368,False,False,,-0.0555422009002966,-0.0043279776657548785,-0.0555422009002966,0.018754435468733233,-0.14041834605121162,0.08320901168165662,0.1156716593179179,0.0,0.10820901524014293,0.16455223779684713,0.0,0.1361940906636847,0.2212686744026262,0.0,,,
